0x140001000	go:buildid
0x140001080	internal/abi.NoEscape
0x1400010a0	internal/abi.Kind.String
0x140001100	internal/abi.TypeOf
0x140001120	internal/abi.(*Type).Kind
0x140001140	internal/abi.(*Type).Len
0x140001160	internal/abi.(*Type).MapType
0x140001180	internal/abi.(*Type).Size
0x1400011a0	internal/abi.(*Type).ExportedMethods
0x140001240	internal/abi.(*Type).NumMethod
0x1400012a0	internal/abi.Name.IsBlank
0x140001320	internal/abi.Name.Name
0x1400013c0	internal/abi.Name.Tag
0x1400014c0	internal/abi.NewName
0x140001940	internal/abi.(*Kind).String
0x1400019c0	internal/abi.(*FuncType).Kind
0x140001a00	internal/abi.(*FuncType).Len
0x140001a40	internal/abi.(*FuncType).NumMethod
0x140001a60	internal/abi.(*FuncType).Size
0x140001a80	internal/abi.(*PtrType).Kind
0x140001ac0	internal/abi.(*PtrType).Len
0x140001b00	internal/abi.(*PtrType).NumMethod
0x140001b20	internal/abi.(*PtrType).Size
0x140001b40	type:.eq.internal/abi.UncommonType
0x140001b80	type:.eq.internal/abi.RegArgs
0x140001bc0	type:.eq.internal/abi.ITab
0x140001c00	internal/cpu.Initialize
0x140001c60	internal/cpu.processOptions
0x1400021a0	internal/cpu.doinit
0x140002a80	internal/cpu.Name
0x140002e60	internal/cpu.cpuid
0x140002e80	internal/cpu.xgetbv
0x140002ea0	internal/cpu.getGOAMD64level
0x140002ec0	type:.eq.internal/cpu.option
0x140002f40	type:.eq.[7]internal/cpu.option
0x140003200	internal/runtime/sys.OnesCount64
0x140003280	type:.eq.internal/runtime/sys.NotInHeap
0x1400032a0	internal/runtime/atomic.(*Int32).Store
0x1400032c0	internal/runtime/atomic.(*Uint64).Store
0x1400032e0	internal/runtime/atomic.(*noCopy).Lock
0x140003300	internal/runtime/atomic.(*noCopy).Unlock
0x140003320	type:.eq.internal/runtime/atomic.Int64
0x140003340	type:.eq.internal/runtime/atomic.Uint64
0x140003360	internal/bytealg.countGeneric
0x1400033a0	internal/bytealg.countGenericString
0x1400033e0	internal/bytealg.init.0
0x140003420	cmpbody
0x140003660	internal/bytealg.Compare
0x140003680	runtime.cmpstring
0x1400036a0	countbody
0x140003880	internal/bytealg.Count
0x1400038c0	internal/bytealg.CountString
0x140003900	memeqbody
0x140003a60	runtime.memequal
0x140003a80	runtime.memequal_varlen
0x140003aa0	indexbody
0x140003dc0	internal/bytealg.Index
0x140003e00	internal/bytealg.IndexString
0x140003e40	indexbytebody
0x140003f80	internal/bytealg.IndexByte
0x140003fa0	internal/bytealg.IndexByteString
0x140003fc0	internal/bytealg.countGeneric
0x140004000	internal/bytealg.countGenericString
0x140004040	internal/runtime/maps.cloneGroup
0x140004220	internal/runtime/maps.NewMap
0x1400044a0	internal/runtime/maps.(*Map).installTableSplit
0x140004720	internal/runtime/maps.(*Map).getWithKey
0x140004840	internal/runtime/maps.(*Map).getWithKeySmall
0x140004980	internal/runtime/maps.(*Map).putSlotSmall
0x140004c40	internal/runtime/maps.(*Map).growToSmall
0x140004cc0	internal/runtime/maps.(*Map).growToTable
0x140004e60	internal/runtime/maps.(*Map).Delete
0x140005000	internal/runtime/maps.(*Map).deleteSmall
0x1400051e0	internal/runtime/maps.(*Map).Clone
0x1400054a0	internal/runtime/maps.mapKeyError2
0x1400056a0	internal/runtime/maps.unhashableTypeError.Error
0x140005700	internal/runtime/maps.(*Map).putSlotSmallFast32
0x140005860	internal/runtime/maps.(*Map).putSlotSmallFast64
0x1400059c0	internal/runtime/maps.(*Map).putSlotSmallFastPtr
0x140005b40	internal/runtime/maps.(*Map).getWithoutKeySmallFastStr
0x140005d60	internal/runtime/maps.(*Map).putSlotSmallFastStr
0x140005f80	internal/runtime/maps.newTable
0x140006080	internal/runtime/maps.(*table).reset
0x1400061a0	internal/runtime/maps.(*table).getWithKey
0x140006380	internal/runtime/maps.(*table).uncheckedPutSlot
0x140006560	internal/runtime/maps.(*table).Delete
0x140006840	internal/runtime/maps.(*table).pruneTombstones
0x140006be0	internal/runtime/maps.(*Iter).Init
0x140006d20	internal/runtime/maps.(*Iter).grownKeyElem
0x140006e20	internal/runtime/maps.(*Iter).Next
0x1400074a0	internal/runtime/maps.(*table).rehash
0x140007500	internal/runtime/maps.(*table).split
0x140007720	internal/runtime/maps.(*table).grow
0x140007900	internal/runtime/maps.(*table).clone
0x140007a40	runtime.mapaccess1_fast32
0x140007c40	runtime.mapaccess2_fast32
0x140007e60	runtime.mapassign_fast32
0x140008200	runtime.mapdelete_fast32
0x140008260	runtime.mapaccess1_fast64
0x140008460	runtime.mapaccess2_fast64
0x140008680	runtime.mapassign_fast64
0x140008a40	runtime.mapassign_fast64ptr
0x140008dc0	runtime.mapdelete_fast64
0x140008e40	runtime.mapaccess1_faststr
0x1400090e0	runtime.mapaccess2_faststr
0x140009380	runtime.mapassign_faststr
0x140009900	runtime.mapdelete_faststr
0x140009980	runtime.mapaccess1
0x140009c40	runtime.mapaccess2
0x140009f00	runtime.mapassign
0x14000a480	internal/runtime/maps.(*unhashableTypeError).Error
0x14000a500	type:.eq.internal/runtime/maps.Map
0x14000a560	type:.eq.internal/runtime/maps.table
0x14000a5c0	type:.eq.internal/godebugs.Info
0x14000a6a0	internal/runtime/strconv.Atoi64
0x14000a780	internal/stringslite.Index
0x14000ade0	internal/stringslite.Cut
0x14000aec0	internal/bytealg.IndexRabinKarp[go.shape.string]
0x14000b120	internal/runtime/exithook.Run
0x14000b2c0	internal/runtime/exithook.Run.deferwrap2
0x14000b300	internal/runtime/exithook.Run.deferwrap1
0x14000b340	internal/runtime/exithook.Run.func1
0x14000b3a0	internal/chacha8rand.(*State).Init
0x14000b440	internal/chacha8rand.(*State).Refill
0x14000b520	internal/chacha8rand.(*State).Reseed
0x14000b620	internal/chacha8rand.(*errUnmarshalChaCha8).Error
0x14000b640	internal/chacha8rand.Unmarshal
0x14000b780	internal/chacha8rand.block
0x14000bd40	type:.eq.internal/chacha8rand.State
0x14000bd80	runtime.init
0x14000bee0	runtime.init.func1
0x14000bf20	runtime.memhash8
0x14000bf60	runtime.memhash16
0x14000bfa0	runtime.memhash128
0x14000bfe0	runtime.memhash_varlen
0x14000c000	runtime.strhashFallback
0x14000c040	runtime.f32hash
0x14000c100	runtime.f64hash
0x14000c1c0	runtime.c64hash
0x14000c220	runtime.c128hash
0x14000c280	runtime.interhash
0x14000c380	runtime.memequal0
0x14000c3a0	runtime.memequal8
0x14000c3c0	runtime.memequal16
0x14000c3e0	runtime.memequal32
0x14000c400	runtime.memequal64
0x14000c420	runtime.memequal128
0x14000c440	runtime.f32equal
0x14000c460	runtime.f64equal
0x14000c480	runtime.c64equal
0x14000c4c0	runtime.c128equal
0x14000c500	runtime.strequal
0x14000c560	runtime.interequal
0x14000c5c0	runtime.nilinterequal
0x14000c620	runtime.efaceeq
0x14000c6e0	runtime.ifaceeq
0x14000c7a0	runtime.alginit
0x14000c840	runtime.init.0
0x14000c8a0	runtime.(*mspan).setUserArenaChunkToFault
0x14000ca40	runtime.(*mspan).setUserArenaChunkToFault.func1
0x14000caa0	runtime.inUserArenaChunk
0x14000cb20	runtime.callbackUpdateSystemStack
0x14000cc40	runtime.cgocallbackg
0x14000cec0	runtime.cgocallbackg1
0x14000d200	runtime.cgocallbackg1.deferwrap2
0x14000d260	runtime.cgocallbackg1.deferwrap1
0x14000d2a0	runtime.unwindm
0x14000d360	runtime.makechan
0x14000d580	runtime.chansend1
0x14000d5a0	runtime.chansend
0x14000db80	runtime.chansend.func1
0x14000dbc0	runtime.send
0x14000dd80	runtime.send.goready.func1
0x14000ddc0	runtime.timerchandrain
0x14000de80	runtime.sendDirect
0x14000df00	runtime.recvDirect
0x14000df80	runtime.closechan
0x14000e400	runtime.closechan.goready.func1
0x14000e440	runtime.empty
0x14000e4c0	runtime.chanrecv1
0x14000e4e0	runtime.chanrecv2
0x14000e500	runtime.chanrecv
0x14000eba0	runtime.chanrecv.func1
0x14000ebe0	runtime.recv
0x14000ee20	runtime.recv.goready.func1
0x14000ee60	runtime.chanparkcommit
0x14000eec0	runtime.selectnbsend
0x14000ef00	runtime.selectnbrecv
0x14000ef40	runtime.chanlen
0x14000efc0	runtime.init.1
0x14000f020	runtime.GOMAXPROCS
0x14000f100	runtime.debugPinnerV1
0x14000f160	runtime.debugCallCheck
0x14000f220	runtime.debugCallCheck.func1
0x14000f540	runtime.debugCallWrap
0x14000f620	runtime.debugCallWrap.func1
0x14000f740	runtime.debugCallWrap1
0x14000f7c0	runtime.debugCallWrap2
0x14000f880	runtime.debugCallWrap2.func1
0x14000f8e0	runtime.dumpregs
0x14000fe60	runtime.gogetenv
0x14000ff80	runtime.(*TypeAssertionError).Error
0x140010320	runtime.errorString.Error
0x140010380	runtime.errorAddressString.Error
0x1400103e0	runtime.plainError.Error
0x140010400	runtime.boundsError.Error
0x140010be0	runtime.printpanicval
0x140011000	runtime.printanycustomtype
0x140011720	runtime.printindented
0x140011860	runtime.panicwrap
0x140011c40	runtime.Caller
0x140011e20	runtime.memhashFallback
0x140011fe0	runtime.memhash32Fallback
0x140012020	runtime.memhash64Fallback
0x140012060	runtime.(*timeHistogram).record
0x1400120e0	runtime.(*timeHistogram).write
0x1400122c0	runtime.timeHistogramMetricsBuckets
0x1400123c0	runtime.(*itabTableType).find
0x140012420	runtime.itabAdd
0x1400125a0	runtime.(*itabTableType).add
0x140012600	runtime.itabInit
0x140012a00	runtime.itabsinit
0x140012ae0	runtime.panicdottypeE
0x140012ba0	runtime.panicdottypeI
0x140012c60	runtime.panicnildottype
0x140012ce0	runtime.convT
0x140012d60	runtime.convTnoptr
0x140012de0	runtime.convT16
0x140012e60	runtime.convT32
0x140012ec0	runtime.typeAssert
0x140013060	runtime.buildTypeAssertCache
0x140013280	runtime.interfaceSwitch
0x140013460	runtime.buildInterfaceSwitchCache
0x1400136a0	runtime.unreachableMethod
0x1400136e0	runtime.(*lfstack).push
0x140013760	runtime.lfnodeValidate
0x1400137e0	runtime.notewakeup
0x140013860	runtime.notesleep
0x1400139a0	runtime.notetsleep_internal
0x140013c20	runtime.notetsleep
0x140013ca0	runtime.notetsleepg
0x140013d40	runtime.lockVerifyMSize
0x140013e20	runtime.lock
0x140013e60	runtime.lock2
0x1400142e0	runtime.unlock
0x140014320	runtime.unlock2
0x140014500	runtime.unlock2Wake
0x1400147c0	runtime.lockRank.String
0x140014820	runtime.mallocinit
0x140014be0	runtime.(*mheap).sysAlloc
0x140015380	runtime.(*mheap).enableMetadataHugePages
0x140015420	runtime.(*mcache).nextFree
0x140015620	runtime.mallocgcTiny
0x140015900	runtime.mallocgcSmallNoscan
0x140015c20	runtime.mallocgcSmallScanNoHeader
0x140015f60	runtime.mallocgcSmallScanHeader
0x1400162c0	runtime.mallocgcLarge
0x140016540	runtime.preMallocgcDebug
0x140016600	runtime.postMallocgcDebug
0x140016740	runtime.deductAssistCredit
0x1400167a0	runtime.memclrNoHeapPointersChunked
0x140016840	runtime.newobject
0x140016880	runtime.profilealloc
0x140016960	runtime.fastexprand
0x140016a80	runtime.persistentalloc
0x140016b00	runtime.persistentalloc.func1
0x140016b40	runtime.persistentalloc1
0x140016e20	runtime.(*linearAlloc).alloc
0x140016f40	runtime.mapIterStart
0x140016fa0	runtime.mapIterNext
0x140016fe0	runtime.wbZero
0x140017000	runtime.wbMove
0x140017040	runtime.reflectcallmove
0x140017140	runtime.typedmemclr
0x1400171a0	runtime.(*mspan).typePointersOf
0x140017240	runtime.(*mspan).typePointersOfUnchecked
0x140017300	runtime.(*mspan).typePointersOfType
0x140017380	runtime.typePointers.next
0x1400174e0	runtime.typePointers.fastForward
0x140017760	runtime.bulkBarrierPreWrite
0x140017ac0	runtime.bulkBarrierPreWriteSrcOnly
0x140017c60	runtime.(*mspan).initHeapBits
0x140017ce0	runtime.(*mspan).heapBits
0x140017d40	runtime.(*mspan).heapBitsSmallForAddr
0x140017e20	runtime.(*mspan).writeHeapBitsSmall
0x140017fe0	runtime.(*mspan).refillAllocCache
0x140018000	runtime.(*mspan).nextFreeIndex
0x140018140	runtime.badPointer
0x140018380	runtime.bulkBarrierBitmap
0x140018520	runtime.typeBitsBulkBarrier
0x140018720	runtime.progToPointerMask
0x140018800	runtime.runGCProg
0x140018c00	runtime.allocmcache
0x140018cc0	runtime.allocmcache.func1
0x140018d40	runtime.(*mcache).refill
0x140018fa0	runtime.(*mcache).allocLarge
0x140019160	runtime.(*mcache).releaseAll
0x140019360	runtime.(*mcache).prepareForSweep
0x140019440	runtime.(*mcentral).cacheSpan
0x1400198c0	runtime.(*mcentral).uncacheSpan
0x1400199a0	runtime.(*mcentral).grow
0x140019a20	runtime.startCheckmarks
0x140019b00	runtime.endCheckmarks
0x140019b80	runtime.setCheckmark
0x140019d20	runtime.getCheckmark
0x140019de0	runtime.runCheckmark
0x140019ea0	runtime.checkFinalizersAndCleanups
0x14001a680	runtime.checkFinalizersAndCleanups.func1
0x14001a860	runtime.checkFinalizersAndCleanups.func1.1
0x14001a8e0	runtime.forEachSpecial
0x14001aa60	runtime.(*cleanupQueue).enqueue
0x14001ac60	runtime.(*cleanupQueue).dequeue
0x14001ada0	runtime.(*cleanupQueue).flush
0x14001b100	runtime.(*cleanupQueue).wake
0x14001b260	runtime.(*cleanupQueue).needG
0x14001b2c0	runtime.(*cleanupQueue).createGs
0x14001b3a0	runtime.runCleanups
0x14001b560	runtime.sysAlloc
0x14001b600	runtime.sysFree
0x14001b660	runtime.sysReserveAligned
0x14001b7c0	runtime.sysUnusedOS
0x14001b980	runtime.sysUsedOS
0x14001bbe0	runtime.sysFreeOS
0x14001bcc0	runtime.sysReserveOS
0x14001bdc0	runtime.initMetrics
0x14001d600	runtime.compute0
0x14001d620	runtime.queuefinalizer
0x14001d880	runtime.createfing
0x14001d8e0	runtime.finalizercommit
0x14001d940	runtime.finReadQueueStats
0x14001d9a0	runtime.runFinalizers
0x14001dec0	runtime.isGoPointerWithoutSpan
0x14001df60	runtime.SetFinalizer
0x14001e600	runtime.SetFinalizer.func2
0x14001e6c0	runtime.SetFinalizer.func1
0x14001e720	runtime.(*fixalloc).init
0x14001e840	runtime.(*fixalloc).alloc
0x14001e960	runtime.(*fixalloc).free
0x14001e980	runtime.gcinit
0x14001ea00	runtime.gcenable
0x14001eae0	runtime.gcenable.gowrap2
0x14001eb40	runtime.gcenable.gowrap1
0x14001eba0	runtime.pollFractionalWorkerExit
0x14001ec60	runtime.gcTrigger.test
0x14001ed60	runtime.gcStart
0x14001f460	runtime.gcStart.func4
0x14001f4e0	runtime.gcStart.func2
0x14001f540	runtime.gcStart.func1
0x14001f5a0	runtime.gcMarkDone
0x14001f940	runtime.gcMarkDone.func4
0x14001f9e0	runtime.gcMarkDone.func3
0x14001faa0	runtime.gcMarkDone.func2
0x14001fb00	runtime.gcMarkDone.forEachP.func5
0x14001fb80	runtime.gcMarkTermination
0x140020c80	runtime.gcMarkTermination.forEachP.func6
0x140020d00	runtime.gcMarkTermination.func3
0x140020d40	runtime.gcMarkTermination.func2
0x140020e00	runtime.gcMarkTermination.func1
0x140020e40	runtime.gcBgMarkStartWorkers
0x140020fa0	runtime.gcBgMarkStartWorkers.gowrap1
0x140021000	runtime.gcBgMarkWorker
0x1400214e0	runtime.gcBgMarkWorker.func2
0x140021680	runtime.gcMark
0x140021ac0	runtime.gcSweep
0x140021d00	runtime.gcResetMarkState
0x140021e00	runtime.clearpools
0x140021fa0	runtime.fmtNSAsMS
0x1400221a0	runtime.(*gcCPULimiterState).startGCTransition
0x140022260	runtime.(*gcCPULimiterState).finishGCTransition
0x140022320	runtime.(*gcCPULimiterState).update
0x1400223c0	runtime.(*gcCPULimiterState).updateLocked
0x1400225e0	runtime.(*gcCPULimiterState).accumulate
0x140022680	runtime.(*gcCPULimiterState).resetCapacity
0x140022780	runtime.(*limiterEvent).consume
0x140022820	runtime.(*limiterEvent).stop
0x1400229a0	runtime.gcPrepareMarkRoots
0x140022b60	runtime.gcMarkRootCheck
0x140022c20	runtime.gcMarkRootCheck.func1
0x140022d40	runtime.markroot
0x1400231e0	runtime.markroot.func1
0x140023320	runtime.markrootBlock
0x1400233c0	runtime.markrootFreeGStacks
0x140023500	runtime.markrootSpans
0x1400237e0	runtime.gcScanFinalizer
0x1400238a0	runtime.gcAssistAlloc
0x140023e80	runtime.gcAssistAlloc.func2
0x140023ec0	runtime.gcAssistAlloc.func1
0x140023f20	runtime.gcAssistAlloc1
0x1400242a0	runtime.gcWakeAllAssists
0x140024320	runtime.gcParkAssist
0x140024460	runtime.gcFlushBgCredit
0x140024600	runtime.scanstack
0x140024d20	runtime.scanframeworker
0x140024f60	runtime.gcDrain
0x1400253a0	runtime.gcDrainN
0x1400255c0	runtime.scanblock
0x140025720	runtime.scanobject
0x140025a40	runtime.scanConservative
0x140025c80	runtime.shade
0x140025d00	runtime.greyobject
0x1400260a0	runtime.gcDumpObject
0x1400264e0	runtime.gcmarknewobject
0x140026620	runtime.gcMarkTinyAllocs
0x1400266e0	runtime.(*gcControllerState).init
0x140026780	runtime.(*gcControllerState).startCycle
0x140026aa0	runtime.(*gcControllerState).revise
0x140026c60	runtime.(*gcControllerState).endCycle
0x1400270a0	runtime.(*gcControllerState).enlistWorker
0x1400271e0	runtime.(*gcControllerState).findRunnableGCWorker
0x140027540	runtime.(*gcControllerState).resetLive
0x140027640	runtime.(*gcControllerState).markWorkerStop
0x1400276e0	runtime.(*gcControllerState).update
0x140027820	runtime.(*gcControllerState).heapGoalInternal
0x1400278a0	runtime.(*gcControllerState).memoryLimitHeapGoal
0x140027960	runtime.(*gcControllerState).trigger
0x140027ae0	runtime.(*gcControllerState).commit
0x140027be0	runtime.readGOGC
0x140027c60	runtime.readGOMEMLIMIT
0x140027d20	runtime.(*gcControllerState).addIdleMarkWorker
0x140027e00	runtime.(*gcControllerState).removeIdleMarkWorker
0x140027ee0	runtime.(*gcControllerState).setMaxIdleMarkWorkers
0x140027fc0	runtime.gcControllerCommit
0x1400280c0	runtime.gcPaceScavenger
0x140028260	runtime.(*scavengerState).init
0x140028440	runtime.(*scavengerState).park
0x1400284c0	runtime.(*scavengerState).wake
0x140028560	runtime.(*scavengerState).sleep
0x1400287c0	runtime.(*scavengerState).controllerFailed
0x140028820	runtime.(*scavengerState).run
0x1400289e0	runtime.bgscavenge
0x140028a80	runtime.(*pageAlloc).scavenge
0x140028ba0	runtime.(*pageAlloc).scavenge.func1
0x140028c00	runtime.printScavTrace
0x140028de0	runtime.(*pageAlloc).scavengeOne
0x1400291c0	runtime.fillAligned
0x140029360	runtime.(*pallocData).findScavengeCandidate
0x1400296c0	runtime.(*scavengeIndex).init
0x1400297a0	runtime.(*scavengeIndex).grow
0x140029820	runtime.(*scavengeIndex).find
0x1400299e0	runtime.(*scavengeIndex).alloc
0x140029ae0	runtime.(*scavengeIndex).free
0x140029c60	runtime.(*scavengeIndex).nextGen
0x140029ca0	runtime.(*scavengeIndex).setEmpty
0x140029d60	runtime.(*scavChunkData).alloc
0x140029e60	runtime.(*scavChunkData).free
0x140029f40	runtime.(*piController).next
0x14002a060	runtime.(*stackScanState).putPtr
0x14002a180	runtime.(*stackScanState).getPtr
0x14002a2a0	runtime.(*stackScanState).addObject
0x14002a400	runtime.binarySearchTree
0x14002a520	runtime.(*mheap).nextSpanForSweep
0x14002a6a0	runtime.(*activeSweep).end
0x14002a840	runtime.finishsweep_m
0x14002a920	runtime.bgsweep
0x14002aac0	runtime.(*sweepLocker).tryAcquire
0x14002ab60	runtime.sweepone
0x14002adc0	runtime.(*mspan).ensureSwept
0x14002af20	runtime.(*sweepLocked).sweep
0x14002be80	runtime.(*sweepLocked).sweep.(*mheap).freeSpan.func3
0x14002bf40	runtime.(*sweepLocked).sweep.(*mheap).freeSpan.func2
0x14002c000	runtime.(*sweepLocked).sweep.func1
0x14002c0a0	runtime.(*mspan).reportZombies
0x14002c3a0	runtime.deductSweepCredit
0x14002c5e0	runtime.gcPaceSweeper
0x14002c680	runtime.(*gcWork).init
0x14002c6e0	runtime.(*gcWork).putObj
0x14002c800	runtime.(*gcWork).putObjBatch
0x14002c9e0	runtime.(*gcWork).tryGetObj
0x14002cac0	runtime.(*gcWork).dispose
0x14002cba0	runtime.(*gcWork).balance
0x14002cc60	runtime.getempty
0x14002ce60	runtime.getempty.func1
0x14002cec0	runtime.putempty
0x14002cf20	runtime.putfull
0x14002cf80	runtime.trygetfull
0x14002d000	runtime.handoff
0x14002d0a0	runtime.prepareFreeWorkbufs
0x14002d1a0	runtime.freeSomeWbufs
0x14002d280	runtime.freeSomeWbufs.func1
0x14002d320	runtime.recordspan
0x14002d4e0	runtime.spanOfHeap
0x14002d580	runtime.(*mheap).init
0x14002d780	runtime.(*mheap).reclaim
0x14002dac0	runtime.(*mheap).reclaimChunk
0x14002df80	runtime.(*mheap).alloc
0x14002e020	runtime.(*mheap).alloc.func1
0x14002e0a0	runtime.(*mheap).allocManual
0x14002e100	runtime.(*mheap).setSpans
0x14002e1e0	runtime.(*mheap).allocNeedsZero
0x14002e340	runtime.(*mheap).allocMSpanLocked
0x14002e420	runtime.(*mheap).allocSpan
0x14002ea60	runtime.(*mheap).initSpan
0x14002ed40	runtime.(*mheap).grow
0x14002f000	runtime.(*mheap).freeManual
0x14002f140	runtime.(*mheap).freeSpanLocked
0x14002f4e0	runtime.(*mspan).init
0x14002f540	runtime.(*mSpanList).remove
0x14002f6c0	runtime.(*mSpanList).insert
0x14002f7c0	runtime.addspecial
0x14002fa00	runtime.removespecial
0x14002fbe0	runtime.addfinalizer
0x14002fe00	runtime.removefinalizer
0x14002fea0	runtime.addCleanup
0x140030000	runtime.setCleanupContext
0x140030140	runtime.getCleanupContext
0x140030240	runtime.clearCleanupContext
0x1400304c0	runtime.setTinyBlockContext
0x140030580	runtime.gcParkStrongFromWeak
0x140030680	runtime.gcWakeAllStrongFromWeak
0x140030700	runtime.getOrAddWeakHandle
0x140030900	runtime.getWeakHandle
0x140030ae0	runtime.(*immortalWeakHandleMap).getOrAdd
0x140030be0	runtime.setprofilebucket
0x140030ca0	runtime.freeSpecial
0x140030fe0	runtime.newMarkBits
0x1400312e0	runtime.nextMarkBitArenaEpoch
0x1400313a0	runtime.newArenaMayUnlock
0x140031460	runtime.(*pageAlloc).init
0x140031620	runtime.(*pageAlloc).grow
0x1400318c0	runtime.(*pageAlloc).enableChunkHugePages
0x1400319e0	runtime.(*pageAlloc).update
0x140031fa0	runtime.(*pageAlloc).allocRange
0x1400323c0	runtime.(*pageAlloc).findMappedAddr
0x140032480	runtime.(*pageAlloc).find
0x140033000	runtime.(*pageAlloc).find.func1
0x140033180	runtime.(*pageAlloc).alloc
0x140033440	runtime.(*pageAlloc).free
0x1400337e0	runtime.mergeSummaries
0x140033940	runtime.(*pageAlloc).sysInit
0x140033a80	runtime.(*pageAlloc).sysGrow
0x140033fe0	runtime.(*scavengeIndex).sysGrow
0x1400342e0	runtime.(*scavengeIndex).sysInit
0x140034380	runtime.(*pageCache).alloc
0x140034420	runtime.(*pageCache).allocN
0x140034560	runtime.(*pageCache).flush
0x1400347a0	runtime.(*pageAlloc).allocToCache
0x140034ac0	runtime.(*pageBits).setRange
0x140034bc0	runtime.(*pageBits).clearRange
0x140034d40	runtime.(*pageBits).popcntRange
0x140034f60	runtime.(*pallocBits).summarize
0x140035140	runtime.(*pallocBits).find
0x1400351e0	runtime.(*pallocBits).findSmallN
0x1400352e0	runtime.(*pallocBits).findLargeN
0x140035400	runtime.(*pallocData).allocRange
0x140035480	runtime.newBucket
0x140035520	runtime.(*bucket).stk
0x140035580	runtime.(*bucket).mp
0x1400355e0	runtime.(*bucket).bp
0x140035640	runtime.stkbucket
0x140035a60	runtime.mProf_Flush
0x140035b40	runtime.mProf_FlushLocked
0x140035c00	runtime.mProf_Malloc
0x140035e00	runtime.mProf_Malloc.func1
0x140035e40	runtime.mProf_Free
0x140035f20	runtime.blocksampled
0x140035fe0	runtime.saveblockevent
0x1400362a0	runtime.fpTracebackPartialExpand
0x1400364c0	runtime.(*mLockProfile).start
0x140036540	runtime.(*mLockProfile).recordUnlock
0x140036700	runtime.(*mLockProfile).captureStack
0x140036800	runtime.(*mLockProfile).captureStack.func1
0x140036900	runtime.(*mLockProfile).storeSlow
0x140036a60	runtime.saveBlockEventStack
0x140036ba0	runtime.tryRecordGoroutineProfileWB
0x140036c00	runtime.tryRecordGoroutineProfile
0x140036da0	runtime.doRecordGoroutineProfile
0x140036f60	runtime.doRecordGoroutineProfile.func1
0x140036fc0	runtime.saveg
0x140037200	runtime.makeAddrRange
0x140037280	runtime.addrRange.subtract
0x140037360	runtime.(*addrRanges).init
0x140037400	runtime.(*addrRanges).findSucc
0x1400374e0	runtime.(*addrRanges).findAddrGreaterEqual
0x1400375e0	runtime.(*addrRanges).add
0x140037b20	runtime.(*addrRanges).cloneInto
0x140037be0	runtime.(*spanSet).push
0x140037da0	runtime.(*spanSet).pop
0x140037ee0	runtime.(*spanSet).reset
0x140038020	runtime.(*spanSetBlockAlloc).alloc
0x1400380c0	runtime.(*atomicHeadTailIndex).incTail
0x140038160	runtime.init.4
0x140038180	runtime.(*sysMemStat).add
0x140038240	runtime.(*consistentHeapStats).acquire
0x140038320	runtime.(*consistentHeapStats).release
0x1400383c0	runtime.(*cpuStats).accumulate
0x140038480	runtime.(*wbBuf).reset
0x1400384a0	runtime.wbBufFlush
0x140038500	runtime.wbBufFlush1
0x1400387a0	runtime.(*pollDesc).publishInfo
0x140038800	runtime.(*pollDesc).setEventErr
0x140038880	runtime.netpollGenericInit
0x1400388e0	runtime.(*pollCache).free
0x140038980	runtime.netpollready
0x140038aa0	runtime.netpollblockcommit
0x140038ae0	runtime.netpollgoready
0x140038b60	runtime.netpollgoready.goready.func1
0x140038ba0	runtime.netpollblock
0x140038d20	runtime.netpolldeadlineimpl
0x140038f60	runtime.netpollDeadline
0x140038fe0	runtime.netpollReadDeadline
0x140039060	runtime.netpollWriteDeadline
0x1400390e0	runtime.(*pollCache).alloc
0x140039220	runtime.packNetpollKey
0x140039280	runtime.netpollinit
0x140039360	runtime.netpollopen
0x140039420	runtime.netpollBreak
0x140039540	runtime.netpoll
0x140039960	runtime.netpollQueueTimer
0x140039c00	runtime.windowsFindfunc
0x140039cc0	runtime.initSysDirectory
0x140039d60	runtime.loadOptionalSyscalls
0x14003a000	runtime.monitorSuspendResume
0x14003a120	runtime.getCPUCount
0x14003a220	runtime.osRelax
0x14003a2e0	runtime.initHighResTimer
0x14003a540	runtime.initLongPathSupport
0x14003a620	runtime.osinit
0x14003a740	runtime.readRandom
0x14003a7c0	runtime.goenvs
0x14003aa00	runtime.exit
0x14003aa60	runtime.write1
0x14003ac00	runtime.writeConsole
0x14003ae40	runtime.writeConsoleUTF16
0x14003af00	runtime.semasleep
0x14003b160	runtime.semasleep.func3
0x14003b1c0	runtime.semawakeup
0x14003b240	runtime.semacreate
0x14003b380	runtime.newosproc
0x14003b4e0	runtime.minit
0x14003ba20	runtime.unminit
0x14003bac0	runtime.mdestroy
0x14003bc40	runtime.stdcall_no_g
0x14003bc80	runtime.stdcall
0x14003bd40	runtime.stdcall0
0x14003bd60	runtime.stdcall1
0x14003bde0	runtime.stdcall2
0x14003be60	runtime.stdcall3
0x14003bee0	runtime.stdcall4
0x14003bf60	runtime.stdcall5
0x14003bfe0	runtime.stdcall6
0x14003c060	runtime.stdcall7
0x14003c0e0	runtime.stdcall8
0x14003c160	runtime.osyield
0x14003c1a0	runtime.usleep_no_g
0x14003c200	runtime.ctrlHandler
0x14003c2a0	runtime.setThreadCPUProfiler
0x14003c380	runtime.preemptM
0x14003c860	runtime.osPreemptExtEnter
0x14003c8c0	runtime.panicCheck1
0x14003c980	runtime.panicCheck2
0x14003c9e0	runtime.goPanicIndex
0x14003ca80	runtime.goPanicIndexU
0x14003cb20	runtime.goPanicSliceAlen
0x14003cbc0	runtime.goPanicSliceAlenU
0x14003cc60	runtime.goPanicSliceAcap
0x14003cd00	runtime.goPanicSliceAcapU
0x14003cda0	runtime.goPanicSliceB
0x14003ce40	runtime.goPanicSliceBU
0x14003cee0	runtime.goPanicSlice3Alen
0x14003cf80	runtime.goPanicSlice3Acap
0x14003d020	runtime.goPanicSlice3B
0x14003d0c0	runtime.goPanicSlice3C
0x14003d160	runtime.goPanicSliceConvert
0x14003d200	runtime.panicshift
0x14003d260	runtime.panicdivide
0x14003d2c0	runtime.panicoverflow
0x14003d320	runtime.deferproc
0x14003d400	runtime.panicrangestate
0x14003d4e0	runtime.deferconvert
0x14003d5c0	runtime.deferprocStack
0x14003d620	runtime.newdefer
0x14003d820	runtime.popDefer
0x14003db00	runtime.deferreturn
0x14003db80	runtime.preprintpanics
0x14003dd20	runtime.printpanics
0x14003de60	runtime.(*PanicNilError).Error
0x14003de80	runtime.(*_panic).start
0x14003e000	runtime.(*_panic).nextDefer
0x14003e1a0	runtime.(*_panic).nextFrame
0x14003e240	runtime.(*_panic).nextFrame.func1
0x14003e3c0	runtime.(*_panic).initOpenCodedDefers
0x14003e600	runtime.gorecover
0x14003e640	runtime.throw.func1
0x14003e6c0	runtime.fatal
0x14003e760	runtime.fatal.func1
0x14003e7e0	runtime.recovery
0x14003eac0	runtime.fatalthrow
0x14003eb40	runtime.fatalthrow.func1
0x14003ebc0	runtime.fatalpanic
0x14003ec80	runtime.fatalpanic.func1
0x14003ed60	runtime.startpanic_m
0x14003eec0	runtime.dopanic_m
0x14003f1e0	runtime.dopanic_m.func1
0x14003f200	runtime.canpanic
0x14003f340	runtime.isAbortPC
0x14003f380	runtime.(*Pinner).Pin
0x14003f5a0	runtime.(*Pinner).Unpin
0x14003f660	runtime.(*pinner).unpin
0x14003f760	runtime.pinnerGetPtr
0x14003f840	runtime.setPinned
0x14003fb00	runtime.setPinned.func2
0x14003fb60	runtime.setPinned.func1
0x14003fba0	runtime.(*mspan).refreshPinnerBits
0x14003fce0	runtime.(*mspan).incPinCounter
0x14003fe60	runtime.(*mspan).decPinCounter
0x140040020	runtime.suspendG
0x140040580	runtime.resumeG
0x140040740	runtime.asyncPreempt2
0x1400407a0	runtime.init.5
0x140040860	runtime.isAsyncSafePoint
0x140040b80	runtime.recordForPanic
0x140040d20	runtime.printlock
0x140040d80	runtime.printunlock
0x140040de0	runtime.gwrite
0x140040f20	runtime.printsp
0x140040f60	runtime.printnl
0x140040fa0	runtime.printbool
0x140041000	runtime.printfloat
0x140041240	runtime.printcomplex
0x1400412e0	runtime.printuint
0x1400413c0	runtime.printint
0x140041420	runtime.printhex
0x140041520	runtime.printpointer
0x140041560	runtime.printuintptr
0x1400415a0	runtime.printstring
0x140041600	runtime.printslice
0x1400416e0	runtime.hexdumpWords
0x140041940	runtime.main
0x140041d20	runtime.main.func2
0x140041d60	runtime.init.6
0x140041de0	runtime.init.7
0x140041e20	runtime.forcegchelper
0x140041f40	runtime.Gosched
0x140041f60	runtime.goschedIfBusy
0x140041fa0	runtime.acquireSudog
0x140042280	runtime.releaseSudog
0x140042580	runtime.badmcall
0x1400425c0	runtime.badmcall2
0x140042600	runtime.badreflectcall
0x140042640	runtime.badmorestackg0
0x140042680	runtime.badmorestackgsignal
0x1400426c0	runtime.allgadd
0x140042820	runtime.forEachG
0x1400428c0	runtime.forEachGRace
0x140042940	runtime.schedinit
0x140042d00	runtime.checkmcount
0x140042da0	runtime.mReserveID
0x140042e00	runtime.mcommoninit
0x140043040	runtime.(*m).snapshotAllp
0x1400430c0	runtime.(*m).clearAllpSnapshot
0x140043120	runtime.ready
0x1400433c0	runtime.freezetheworld
0x140043520	runtime.freezetheworld.usleep.func4
0x140043600	runtime.freezetheworld.usleep.func3
0x1400436e0	runtime.freezetheworld.usleep.func2
0x1400437c0	runtime.freezetheworld.usleep.func1
0x1400438a0	runtime.casfrom_Gscanstatus
0x140043ca0	runtime.castogscanstatus
0x140043da0	runtime.casgstatus
0x1400441c0	runtime.casgstatus.func3
0x140044200	runtime.casgstatus.func1
0x1400442a0	runtime.casGToWaitingForSuspendG
0x140044320	runtime.casGToPreemptScan
0x1400443c0	runtime.casGFromPreempted
0x140044460	runtime.stopTheWorld
0x140044580	runtime.stopTheWorld.func1
0x1400445c0	runtime.startTheWorld
0x1400446e0	runtime.startTheWorld.func1
0x140044720	runtime.stopTheWorldGC
0x140044780	runtime.startTheWorldGC
0x1400447e0	runtime.stopTheWorldWithSema
0x140044d40	runtime.startTheWorldWithSema
0x140045000	runtime.mstart0
0x140045080	runtime.mstart1
0x140045180	runtime.mstartm0
0x1400451c0	runtime.mexit
0x140045440	runtime.forEachPInternal
0x1400458a0	runtime.runSafePointFn
0x140045940	runtime.allocm
0x140045c20	runtime.allocm.func1
0x140045c60	runtime.needm
0x140045e20	runtime.needAndBindM
0x140045e60	runtime.newextram
0x140045ec0	runtime.oneNewExtraM
0x140046020	runtime.dropm
0x1400461e0	runtime.cgoBindM
0x140046260	runtime.lockextra
0x140046320	runtime.getExtraM
0x140046380	runtime.addExtraM
0x1400463e0	runtime.newm
0x140046560	runtime.newm1
0x140046660	runtime.startTemplateThread
0x140046740	runtime.templateThread
0x140046840	runtime.stopm
0x140046960	runtime.mspinning
0x140046980	runtime.startm
0x140046c60	runtime.handoffp
0x140046fc0	runtime.stoplockedm
0x140047240	runtime.startlockedm
0x1400472e0	runtime.gcstopm
0x140047400	runtime.execute
0x1400475e0	runtime.findRunnable
0x140048940	runtime.pollWork
0x140048a40	runtime.stealWork
0x140048e40	runtime.checkRunqsNoP
0x140048f80	runtime.checkTimersNoP
0x140049020	runtime.checkIdleGCNoP
0x1400491e0	runtime.wakeNetPoller
0x140049240	runtime.resetspinning
0x1400492c0	runtime.injectglist
0x140049680	runtime.schedule
0x1400498e0	runtime.parkunlock_c
0x140049920	runtime.park_m
0x140049bc0	runtime.goschedImpl
0x140049ec0	runtime.gosched_m
0x140049f00	runtime.goschedguarded_m
0x140049fa0	runtime.gopreempt_m
0x140049fe0	runtime.preemptPark
0x14004a2c0	runtime.goyield_m
0x14004a400	runtime.goexit1
0x14004a4c0	runtime.goexit0
0x14004a500	runtime.gdestroy
0x14004a800	runtime.save
0x14004a860	runtime.reentersyscall
0x14004ab40	runtime.reentersyscall.func3
0x14004abe0	runtime.reentersyscall.func2
0x14004acc0	runtime.reentersyscall.func1
0x14004ada0	runtime.entersyscall_sysmon
0x14004ae00	runtime.entersyscall_gcwait
0x14004afc0	runtime.entersyscallblock.func3
0x14004b0c0	runtime.entersyscallblock.func2
0x14004b1c0	runtime.entersyscallblock.func1
0x14004b2c0	runtime.entersyscallblock_handoff
0x14004b380	runtime.exitsyscall.func2
0x14004b3e0	runtime.exitsyscall.func1
0x14004b420	runtime.exitsyscallfast
0x14004b5e0	runtime.exitsyscallfast.func1
0x14004b620	runtime.exitsyscallfast_reacquired
0x14004b6c0	runtime.exitsyscallfast_reacquired.func1
0x14004b720	runtime.exitsyscallfast_pidle
0x14004b7c0	runtime.exitsyscall0
0x14004ba00	runtime.malg
0x14004bae0	runtime.malg.func1
0x14004bb20	runtime.newproc
0x14004bba0	runtime.newproc.func1
0x14004bc20	runtime.newproc1
0x14004c0e0	runtime.saveAncestors
0x14004c3a0	runtime.gfput
0x14004c5e0	runtime.gfget
0x14004c7c0	runtime.gfget.func2
0x14004c800	runtime.gfget.func1
0x14004c860	runtime.gfpurge
0x14004c9e0	runtime.LockOSThread
0x14004ca60	runtime.UnlockOSThread
0x14004cac0	runtime.unlockOSThread
0x14004cb40	runtime.badunlockosthread
0x14004cb80	runtime._LostContendedRuntimeLock
0x14004cba0	runtime.(*p).init
0x14004cd20	runtime.(*p).destroy
0x14004cfc0	runtime.(*p).destroy.freemcache.func2
0x14004d020	runtime.(*p).destroy.func1
0x14004d100	runtime.procresize
0x14004dae0	runtime.acquirep
0x14004dba0	runtime.wirep
0x14004dc60	runtime.wirep.func2
0x14004dd40	runtime.releasep
0x14004de00	runtime.releasepNoTrace
0x14004df40	runtime.incidlelocked
0x14004dfa0	runtime.checkdead
0x14004e2e0	runtime.checkdead.func1
0x14004e3e0	runtime.sysmon
0x14004e8e0	runtime.sysmon.usleep.func1
0x14004e9c0	runtime.retake
0x14004ecc0	runtime.preemptall
0x14004ed40	runtime.preemptone
0x14004ede0	runtime.schedtrace
0x14004f780	runtime.defaultGOMAXPROCSUpdateEnable
0x14004f7e0	runtime.updateMaxProcsGoroutine
0x14004f960	runtime.sysmonUpdateGOMAXPROCS
0x14004faa0	runtime.schedEnableUser
0x14004fbe0	runtime.mput
0x14004fc20	runtime.globrunqgetbatch
0x14004fd40	runtime.pidleput
0x14004ff20	runtime.pidleget
0x1400500a0	runtime.pidlegetSpinning
0x140050100	runtime.runqput
0x1400501e0	runtime.runqputslow
0x1400503a0	runtime.runqputbatch
0x140050420	runtime.runqdrain
0x140050560	runtime.runqgrab
0x140050700	runtime.runqsteal
0x1400507e0	runtime.doInit1
0x140050d00	runtime.(*profBuf).close
0x140050d60	runtime.(*profBuf).wakeupExtra
0x140050dc0	runtime.(*profBuf).read
0x1400513a0	runtime.randinit
0x1400516c0	runtime.readTimeRandom
0x1400517e0	runtime.bootstrapRand
0x140051880	runtime.bootstrapRandReseed
0x140051900	runtime.mrandinit
0x1400519e0	runtime.(*ticksType).init
0x140051a80	runtime.ticksPerSecond
0x140051be0	runtime.(*godebugInc).IncNonDefault
0x140051ce0	runtime.godebugNotify
0x140051d80	runtime.writeErrData
0x140051e00	runtime.args
0x140051e60	runtime.testAtomic64
0x140052060	runtime.check
0x140052440	runtime.parseRuntimeDebugVars
0x140052580	runtime.finishDebugVarsSetup
0x140052620	runtime.reparsedebugvars
0x1400527c0	runtime.parsegodebug
0x140052c00	runtime.waitReason.String
0x140052c40	runtime.getcallerfp
0x140052c60	runtime.(*rwmutex).rlock
0x140052ce0	runtime.(*rwmutex).rlock.func1
0x140052d80	runtime.(*rwmutex).runlock
0x140052e60	runtime.sellock
0x140052f40	runtime.selunlock
0x140053040	runtime.selparkcommit
0x1400530e0	runtime.selectgo
0x140054760	runtime.selectgo.func3
0x1400547a0	runtime.selectgo.func2
0x1400547e0	runtime.readyWithTime
0x1400548a0	runtime.readyWithTime.goready.func1
0x1400548e0	runtime.semacquire1
0x140054c40	runtime.semrelease1
0x140054e80	runtime.(*semaRoot).queue
0x140055260	runtime.(*semaRoot).dequeue
0x1400555c0	runtime.(*semaRoot).rotateLeft
0x140055720	runtime.(*semaRoot).rotateRight
0x140055880	runtime.preventErrorDialogs
0x140055960	runtime.enableWER
0x1400559e0	runtime.initExceptionHandler
0x140055ac0	runtime.sigtrampgo
0x140055c20	runtime.sigtrampgo.func1
0x140055c80	runtime.exceptionhandler
0x140055e20	runtime.sehhandler
0x140055f60	runtime.firstcontinuehandler
0x140056040	runtime.lastcontinuehandler
0x140056080	runtime.winthrow
0x140056300	runtime.sigpanic
0x140056580	runtime.dieFromException
0x1400566c0	runtime.sigsend
0x140056820	runtime.panicmakeslicelen
0x140056860	runtime.panicmakeslicecap
0x1400568a0	runtime.makeslicecopy
0x140056a20	runtime.slicecopy
0x140056ae0	runtime.stackpoolalloc
0x140056c80	runtime.stackpoolfree
0x140056e20	runtime.stackcacherefill
0x140056f20	runtime.stackcacherelease
0x140057060	runtime.stackcache_clear
0x140057140	runtime.stackalloc
0x1400574c0	runtime.stackfree
0x140057860	runtime.adjustpointers
0x140057a60	runtime.adjustframe
0x140057c80	runtime.adjustctxt
0x140057cc0	runtime.adjustdefers
0x140057d40	runtime.syncadjustsudogs
0x140057ea0	runtime.copystack
0x1400582e0	runtime.newstack
0x140058ee0	runtime.nilfunc
0x140058f00	runtime.gostartcallfn
0x140058f80	runtime.shrinkstack
0x140059160	runtime.freeStackSpans
0x140059300	runtime.gcComputeStartingStackSize
0x1400593c0	runtime.(*stkframe).argBytes
0x140059420	runtime.(*stkframe).argMapInternal
0x140059700	runtime.(*stkframe).getStackMap
0x140059d60	runtime.stkobjinit
0x140059e60	runtime.concatstrings
0x14005a080	runtime.concatstring2
0x14005a120	runtime.concatstring3
0x14005a1e0	runtime.concatstring4
0x14005a2e0	runtime.concatstring5
0x14005a400	runtime.concatbytes
0x14005a5c0	runtime.concatbyte2
0x14005a660	runtime.concatbyte4
0x14005a760	runtime.slicebytetostring
0x14005a860	runtime.rawstringtmp
0x14005a920	runtime.stringtoslicebyte
0x14005a9e0	runtime.stringtoslicerune
0x14005ab60	runtime.slicerunetostring
0x14005ad20	runtime.intstring
0x14005ade0	runtime.rawbyteslice
0x14005af60	runtime.rawruneslice
0x14005b120	runtime.parseByteCount
0x14005b320	runtime.findnull
0x14005b3c0	runtime.gostringw
0x14005b580	runtime.badsystemstack
0x14005b5c0	runtime.(*Frames).Next
0x14005be20	runtime.expandCgoFrames
0x14005c0a0	runtime.modulesinit
0x14005c2c0	runtime.(*moduledata).textAddr
0x14005c3e0	runtime.(*moduledata).funcName
0x14005c460	runtime.(*Func).Name
0x14005c540	runtime.(*Func).Entry
0x14005c5c0	runtime.pcvalue
0x14005cca0	runtime.funcpkgpath
0x14005cd80	runtime.funcfile
0x14005ce40	runtime.funcMaxSPDelta
0x14005cf80	runtime.pcdatavalue
0x14005d000	runtime.pcdatavalue1
0x14005d080	runtime.pcdatavalue2
0x14005d100	runtime.step
0x14005d2a0	runtime.(*inlineUnwinder).next
0x14005d380	runtime.(*synctestBubble).changegstatus
0x14005d580	runtime.(*synctestBubble).changegstatus.goready.func1
0x14005d5c0	runtime.(*synctestBubble).incActive
0x14005d620	runtime.(*synctestBubble).decActive
0x14005d700	runtime.(*synctestBubble).decActive.goready.func1
0x14005d740	runtime.(*synctestBubble).maybeWakeLocked
0x14005d7c0	runtime.getOrSetBubbleSpecial
0x14005da20	runtime.(*abiDesc).assignArg
0x14005dd00	runtime.(*abiDesc).tryRegAssignArg
0x14005e040	runtime.callbackWrap
0x14005e320	runtime.syscall_syscalln
0x14005e3c0	runtime.taggedPointerPack
0x14005e520	runtime.(*timer).updateHeap
0x14005e640	runtime.resetForSleep
0x14005e6a0	runtime.goroutineReady
0x14005e760	runtime.goroutineReady.goready.func1
0x14005e7a0	runtime.(*timers).addHeap
0x14005e920	runtime.(*timer).maybeRunAsync
0x14005e9e0	runtime.(*timer).maybeRunAsync.func1
0x14005ea20	runtime.(*timer).stop
0x14005eb80	runtime.(*timers).deleteMin
0x14005ed20	runtime.(*timer).modify
0x14005f120	runtime.(*timer).modify.func1
0x14005f160	runtime.(*timer).maybeAdd
0x14005f380	runtime.(*timers).cleanHead
0x14005f5a0	runtime.(*timers).take
0x14005f6c0	runtime.(*timers).adjust
0x14005f9c0	runtime.(*timers).check
0x14005fc00	runtime.(*timers).run
0x14005fd60	runtime.(*timer).unlockAndRun
0x140060120	runtime.timeSleepUntil
0x1400601e0	runtime.(*timers).siftUp
0x140060340	runtime.(*timers).siftDown
0x1400605a0	runtime.(*timers).initHeap
0x140060620	runtime.(*timer).maybeRunChan
0x140060760	runtime.(*timer).maybeRunChan.func1
0x1400607a0	runtime.blockTimerChan
0x1400608c0	runtime.unblockTimerChan
0x140060980	runtime.traceAdvance.func6
0x140060ac0	runtime.traceAdvance.forEachP.func7
0x140060b40	runtime.traceAdvance.func4
0x140060ba0	runtime.traceAdvance.func3
0x140060d40	runtime.traceAdvance.func1
0x140060f60	runtime.traceAdvance.func1.1
0x140061080	runtime.traceRegisterLabelsAndReasons
0x140061220	runtime.traceReader
0x140061280	runtime.(*traceAdvancerState).stop
0x1400612e0	runtime.(*wakeableSleep).wake
0x140061360	runtime.(*wakeableSleep).close
0x1400613e0	runtime.traceLocker.SpanAlloc
0x1400614a0	runtime.traceLocker.SpanFree
0x140061540	runtime.traceLocker.HeapObjectAlloc
0x140061640	runtime.traceLocker.HeapObjectFree
0x1400616c0	runtime.traceLocker.GoroutineStackAlloc
0x1400617a0	runtime.traceLocker.GoroutineStackFree
0x140061820	runtime.(*unwinder).initAt
0x140061b80	runtime.(*unwinder).resolveInternal
0x140061e60	runtime.(*unwinder).next
0x140062160	runtime.(*unwinder).finishInternal
0x1400622a0	runtime.(*unwinder).symPC
0x140062320	runtime.(*unwinder).cgoCallers
0x140062400	runtime.tracebackPCs
0x1400627e0	runtime.printArgs
0x140062c40	runtime.funcNamePiecesForPrint
0x140062d40	runtime.printFuncName
0x140062e40	runtime.printcreatedby
0x140062f00	runtime.printcreatedby1
0x140063120	runtime.tracebacktrap
0x1400631a0	runtime.traceback1
0x1400634e0	runtime.traceback1.func1
0x140063680	runtime.traceback2
0x140063f00	runtime.traceback2.func1
0x140063f60	runtime.printAncestorTraceback
0x140064160	runtime.printAncestorTracebackFuncInfo
0x140064360	runtime.callers.func1
0x140064440	runtime.gcallers
0x140064540	runtime.showframe
0x140064600	runtime.showfuncinfo
0x1400647a0	runtime.isExportedRuntime
0x140064900	runtime.goroutineheader
0x140064d40	runtime.tracebacksomeothers
0x140064e60	runtime.tracebacksomeothers.func1
0x140064f80	runtime.tracebackHexdump
0x140065160	runtime.tracebackHexdump.func1
0x1400651a0	runtime.isSystemGoroutine
0x1400652a0	runtime.printCgoTraceback
0x1400653c0	runtime.printOneCgoTraceback
0x140065580	runtime.callCgoSymbolizer
0x140065600	runtime.cgoContextPCs
0x1400656e0	runtime.traceWriter.event
0x140065900	runtime.traceWriter.ensure
0x140065960	runtime.traceWriter.flush
0x1400659e0	runtime.traceWriter.flush.func1
0x140065a40	runtime.traceWriter.refill
0x140065dc0	runtime.traceWriter.refill.func1
0x140065ea0	runtime.(*traceBuf).varintAt
0x140065f40	runtime.traceBufFlush
0x140066000	runtime.traceStopReadCPU
0x140066100	runtime.traceReadCPU
0x140066760	runtime.traceCPUFlush
0x1400667e0	runtime.traceCPUFlush.func1
0x140066860	runtime.traceLocker.eventWriter
0x140066ba0	runtime.traceEventWriter.event
0x140066c80	runtime.traceLocker.startPC
0x140066d20	runtime.(*traceMap).put
0x140066ea0	runtime.(*traceMap).newTraceMapNode
0x140066f80	runtime.(*traceMap).reset
0x140066fe0	runtime.(*traceRegionAlloc).alloc
0x140067120	runtime.(*traceRegionAlloc).alloc.func1
0x140067280	runtime.(*traceRegionAlloc).drop
0x140067340	runtime.traceLockInit
0x140067360	runtime.traceAllocFreeEnabled
0x140067380	runtime.traceAcquire
0x1400673a0	runtime.traceAcquireEnabled
0x140067440	runtime.traceLocker.ok
0x140067460	runtime.traceRelease
0x1400674c0	runtime.traceLocker.Gomaxprocs
0x1400675a0	runtime.traceLocker.ProcStart
0x140067660	runtime.traceLocker.ProcStop
0x1400676e0	runtime.traceLocker.GCActive
0x140067760	runtime.traceLocker.GCStart
0x140067820	runtime.traceLocker.GCDone
0x1400678a0	runtime.traceLocker.STWStart
0x1400679e0	runtime.traceLocker.STWDone
0x140067a40	runtime.traceLocker.GCSweepStart
0x140067ac0	runtime.traceLocker.GCSweepSpan
0x140067bc0	runtime.traceLocker.GCSweepDone
0x140067ca0	runtime.traceLocker.GCMarkAssistStart
0x140067d60	runtime.traceLocker.GCMarkAssistDone
0x140067dc0	runtime.traceLocker.GoCreate
0x140067f40	runtime.traceLocker.GoStart
0x1400680a0	runtime.traceLocker.GoEnd
0x140068100	runtime.traceLocker.GoStop
0x140068220	runtime.traceLocker.GoPark
0x140068360	runtime.traceLocker.GoUnpark
0x1400684a0	runtime.traceLocker.emitUnblockStatus
0x140068620	runtime.traceLocker.GoSysCall
0x140068720	runtime.traceLocker.GoSysExit
0x1400687c0	runtime.traceLocker.ProcSteal
0x140068a00	runtime.traceLocker.HeapAlloc
0x140068a80	runtime.traceLocker.HeapGoal
0x140068b20	runtime.traceLocker.GoCreateSyscall
0x140068be0	runtime.traceLocker.GoDestroySyscall
0x140068c40	runtime.traceThreadDestroy
0x140068d40	runtime.traceThreadDestroy.func1
0x140068e20	runtime.traceStack
0x140069280	runtime.(*traceStackTable).put
0x140069300	runtime.(*traceStackTable).dump
0x1400693e0	runtime.dumpStacksRec
0x140069a60	runtime.makeTraceFrames
0x140069d00	runtime.makeTraceFrame
0x140069e00	runtime.fpunwindExpand
0x14006a120	runtime.startPCForTrace
0x14006a1c0	runtime.traceWriter.writeGoStatus
0x14006a2e0	runtime.traceWriter.writeProcStatusForP
0x14006a440	runtime.traceWriter.writeProcStatus
0x14006a520	runtime.goStatusToTraceGoStatus
0x14006a5e0	runtime.(*traceStringTable).put
0x14006a6c0	runtime.(*traceStringTable).put.func1
0x14006a700	runtime.(*traceStringTable).writeString
0x14006a9a0	runtime.(*traceStringTable).reset
0x14006aa40	runtime.(*traceStringTable).reset.func1
0x14006aac0	runtime.traceSyncBatch
0x14006af60	runtime.traceSyncBatch.func1
0x14006afc0	runtime.(*traceTypeTable).put
0x14006b020	runtime.(*traceTypeTable).dump
0x14006b0e0	runtime.dumpTypesRec
0x14006b5a0	runtime.rtype.string
0x14006b620	runtime.rtype.pkgpath
0x14006b700	runtime.getGCMaskOnDemand
0x14006b820	runtime.getGCMaskOnDemand.func1
0x14006b860	runtime.bitCursor.write
0x14006b920	runtime.buildGCMask
0x14006bb00	runtime.resolveNameOff
0x14006bd80	runtime.resolveTypeOff
0x14006c040	runtime.rtype.textOff
0x14006c220	runtime.pkgPath
0x14006c360	runtime.typelinksinit
0x14006c940	runtime.typesEqual
0x14006d520	runtime.panicunsafestringlen
0x14006d560	runtime.panicunsafestringnilptr
0x14006d5a0	runtime.panicunsafeslicelen
0x14006d5e0	runtime.panicunsafeslicelen1
0x14006d640	runtime.panicunsafeslicenilptr
0x14006d680	runtime.panicunsafeslicenilptr1
0x14006d6e0	runtime.decoderune
0x14006d8c0	runtime.encoderune
0x14006da00	runtime.printCgoTraceback.func1
0x14006da20	runtime.traceAdvance.func2
0x14006da80	runtime.traceAdvance.func5
0x14006dbc0	runtime.schedtrace.func1
0x14006dda0	runtime.wirep.func1
0x14006dde0	runtime.injectglist.func1
0x14006dee0	runtime.casgstatus.func2
0x14006df20	runtime.init.6.func1
0x14006df40	runtime.main.func1
0x14006df80	runtime.fatalpanic.func2
0x14006dfc0	runtime.preprintpanics.func1
0x14006e0a0	runtime.osyield.func1
0x14006e0e0	runtime.semacreate.func1
0x14006e160	runtime.semacreate.func2
0x14006e1e0	runtime.semawakeup.func1
0x14006e260	runtime.semasleep.func1
0x14006e2a0	runtime.semasleep.func2
0x14006e320	runtime.monitorSuspendResume.func1
0x14006e3a0	runtime.wbBufFlush.func1
0x14006e3e0	runtime.sweepone.func1
0x14006e480	runtime.(*scavengerState).init.func1
0x14006e500	runtime.(*scavengerState).init.func2
0x14006e5c0	runtime.(*scavengerState).init.func3
0x14006e600	runtime.(*scavengerState).init.func4
0x14006e620	runtime.gcResetMarkState.func1
0x14006e640	runtime.gcBgMarkWorker.func1
0x14006e6c0	runtime.gcMarkTermination.func2.1
0x14006e6e0	runtime.gcMarkTermination.func4
0x14006e800	runtime.gcMarkTermination.func4.1
0x14006e860	runtime.gcMarkTermination.func5
0x14006e8a0	runtime.gcMarkDone.func1
0x14006e920	runtime.gcStart.func3
0x14006e940	runtime.initMetrics.func1
0x14006e980	runtime.initMetrics.func2
0x14006e9c0	runtime.initMetrics.func3
0x14006ea00	runtime.initMetrics.func4
0x14006ea40	runtime.initMetrics.func5
0x14006ea80	runtime.initMetrics.func6
0x14006eac0	runtime.initMetrics.func7
0x14006eb00	runtime.initMetrics.func8
0x14006eb40	runtime.initMetrics.func9
0x14006eb80	runtime.initMetrics.func10
0x14006ebc0	runtime.initMetrics.func11
0x14006ec00	runtime.initMetrics.func12
0x14006ec40	runtime.initMetrics.func13
0x14006ec60	runtime.initMetrics.func14
0x14006ec80	runtime.initMetrics.func15
0x14006eca0	runtime.initMetrics.func16
0x14006ecc0	runtime.initMetrics.func17
0x14006ece0	runtime.initMetrics.func18
0x14006ed00	runtime.initMetrics.func19
0x14006ed20	runtime.initMetrics.func20
0x14006eee0	runtime.initMetrics.func21
0x14006ef00	runtime.initMetrics.func22
0x14006ef20	runtime.initMetrics.func23
0x14006f0e0	runtime.initMetrics.func24
0x14006f100	runtime.initMetrics.func25
0x14006f120	runtime.initMetrics.func26
0x14006f140	runtime.initMetrics.func27
0x14006f160	runtime.initMetrics.func28
0x14006f180	runtime.initMetrics.func29
0x14006f1a0	runtime.initMetrics.func30
0x14006f1c0	runtime.initMetrics.func31
0x14006f1e0	runtime.initMetrics.func32
0x14006f200	runtime.initMetrics.func33
0x14006f240	runtime.initMetrics.func34
0x14006f260	runtime.initMetrics.func35
0x14006f280	runtime.initMetrics.func36
0x14006f2a0	runtime.initMetrics.func37
0x14006f2c0	runtime.initMetrics.func38
0x14006f2e0	runtime.initMetrics.func39
0x14006f300	runtime.initMetrics.func40
0x14006f320	runtime.initMetrics.func41
0x14006f340	runtime.initMetrics.func42
0x14006f360	runtime.initMetrics.func43
0x14006f380	runtime.initMetrics.func44
0x14006f3a0	runtime.initMetrics.func45
0x14006f3c0	runtime.initMetrics.func46
0x14006f3e0	runtime.initMetrics.func47
0x14006f400	runtime.initMetrics.func48
0x14006f440	runtime.initMetrics.func49
0x14006f460	runtime.initMetrics.func50
0x14006f4c0	runtime.initMetrics.func51
0x14006f500	runtime.initMetrics.func52
0x14006f540	runtime.initMetrics.func53
0x14006f580	runtime.initMetrics.func54
0x14006f5c0	runtime.initMetrics.func55
0x14006f600	runtime.initMetrics.func56
0x14006f660	runtime.startCheckmarks.func1
0x14006f720	runtime.debugCallWrap1.func1
0x14006f980	runtime.debugCallWrap.func2
0x14006fac0	runtime.(*Pinner).Pin.func1
0x14006fb00	runtime.cgocallbackg1.func1
0x14006fb20	runtime.(*mheap).allocSpan.func1
0x14006fb40	runtime.(*timer).unlockAndRun.func1
0x14006fb60	runtime.osPreemptExtEnter.osyield.func1
0x14006fba0	runtime.runqgrab.osyield.func1
0x14006fbe0	runtime.lock2.osyield.func1
0x14006fc20	runtime.casgstatus.osyield.func4
0x14006fc60	runtime.dopanic_m.tracebackothers.func2
0x14006fc80	runtime.getGCMaskOnDemand.osyield.func2
0x14006fcc0	runtime.(*mspan).ensureSwept.osyield.func1
0x14006fd00	runtime.suspendG.osyield.func1
0x14006fd40	runtime.traceAdvance.func3.osyield.1
0x14006fd80	runtime.winthrow.tracebackothers.func1
0x14006fda0	runtime.nilinterhash
0x14006fea0	runtime.typehash
0x140070100	runtime.atomicwb
0x140070180	internal/runtime/atomic.storePointer
0x1400701c0	internal/runtime/atomic.casPointer
0x140070220	sync/atomic.StorePointer
0x140070260	sync/atomic.SwapPointer
0x1400702a0	sync/atomic.CompareAndSwapPointer
0x140070300	runtime.cgocall
0x140070420	reflect.chanlen
0x140070460	internal/reflectlite.chanlen
0x1400704a0	runtime/debug.modinfo
0x1400704c0	runtime.getitab
0x140070780	runtime.convT64
0x140070800	runtime.convTstring
0x1400708a0	runtime.convTslice
0x140070960	reflect.ifaceE2I
0x140070a60	internal/reflectlite.ifaceE2I
0x140070b60	runtime.getStaticuint64s
0x140070b80	runtime.mallocgc
0x140070d00	internal/runtime/maps.newobject
0x140070d40	reflect.unsafe_New
0x140070d80	internal/reflectlite.unsafe_New
0x140070dc0	runtime.newarray
0x140070e60	reflect.unsafe_NewArray
0x140070ea0	internal/runtime/maps.newarray
0x140070ee0	runtime.makemap_small
0x140070f20	runtime.makemap
0x140070f80	runtime.mapdelete
0x140070fe0	reflect.makemap
0x140071060	reflect.mapaccess
0x1400710c0	reflect.mapaccess_faststr
0x140071120	reflect.mapassign0
0x1400711a0	reflect.mapassign_faststr0
0x140071240	reflect.mapdelete
0x1400712a0	reflect.mapdelete_faststr
0x140071300	reflect.maplen
0x140071320	internal/reflectlite.maplen
0x140071340	maps.clone
0x1400713a0	runtime.typedmemmove
0x140071420	reflect.typedmemmove
0x140071460	internal/reflectlite.typedmemmove
0x1400714a0	internal/runtime/maps.typedmemmove
0x1400714e0	runtime.typedslicecopy
0x140071580	reflect.typedslicecopy
0x140071620	reflect.typedmemclr
0x140071660	internal/runtime/maps.typedmemclr
0x1400716a0	runtime.memclrHasPointers
0x1400716e0	runtime.findObject
0x140071820	reflect.verifyNotInHeapPtr
0x1400718a0	internal/godebug.registerMetric
0x140071a20	sync.runtime_registerPoolCleanup
0x140071a80	weak.runtime_registerWeakPointer
0x140071ac0	weak.runtime_makeStrongFromWeak
0x140071ce0	runtime.blockevent
0x140071d60	sync.event
0x140071e60	internal/poll.runtime_pollServerInit
0x140071e80	internal/poll.runtime_pollOpen
0x140071fe0	internal/poll.runtime_pollClose
0x140072080	internal/poll.runtime_pollReset
0x140072100	internal/poll.runtime_pollWait
0x140072220	internal/poll.runtime_pollWaitCanceled
0x140072280	internal/poll.runtime_pollSetDeadline
0x140072780	internal/poll.runtime_pollUnblock
0x140072940	internal/syscall/windows.GetSystemDirectory
0x1400729a0	runtime.gopanic
0x140072d00	sync.fatal
0x140072d40	crypto/rand.fatal
0x140072d80	crypto/internal/sysrand.fatal
0x140072dc0	internal/runtime/maps.fatal
0x140072e00	internal/sync.throw
0x140072e40	internal/sync.fatal
0x140072e80	runtime.throw
0x140072ee0	os.runtime_beforeExit
0x140072f20	runtime.gopark
0x140073060	runtime.wakep
0x1400731a0	runtime.entersyscall
0x1400731e0	runtime.entersyscallblock
0x1400733e0	runtime.exitsyscall
0x140073660	sync.runtime_procPin
0x140073680	sync.runtime_procUnpin
0x1400736a0	sync/atomic.runtime_procPin
0x1400736c0	sync/atomic.runtime_procUnpin
0x1400736e0	internal/sync.runtime_canSpin
0x140073760	internal/sync.runtime_doSpin
0x1400737a0	runtime.rand
0x140073820	internal/runtime/maps.rand
0x140073840	syscall.Exit
0x140073860	internal/godebug.setUpdate
0x1400738e0	internal/godebug.setNewIncNonDefault
0x140073960	runtime.getAuxv
0x140073980	runtime/debug.SetTraceback
0x140073ac0	reflect.typelinks
0x140073de0	reflect.resolveNameOff
0x140073e20	reflect.resolveTypeOff
0x140073e60	reflect.resolveTextOff
0x140073ea0	internal/reflectlite.resolveNameOff
0x140073ee0	internal/reflectlite.resolveTypeOff
0x140073f20	reflect.addReflectOff
0x140074080	internal/poll.runtime_Semacquire
0x1400740c0	sync.runtime_Semrelease
0x140074100	internal/sync.runtime_SemacquireMutex
0x140074160	sync.runtime_SemacquireRWMutexR
0x1400741c0	sync.runtime_SemacquireRWMutex
0x140074220	internal/poll.runtime_Semrelease
0x140074260	internal/sync.runtime_Semrelease
0x1400742a0	sync.runtime_notifyListAdd
0x1400742c0	sync.runtime_notifyListWait
0x140074480	sync.runtime_notifyListNotifyAll
0x1400745e0	sync.runtime_notifyListNotifyOne
0x1400747c0	sync.runtime_notifyListCheck
0x140074860	internal/sync.runtime_nanotime
0x1400748a0	runtime.makeslice
0x140074980	runtime.growslice
0x140075120	reflect.growslice
0x140075200	internal/bytealg.MakeNoZero
0x1400753a0	runtime.morestackc
0x1400753c0	runtime.gostring
0x140075460	reflect.memmove
0x1400754a0	runtime.moduledataverify1
0x140075cc0	runtime.FuncForPC
0x140075e60	runtime.findfunc
0x140076000	runtime.funcline1
0x140076100	runtime.newInlineUnwinder
0x1400761c0	internal/synctest.IsInBubble
0x1400761e0	internal/synctest.associate
0x140076220	internal/synctest.disassociate
0x140076260	syscall.compileCallback
0x1400767c0	syscall.loadsystemlibrary
0x140076840	syscall.loadlibrary
0x1400768a0	syscall.getprocaddress
0x140076920	syscall.Syscall6
0x140076960	syscall.Syscall9
0x1400769c0	syscall.SyscallN
0x140076a00	time.runtimeNow
0x140076aa0	time.runtimeNano
0x140076b00	time.runtimeIsBubbled
0x140076b20	time.Sleep
0x140076cc0	time.newTimer
0x140076de0	time.stopTimer
0x140076e40	time.resetTimer
0x140076ee0	runtime.write
0x140076f20	runtime.traceAdvance
0x140077960	runtime.callers
0x140077a60	internal/runtime/maps.typeString
0x140077aa0	runtime.mapinitnoop
0x140077ac0	gogo
0x140077b00	callRet
0x140077b40	gosave_systemstack_switch
0x140077b80	setg_gcc
0x140077ba0	aeshashbody
0x140078120	gcWriteBarrier
0x140078200	debugCall32
0x140078260	debugCall64
0x1400782c0	debugCall128
0x140078320	debugCall256
0x1400783a0	debugCall512
0x140078420	debugCall1024
0x1400784a0	debugCall2048
0x140078520	debugCall4096
0x1400785a0	debugCall8192
0x140078620	debugCall16384
0x1400786a0	debugCall32768
0x140078720	debugCall65536
0x1400787a0	_rt0_amd64
0x1400787c0	runtime.rt0_go
0x140078960	runtime.asminit
0x140078980	runtime.mstart
0x1400789a0	runtime.gogo
0x1400789c0	runtime.mcall
0x140078a40	runtime.systemstack_switch
0x140078a60	runtime.systemstack
0x140078b00	runtime.morestack
0x140078ba0	runtime.morestack_noctxt
0x140078bc0	runtime.spillArgs
0x140078c80	runtime.unspillArgs
0x140078d40	runtime.reflectcall
0x140078f40	runtime.call16
0x140078fe0	runtime.call32
0x140079080	runtime.call64
0x140079120	runtime.call128
0x140079200	runtime.call256
0x1400792e0	runtime.call512
0x1400793c0	runtime.call1024
0x1400794a0	runtime.call2048
0x140079580	runtime.call4096
0x140079660	runtime.call8192
0x140079740	runtime.call16384
0x140079820	runtime.call32768
0x140079900	runtime.call65536
0x1400799e0	runtime.call131072
0x140079ac0	runtime.call262144
0x140079ba0	runtime.call524288
0x140079c80	runtime.call1048576
0x140079d60	runtime.call2097152
0x140079e40	runtime.call4194304
0x140079f20	runtime.call8388608
0x14007a000	runtime.call16777216
0x14007a0e0	runtime.call33554432
0x14007a1c0	runtime.call67108864
0x14007a2a0	runtime.call134217728
0x14007a380	runtime.call268435456
0x14007a460	runtime.call536870912
0x14007a540	runtime.call1073741824
0x14007a620	runtime.procyield
0x14007a640	runtime.publicationBarrier
0x14007a660	runtime.asmcgocall_landingpad
0x14007a680	runtime.asmcgocall
0x14007a740	runtime.cgocallback
0x14007a8c0	runtime.setg
0x14007a8e0	runtime.abort
0x14007a900	runtime.stackcheck
0x14007a940	runtime.cputicks
0x14007a980	runtime.memhash
0x14007a9a0	runtime.strhash
0x14007a9c0	runtime.memhash32
0x14007aa00	runtime.memhash64
0x14007aa40	runtime.checkASM
0x14007aa60	runtime.goexit
0x14007aa80	runtime.sigpanic0
0x14007aaa0	runtime.gcWriteBarrier1
0x14007aac0	runtime.gcWriteBarrier2
0x14007aae0	runtime.gcWriteBarrier3
0x14007ab00	runtime.gcWriteBarrier4
0x14007ab20	runtime.gcWriteBarrier5
0x14007ab40	runtime.gcWriteBarrier6
0x14007ab60	runtime.gcWriteBarrier7
0x14007ab80	runtime.gcWriteBarrier8
0x14007aba0	runtime.debugCallV2
0x14007ae20	runtime.debugCallPanicked
0x14007ae60	runtime.panicIndex
0x14007ae80	runtime.panicIndexU
0x14007aea0	runtime.panicSliceAlen
0x14007aec0	runtime.panicSliceAlenU
0x14007aee0	runtime.panicSliceAcap
0x14007af00	runtime.panicSliceAcapU
0x14007af20	runtime.panicSliceB
0x14007af40	runtime.panicSliceBU
0x14007af60	runtime.panicSlice3Alen
0x14007af80	runtime.panicSlice3Acap
0x14007afa0	runtime.panicSlice3B
0x14007afc0	runtime.panicSlice3C
0x14007afe0	runtime.panicSliceConvert
0x14007b000	runtime.getfp
0x14007b020	runtime.duffzero
0x14007b1a0	runtime.duffcopy
0x14007b540	runtime.memclrNoHeapPointers
0x14007b840	runtime.memmove
0x14007bf40	runtime.asyncPreempt
0x14007c100	_rt0_amd64_windows
0x14007c120	sigtramp
0x14007c260	runtime.asmstdcall_trampoline
0x14007c280	runtime.asmstdcall
0x14007c340	runtime.getlasterror
0x14007c360	runtime.sigresume
0x14007c380	runtime.exceptiontramp
0x14007c3a0	runtime.firstcontinuetramp
0x14007c3c0	runtime.lastcontinuetramp
0x14007c3e0	runtime.sehtramp
0x14007c520	runtime.callbackasm1
0x14007c6a0	runtime.tstart_stdcall
0x14007c7e0	runtime.settls
0x14007c800	runtime.nanotime1
0x14007c820	runtime.osSetupTLS
0x14007c840	runtime.wintls
0x14007c8a0	time.now
0x14007c900	runtime.callbackasm
0x14007f020	runtime.(*lockRank).String
0x14007f0c0	runtime.(*plainError).Error
0x14007f100	runtime.(*waitReason).String
0x14007f160	runtime.(*errorString).Error
0x14007f1e0	runtime.(*errorAddressString).Error
0x14007f260	runtime.(*boundsError).Error
0x14007f2e0	runtime.metricReader.compute-fm
0x14007f360	runtime.(*itabTableType).add-fm
0x14007f3c0	runtime.cgocallbackg
0x14007f400	runtime.debugCallCheck
0x14007f440	runtime.debugCallWrap
0x14007f480	runtime.reflectcallmove
0x14007f4c0	runtime.wbBufFlush
0x14007f4e0	runtime.osinit
0x14007f500	runtime.exit
0x14007f540	runtime.asyncPreempt2
0x14007f560	runtime.badmcall
0x14007f5a0	runtime.badmcall2
0x14007f5e0	runtime.badreflectcall
0x14007f600	runtime.badmorestackg0
0x14007f620	runtime.badmorestackgsignal
0x14007f640	runtime.schedinit
0x14007f660	runtime.mstart0
0x14007f680	runtime.dropm
0x14007f6a0	runtime.goexit1
0x14007f6c0	runtime.newproc
0x14007f700	runtime.args
0x14007f740	runtime.check
0x14007f760	runtime.sehhandler
0x14007f7a0	runtime.newstack
0x14007f7c0	runtime.morestackc
0x14007f7e0	runtime.badsystemstack
0x14007f800	runtime.reflectcall
0x14007f860	runtime.asmcgocall
0x14007f8a0	runtime.write
0x14007f8e0	type:.eq.runtime.Frame
0x14007f9a0	type:.eq.runtime.modulehash
0x14007fa40	type:.eq.runtime.bitvector
0x14007fa60	type:.eq.runtime._func
0x14007fac0	type:.eq.runtime.PanicNilError
0x14007fae0	type:.eq.runtime.boundsError
0x14007fb20	type:.eq.runtime._panic
0x14007fbc0	type:.eq.runtime.mcache
0x14007fc00	type:.eq.runtime.mspan
0x14007fc40	type:.eq.runtime.mSpanList
0x14007fc60	type:.eq.runtime.gcBits
0x14007fc80	type:.eq.runtime.special
0x14007fcc0	type:.eq.runtime.gList
0x14007fce0	type:.eq.runtime.hchan
0x14007fd60	type:.eq.runtime.pTraceState
0x14007fe20	type:.eq.runtime.traceSchedResourceState
0x14007fea0	type:.eq.runtime.notInHeap
0x14007fec0	type:.eq.runtime.limiterEvent
0x14007fee0	type:.eq.runtime.gcWork
0x14007ff60	type:.eq.runtime.workbuf
0x14007ffa0	type:.eq.runtime.cleanupBlock
0x140080020	type:.eq.runtime.cleanupBlockHeader
0x140080060	type:.eq.runtime.mTraceState
0x1400800a0	type:.eq.runtime.traceBuf
0x1400800e0	type:.eq.runtime.mOS
0x140080120	type:.eq.runtime.gTraceState
0x1400801a0	type:.eq.runtime.errorAddressString
0x140080200	type:.eq.runtime.synctestDeadlockError
0x140080260	type:.eq.runtime.untracedG·7
0x1400802a0	type:.eq.runtime.TypeAssertionError
0x140080320	type:.eq.runtime.funcinl
0x1400803e0	type:.eq.runtime.piController
0x140080480	type:.eq.runtime.winCallbackKey
0x1400804a0	type:.hash.runtime.winCallbackKey
0x1400804e0	type:.eq.[2]runtime.Frame
0x140080680	type:.eq.[2]string
0x140080720	internal/reflectlite.Swapper
0x140080cc0	internal/reflectlite.Swapper.func9
0x140080da0	internal/reflectlite.Swapper.func8
0x140080de0	internal/reflectlite.Swapper.func7
0x140080e20	internal/reflectlite.Swapper.func6
0x140080e60	internal/reflectlite.Swapper.func5
0x140080ea0	internal/reflectlite.Swapper.func4
0x140080f60	internal/reflectlite.Swapper.func3
0x140081000	internal/reflectlite.name.name
0x1400810a0	internal/reflectlite.pkgPath
0x1400811e0	internal/reflectlite.rtype.String
0x140081260	internal/reflectlite.rtype.common
0x140081280	internal/reflectlite.rtype.exportedMethods
0x140081320	internal/reflectlite.rtype.NumMethod
0x140081380	internal/reflectlite.rtype.Name
0x140081440	internal/reflectlite.elem
0x140081500	internal/reflectlite.rtype.Elem
0x140081560	internal/reflectlite.rtype.Len
0x1400815c0	internal/reflectlite.rtype.NumField
0x140081620	internal/reflectlite.rtype.Implements
0x1400816e0	internal/reflectlite.rtype.AssignableTo
0x140081780	internal/reflectlite.rtype.Comparable
0x1400817a0	internal/reflectlite.implements
0x140081d60	internal/reflectlite.directlyAssignable
0x140081de0	internal/reflectlite.haveIdenticalType
0x140081ea0	internal/reflectlite.haveIdenticalUnderlyingType
0x140082680	internal/reflectlite.packEface
0x140082760	internal/reflectlite.(*ValueError).Error
0x140082860	internal/reflectlite.methodName
0x1400828c0	internal/reflectlite.flag.mustBeExported
0x1400829a0	internal/reflectlite.flag.mustBeAssignable
0x140082ae0	internal/reflectlite.Value.Elem
0x140082c60	internal/reflectlite.valueInterface
0x140082d40	internal/reflectlite.Value.Len
0x140082ea0	internal/reflectlite.Value.numMethod
0x140082f40	internal/reflectlite.Value.Set
0x140083080	internal/reflectlite.Value.assignTo
0x140083340	internal/reflectlite.Swapper.func1
0x140083380	internal/reflectlite.Swapper.func2
0x1400833e0	internal/reflectlite.(*rtype).AssignableTo
0x140083460	internal/reflectlite.(*rtype).Comparable
0x1400834a0	internal/reflectlite.(*rtype).Elem
0x140083500	internal/reflectlite.(*rtype).Implements
0x140083580	internal/reflectlite.rtype.Kind
0x1400835c0	internal/reflectlite.(*rtype).Kind
0x140083600	internal/reflectlite.(*rtype).Len
0x140083680	internal/reflectlite.(*rtype).Name
0x1400836e0	internal/reflectlite.(*rtype).NumField
0x140083760	internal/reflectlite.(*rtype).NumMethod
0x1400837c0	internal/reflectlite.rtype.Size
0x1400837e0	internal/reflectlite.(*rtype).Size
0x140083820	internal/reflectlite.(*rtype).String
0x140083880	internal/reflectlite.(*rtype).common
0x1400838c0	type:.eq.internal/reflectlite.ValueError
0x140083920	errors.init
0x1400839a0	errors.New
0x140083a20	errors.(*errorString).Error
0x140083a40	errors.Is
0x140083b20	errors.is
0x140083de0	errors.As
0x1400840c0	errors.as
0x140084480	sync/atomic.(*Bool).Store
0x1400844a0	sync/atomic.(*Int32).Add
0x1400844c0	sync/atomic.(*Uint32).Load
0x1400844e0	sync/atomic.(*Uint32).Store
0x140084500	sync/atomic.(*noCopy).Lock
0x140084520	sync/atomic.(*noCopy).Unlock
0x140084540	sync/atomic.(*Value).Store
0x140084660	sync/atomic.SwapUintptr
0x140084680	sync/atomic.CompareAndSwapUintptr
0x1400846a0	sync/atomic.StoreUintptr
0x1400846c0	type:.eq.sync/atomic.Bool
0x1400846e0	type:.eq.sync/atomic.Int32
0x140084700	type:.eq.sync/atomic.Uint32
0x140084720	type:.eq.sync/atomic.Uint64
0x140084740	internal/sync.(*Mutex).Lock
0x1400847a0	internal/sync.(*Mutex).lockSlow
0x140084a40	internal/sync.(*Mutex).Unlock
0x140084a80	internal/sync.(*Mutex).unlockSlow
0x140084b60	sync.(*Cond).Wait
0x140084c20	sync.(*Cond).Signal
0x140084ca0	sync.(*Cond).Broadcast
0x140084d20	sync.(*noCopy).Lock
0x140084d40	sync.(*noCopy).Unlock
0x140084d60	sync.(*Map).Load
0x140084dc0	sync.(*Map).Delete
0x140084e20	sync.(*Map).Swap
0x140084ec0	sync.(*Mutex).Lock
0x140084f20	sync.(*Mutex).Unlock
0x140084f60	sync.(*Once).Do
0x140084fa0	sync.(*Once).doSlow
0x1400850c0	sync.(*Once).doSlow.deferwrap2
0x140085100	sync.(*Once).doSlow.deferwrap1
0x140085160	sync.(*Pool).Put
0x140085220	sync.(*Pool).Get
0x140085300	sync.(*Pool).getSlow
0x140085480	sync.(*Pool).pin
0x140085500	sync.(*Pool).pinSlow
0x140085780	sync.(*Pool).pinSlow.deferwrap1
0x1400857e0	sync.init.0
0x140085820	sync.(*poolDequeue).pushHead
0x140085920	sync.(*poolDequeue).popHead
0x140085a20	sync.(*poolDequeue).popTail
0x140085b20	sync.(*poolChain).pushHead
0x140085d00	sync.(*poolChain).popHead
0x140085d60	sync.(*poolChain).popTail
0x140085e20	sync.init.1
0x140085e60	sync.(*RWMutex).RLock
0x140085ec0	sync.(*RWMutex).RUnlock
0x140085f00	sync.(*RWMutex).rUnlockSlow
0x140085f80	sync.(*RWMutex).Lock
0x140086020	sync.(*RWMutex).Unlock
0x1400860e0	sync.(*WaitGroup).Add
0x140086340	sync.(*WaitGroup).Done
0x140086380	sync.poolCleanup
0x1400864c0	internal/sync.(*HashTrieMap[go.shape.interface {},go.shape.interface {}]).iter
0x140086600	internal/sync.(*HashTrieMap[go.shape.interface {},go.shape.interface {}]).Range
0x1400866a0	internal/sync.(*HashTrieMap[go.shape.interface {},go.shape.interface {}]).find
0x140086a60	internal/sync.(*HashTrieMap[go.shape.interface {},go.shape.interface {}]).CompareAndDelete
0x140086e20	internal/sync.(*HashTrieMap[go.shape.interface {},go.shape.interface {}]).LoadAndDelete
0x140087180	internal/sync.(*HashTrieMap[go.shape.interface {},go.shape.interface {}]).CompareAndSwap
0x140087480	internal/sync.(*HashTrieMap[go.shape.interface {},go.shape.interface {}]).CompareAndSwap.deferwrap1
0x1400874e0	internal/sync.(*HashTrieMap[go.shape.interface {},go.shape.interface {}]).Swap
0x140087960	internal/sync.(*HashTrieMap[go.shape.interface {},go.shape.interface {}]).Swap.deferwrap1
0x1400879c0	internal/sync.(*HashTrieMap[go.shape.interface {},go.shape.interface {}]).expand
0x140087c00	internal/sync.(*HashTrieMap[go.shape.interface {},go.shape.interface {}]).LoadOrStore
0x140088280	internal/sync.(*HashTrieMap[go.shape.interface {},go.shape.interface {}]).LoadOrStore.deferwrap1
0x1400882e0	internal/sync.(*HashTrieMap[go.shape.interface {},go.shape.interface {}]).Load
0x140088480	internal/sync.(*HashTrieMap[go.shape.interface {},go.shape.interface {}]).initSlow
0x140088620	internal/sync.(*HashTrieMap[go.shape.interface {},go.shape.interface {}]).initSlow.deferwrap1
0x140088680	internal/sync.(*entry[go.shape.interface {},go.shape.interface {}]).compareAndDelete
0x140088880	internal/sync.(*entry[go.shape.interface {},go.shape.interface {}]).loadAndDelete
0x1400889e0	internal/sync.(*entry[go.shape.interface {},go.shape.interface {}]).compareAndSwap
0x140088d40	internal/sync.(*entry[go.shape.interface {},go.shape.interface {}]).swap
0x140088fc0	type:.eq.sync.Mutex
0x140088fe0	type:.eq.sync/atomic.Pointer[sync.poolChainElt]
0x140089000	type:.eq.sync.poolLocal
0x1400890a0	type:.eq.sync.poolLocalInternal
0x140089120	type:.eq.sync.poolChain
0x140089140	type:.eq.sync/atomic.Pointer[internal/sync.indirect[interface {},interface {}]]
0x140089160	type:.eq.internal/sync.indirect[interface {},interface {}]
0x1400891e0	type:.eq.internal/sync.entry[interface {},interface {}]
0x140089280	type:.eq.sync/atomic.Pointer[internal/sync.entry[interface {},interface {}]]
0x1400892a0	type:.eq.[16]sync/atomic.Pointer[internal/sync.node[interface {},interface {}]]
0x1400892e0	type:.eq.sync/atomic.Pointer[internal/sync.node[interface {},interface {}]]
0x140089300	type:.eq.sync.RWMutex
0x140089340	type:.eq.sync.WaitGroup
0x140089360	type:.eq.sync.Cond
0x1400893e0	type:.eq.sync.Once
0x140089420	type:.eq.internal/sync.entry[go.shape.interface {},go.shape.interface {}]
0x1400894c0	type:.eq.sync/atomic.Pointer[internal/sync.entry[go.shape.interface {},go.shape.interface {}]]
0x1400894e0	type:.eq.internal/sync.indirect[go.shape.interface {},go.shape.interface {}]
0x140089560	type:.eq.[16]sync/atomic.Pointer[go.shape.struct { internal/sync.isEntry bool }]
0x1400895a0	type:.eq.sync/atomic.Pointer[go.shape.struct { internal/sync.isEntry bool }]
0x1400895c0	io.init.func1
0x140089640	io.WriteString
0x140089760	io.ReadAtLeast
0x140089900	io.CopyN
0x140089a00	io.CopyBuffer
0x140089ac0	io.copyBuffer
0x140089ea0	io.(*LimitedReader).Read
0x140089f40	io.(*SectionReader).Read
0x14008a000	io.(*SectionReader).ReadAt
0x14008a100	io.(*SectionReader).Size
0x14008a120	io.discard.Write
0x14008a140	io.discard.WriteString
0x14008a160	io.discard.ReadFrom
0x14008a280	io.NopCloser
0x14008a3a0	io.nopCloser.Close
0x14008a3c0	io.nopCloserWriterTo.Close
0x14008a3e0	io.nopCloserWriterTo.WriteTo
0x14008a4e0	io.ReadAll
0x14008a680	io.eofReader.Read
0x14008a6a0	io.(*multiReader).Read
0x14008a940	io.(*multiReader).WriteTo
0x14008a9c0	io.(*multiReader).writeToWithBuffer
0x14008ac00	io.(*multiWriter).Write
0x14008ace0	io.(*multiWriter).WriteString
0x14008af00	io.(*onceError).Store
0x14008b020	io.(*onceError).Store.deferwrap1
0x14008b080	io.(*onceError).Load
0x14008b160	io.(*onceError).Load.deferwrap1
0x14008b1c0	io.(*pipe).read
0x14008b340	io.(*pipe).closeRead
0x14008b3e0	io.(*pipe).closeRead.func1
0x14008b420	io.(*pipe).write
0x14008b720	io.(*pipe).write.deferwrap1
0x14008b780	io.(*pipe).closeWrite
0x14008b820	io.(*pipe).closeWrite.func1
0x14008b860	io.(*pipe).readCloseError
0x14008b8e0	io.(*pipe).writeCloseError
0x14008b960	io.(*PipeReader).Read
0x14008b9c0	io.(*PipeReader).Close
0x14008ba00	io.(*PipeWriter).Write
0x14008ba60	io.(*PipeWriter).Close
0x14008baa0	type:.eq.io.LimitedReader
0x14008bb20	io.(*discard).ReadFrom
0x14008bba0	io.(*discard).Write
0x14008bbe0	io.(*discard).WriteString
0x14008bc20	io.(*nopCloser).Close
0x14008bc60	io.nopCloser.Read
0x14008bd00	io.(*nopCloser).Read
0x14008bd80	io.(*nopCloserWriterTo).Close
0x14008bdc0	io.nopCloserWriterTo.Read
0x14008be60	io.(*nopCloserWriterTo).Read
0x14008bee0	io.(*nopCloserWriterTo).WriteTo
0x14008c000	io.(*eofReader).Read
0x14008c040	io.(*onceError).Lock
0x14008c0a0	io.(*onceError).Unlock
0x14008c100	type:.eq.io.SectionReader
0x14008c1a0	type:.eq.io.onceError
0x14008c220	type:.eq.io.pipe
0x14008c360	type:.eq.io.PipeReader
0x14008c3a0	type:.eq.io.PipeWriter
0x14008c3e0	iter.init
0x14008c440	math.init
0x14008c460	math.frexp
0x14008c520	math.log2
0x14008c5c0	math.archLog
0x14008c760	unicode/utf8.DecodeRune
0x14008c900	unicode/utf8.DecodeRuneInString
0x14008caa0	unicode/utf8.DecodeLastRune
0x14008cbc0	unicode/utf8.DecodeLastRuneInString
0x14008cce0	unicode/utf8.encodeRuneNonASCII
0x14008ce20	unicode/utf8.appendRuneNonASCII
0x14008cfc0	unicode/utf8.Valid
0x14008d160	unicode/utf8.ValidString
0x14008d300	strconv.special
0x14008d480	strconv.(*decimal).set
0x14008d6c0	strconv.readFloat
0x14008dbc0	strconv.(*decimal).floatBits
0x14008dee0	strconv.atof64exact
0x14008e060	strconv.atof32exact
0x14008e1e0	strconv.atofHex
0x14008e540	strconv.atof32
0x14008eac0	strconv.atof64
0x14008f040	strconv.ParseFloat
0x14008f220	strconv.parseFloatPrefix
0x14008f280	strconv.(*NumError).Error
0x14008f460	strconv.(*NumError).Unwrap
0x14008f480	strconv.baseError
0x14008f640	strconv.bitSizeError
0x14008f800	strconv.ParseUint
0x14008ff00	strconv.ParseInt
0x140090380	strconv.Atoi
0x140090640	strconv.underscoreOK
0x140090740	strconv.(*decimal).Assign
0x140090880	strconv.rightShift
0x140090a80	strconv.leftShift
0x140090ca0	strconv.(*decimal).Shift
0x140090d60	strconv.(*decimal).Round
0x140090e80	strconv.(*decimal).RoundedInteger
0x140090f40	strconv.eiselLemire64
0x140091120	strconv.eiselLemire32
0x140091300	strconv.genericFtoa
0x1400919e0	strconv.bigFtoa
0x140091e00	strconv.formatDigits
0x140092040	strconv.roundShortest
0x140092500	strconv.fmtE
0x140092980	strconv.fmtF
0x140092c40	strconv.fmtB
0x140092da0	strconv.fmtX
0x140093460	strconv.ryuFtoaFixed32
0x140093700	strconv.ryuFtoaFixed64
0x140093980	strconv.formatDecimal
0x140093c00	strconv.ryuFtoaShortest
0x140094100	strconv.ryuDigits
0x140094400	strconv.ryuDigits32
0x140094600	strconv.mult64bitPow10
0x1400946e0	strconv.mult128bitPow10
0x140094800	strconv.FormatUint
0x1400948e0	strconv.FormatInt
0x1400949c0	strconv.Itoa
0x140094a00	strconv.AppendInt
0x140094b60	strconv.AppendUint
0x140094cc0	strconv.formatBits
0x140095180	strconv.appendQuotedWith
0x1400955c0	strconv.appendQuotedRuneWith
0x1400956c0	strconv.appendEscapedRune
0x140095d20	strconv.CanBackquote
0x140095e00	strconv.UnquoteChar
0x140096280	strconv.Unquote
0x140096300	strconv.unquote
0x140096c80	strconv.IsPrint
0x140096f80	type:.eq.strconv.NumError
0x140097040	encoding/base64.init
0x140097340	encoding/base64.(*Encoding).Encode
0x1400975e0	encoding/base64.(*Encoding).AppendEncode
0x140097860	encoding/base64.(*Encoding).EncodeToString
0x1400979e0	encoding/base64.(*encoder).Write
0x140097d60	encoding/base64.(*encoder).Close
0x140097f00	encoding/base64.CorruptInputError.Error
0x140097f60	encoding/base64.(*Encoding).decodeQuantum
0x140098380	encoding/base64.(*Encoding).Decode
0x140098980	type:.eq.encoding/base64.Encoding
0x1400989c0	type:.eq.encoding/base64.encoder
0x140098aa0	encoding/base64.(*CorruptInputError).Error
0x140098b20	unicode.map.init.0
0x140098c20	unicode.map.init.1
0x140099640	unicode.map.init.2
0x14009c080	unicode.IsPrint
0x14009c140	unicode.IsSpace
0x14009c1c0	unicode.is16
0x14009c2e0	unicode.is32
0x14009c3e0	unicode.Is
0x14009c480	unicode.isExcludingLatin
0x14009c580	unicode.to
0x14009c640	unicode.ToUpper
0x14009c6a0	unicode.ToLower
0x14009c700	unicode.SimpleFold
0x14009c880	unicode.init
0x14009cb80	internal/itoa.Itoa
0x14009cd60	reflect.init
0x14009ce00	reflect.(*abiSeq).addArg
0x14009d0c0	reflect.(*abiSeq).addRcvr
0x14009d300	reflect.(*abiSeq).regAssign
0x14009d940	reflect.(*abiSeq).assignIntN
0x14009db80	reflect.newAbiDesc
0x14009e420	reflect.intFromReg
0x14009e4c0	reflect.intToReg
0x14009e560	reflect.deepValueEqual
0x14009fce0	reflect.DeepEqual
0x14009ffa0	reflect.makeMethodValue
0x1400a02a0	reflect.moveMakeFuncArgPtrs
0x1400a0360	reflect.Value.MapIndex
0x1400a05e0	reflect.mapIterStart
0x1400a0640	reflect.mapIterNext
0x1400a0680	reflect.(*MapIter).Key
0x1400a0720	reflect.(*MapIter).Value
0x1400a07c0	reflect.(*MapIter).Next
0x1400a08a0	reflect.Value.SetMapIndex
0x1400a0d60	reflect.flag.panicNotMap
0x1400a0e00	reflect.(*rtype).common
0x1400a0e20	reflect.pkgPath
0x1400a0f60	reflect.Kind.String
0x1400a0fe0	reflect.(*rtype).exportedMethods
0x1400a1080	reflect.elem
0x1400a1140	reflect.(*rtype).OverflowInt
0x1400a1200	reflect.(*rtype).OverflowUint
0x1400a12c0	reflect.ChanDir.String
0x1400a1360	reflect.StructTag.Lookup
0x1400a1600	reflect.(*structType).Field
0x1400a1800	reflect.(*structType).FieldByIndex
0x1400a1a00	reflect.(*structType).FieldByNameFunc
0x1400a2320	reflect.(*structType).FieldByName
0x1400a26a0	reflect.(*structType).FieldByName.func1
0x1400a2700	reflect.implements
0x1400a2ca0	reflect.specialChannelAssignability
0x1400a2de0	reflect.directlyAssignable
0x1400a2ea0	reflect.haveIdenticalType
0x1400a2fc0	reflect.haveIdenticalUnderlyingType
0x1400a36c0	reflect.funcLayout
0x1400a3dc0	reflect.funcLayout.func1
0x1400a3e00	reflect.addTypeBits
0x1400a4360	reflect.packEface
0x1400a4440	reflect.(*ValueError).Error
0x1400a4560	reflect.valueMethodName
0x1400a47a0	reflect.flag.mustBeExportedSlow
0x1400a4880	reflect.flag.mustBeAssignableSlow
0x1400a49c0	reflect.Value.Addr
0x1400a4a40	reflect.Value.panicNotBool
0x1400a4b00	reflect.Value.bytesSlow
0x1400a4d00	reflect.Value.runes
0x1400a4e40	reflect.methodReceiver
0x1400a5160	reflect.callMethod
0x1400a61c0	reflect.Value.Elem
0x1400a6380	reflect.Value.Field
0x1400a64a0	reflect.Value.FieldByIndex
0x1400a66c0	reflect.Value.FieldByName
0x1400a68e0	reflect.Value.Index
0x1400a6aa0	reflect.Value.IsZero
0x1400a7140	reflect.isZero
0x1400a7440	reflect.Value.SetZero
0x1400a7660	reflect.Value.Kind
0x1400a7680	reflect.Value.Len
0x1400a7700	reflect.Value.lenNonSlice
0x1400a7920	reflect.copyVal
0x1400a79c0	reflect.Value.NumMethod
0x1400a7a60	reflect.Value.NumField
0x1400a7b20	reflect.Value.OverflowInt
0x1400a7c00	reflect.Value.OverflowUint
0x1400a7ce0	reflect.Value.Pointer
0x1400a7ec0	reflect.Value.Set
0x1400a8060	reflect.Value.SetBool
0x1400a8160	reflect.Value.SetBytes
0x1400a8320	reflect.Value.setRunes
0x1400a84e0	reflect.Value.SetComplex
0x1400a8600	reflect.Value.SetFloat
0x1400a8700	reflect.Value.SetInt
0x1400a8820	reflect.Value.SetLen
0x1400a8940	reflect.Value.SetUint
0x1400a8a60	reflect.Value.SetString
0x1400a8ba0	reflect.Value.String
0x1400a8c20	reflect.Value.stringNonString
0x1400a8ce0	reflect.Value.typeSlow
0x1400a8d40	reflect.Value.abiTypeSlow
0x1400a8e60	reflect.Value.UnsafePointer
0x1400a9020	reflect.typesMustMatch
0x1400a9160	reflect.Value.Grow
0x1400a9280	reflect.Value.grow
0x1400a93c0	reflect.Value.extendSlice
0x1400a9540	reflect.Append
0x1400a9700	reflect.Copy
0x1400a9be0	reflect.MakeSlice
0x1400a9da0	reflect.MakeMapWithSize
0x1400a9e60	reflect.Zero
0x1400a9f60	reflect.New
0x1400aa040	reflect.Value.assignTo
0x1400aa320	reflect.Value.Convert
0x1400aa4a0	reflect.Value.Comparable
0x1400aa700	reflect.Value.Equal
0x1400ab100	reflect.convertOp
0x1400ab6a0	reflect.makeInt
0x1400ab780	reflect.makeFloat
0x1400ab860	reflect.makeFloat32
0x1400ab920	reflect.makeComplex
0x1400aba20	reflect.makeString
0x1400abae0	reflect.makeBytes
0x1400abbc0	reflect.makeRunes
0x1400abca0	reflect.cvtInt
0x1400abdc0	reflect.cvtUint
0x1400abee0	reflect.cvtFloatInt
0x1400abfe0	reflect.cvtFloatUint
0x1400ac100	reflect.cvtIntFloat
0x1400ac220	reflect.cvtUintFloat
0x1400ac380	reflect.cvtFloat
0x1400ac520	reflect.cvtComplex
0x1400ac640	reflect.cvtIntString
0x1400ac7a0	reflect.cvtUintString
0x1400ac920	reflect.cvtBytesString
0x1400aca00	reflect.cvtStringBytes
0x1400acae0	reflect.cvtRunesString
0x1400acba0	reflect.cvtStringRunes
0x1400acc80	reflect.cvtSliceArrayPtr
0x1400ace20	reflect.cvtSliceArray
0x1400ad020	reflect.cvtDirect
0x1400ad120	reflect.cvtT2I
0x1400ad2a0	reflect.cvtI2I
0x1400ad400	reflect.mapassign_faststr
0x1400ad500	reflect.(*rtype).Key
0x1400ad5a0	reflect.(*rtype).String
0x1400ad620	reflect.(*rtype).Size
0x1400ad640	reflect.(*rtype).Bits
0x1400ad6e0	reflect.(*rtype).Kind
0x1400ad700	reflect.(*rtype).NumMethod
0x1400ad760	reflect.(*rtype).PkgPath
0x1400ad820	reflect.(*rtype).Name
0x1400ad8e0	reflect.(*rtype).Elem
0x1400ad940	reflect.(*rtype).Field
0x1400adac0	reflect.(*rtype).FieldByIndex
0x1400adc60	reflect.(*rtype).FieldByName
0x1400ade40	reflect.(*rtype).Len
0x1400adec0	reflect.(*rtype).NumField
0x1400adf40	reflect.(*rtype).ptrTo
0x1400ae1a0	reflect.(*rtype).Implements
0x1400ae280	reflect.(*rtype).ConvertibleTo
0x1400ae300	reflect.(*rtype).Comparable
0x1400ae320	reflect.typesByString
0x1400ae680	reflect.valueInterface
0x1400ae7c0	reflect.mapassign
0x1400ae8a0	reflect.methodValueCall
0x1400ae940	type:.eq.reflect.Method
0x1400aea40	reflect.(*Kind).String
0x1400aeb00	reflect.(*ChanDir).String
0x1400aeb60	reflect.(*Value).Comparable
0x1400aebc0	reflect.(*Value).IsZero
0x1400aec20	reflect.(*Value).Kind
0x1400aec60	reflect.(*Value).Len
0x1400aece0	reflect.(*Value).NumField
0x1400aed40	reflect.(*Value).NumMethod
0x1400aeda0	reflect.(*Value).OverflowInt
0x1400aeea0	reflect.(*Value).OverflowUint
0x1400aefa0	reflect.(*Value).String
0x1400af020	reflect.(*ptrType).Kind
0x1400af060	reflect.(*ptrType).Len
0x1400af0a0	reflect.(*ptrType).NumMethod
0x1400af0c0	reflect.(*ptrType).Size
0x1400af0e0	reflect.moveMakeFuncArgPtrs
0x1400af120	reflect.callMethod
0x1400af1a0	type:.eq.reflect.ValueError
0x1400af200	type:.eq.reflect.makeFuncCtxt
0x1400af240	type:.eq.reflect.methodValue
0x1400af2a0	type:.eq.reflect.visit
0x1400af320	type:.hash.reflect.visit
0x1400af380	internal/fmtsort.Sort
0x1400af6c0	internal/fmtsort.compare
0x1400b0460	internal/fmtsort.nilCompare
0x1400b06e0	internal/fmtsort.Sort.func1
0x1400b07a0	slices.stableCmpFunc[go.shape.struct { Key reflect.Value; Value reflect.Value }]
0x1400b0fe0	slices.symMergeCmpFunc[go.shape.struct { Key reflect.Value; Value reflect.Value }]
0x1400b19c0	slices.rotateCmpFunc[go.shape.struct { Key reflect.Value; Value reflect.Value }]
0x1400b1f60	internal/bisect.New
0x1400b2920	internal/bisect.(*Matcher).stack
0x1400b2c20	internal/bisect.PrintMarker
0x1400b2d20	internal/bisect.printStack
0x1400b3560	internal/bisect.Hash
0x1400b3ca0	internal/bisect.(*parseError).Error
0x1400b3cc0	internal/bisect.(*dedup).seen
0x1400b3e00	internal/bisect.(*dedup).seenLossy
0x1400b3e80	type:.eq.internal/bisect.cond
0x1400b3ec0	type:.eq.sync/atomic.Pointer[internal/bisect.dedup]
0x1400b3ee0	type:.eq.[2]interface {}
0x1400b3f80	internal/godebug.(*Setting).IncNonDefault
0x1400b4000	internal/godebug.(*Setting).register
0x1400b4140	internal/godebug.(*Setting).Value
0x1400b4200	internal/godebug.(*Setting).Value.func1
0x1400b42e0	internal/godebug.lookup
0x1400b4580	internal/godebug.init.0
0x1400b45c0	internal/godebug.newIncNonDefault
0x1400b4680	internal/godebug.update
0x1400b48a0	internal/godebug.update.func2
0x1400b4980	internal/godebug.update.func1
0x1400b4a60	internal/godebug.update.deferwrap1
0x1400b4ac0	internal/godebug.parse
0x1400b4da0	internal/godebug.(*runtimeStderr).Write
0x1400b4e20	internal/godebug.(*Setting).IncNonDefault-fm
0x1400b4e80	sync/atomic.(*Uint64).Load-fm
0x1400b4ec0	internal/godebug.(*Setting).register-fm
0x1400b4f20	type:.eq.internal/godebug.setting
0x1400b4f60	type:.eq.sync/atomic.Pointer[internal/godebug.value]
0x1400b4f80	type:.eq.internal/godebug.value
0x1400b4fe0	type:.eq.internal/godebug.Setting
0x1400b5060	internal/syscall/windows/sysdll.init
0x1400b50a0	unicode/utf16.Encode
0x1400b5280	unicode/utf16.decode
0x1400b53e0	syscall.init
0x1400b71a0	syscall.(*DLLError).Error
0x1400b71c0	syscall.(*DLLError).Unwrap
0x1400b71e0	syscall.LoadDLL
0x1400b7400	syscall.(*DLL).FindProc
0x1400b76c0	syscall.(*LazyDLL).Load
0x1400b7800	syscall.(*LazyDLL).Load.deferwrap1
0x1400b7860	syscall.(*LazyProc).Find
0x1400b79e0	syscall.(*LazyProc).Find.deferwrap1
0x1400b7a40	syscall.Getenv
0x1400b7bc0	syscall.FullPath
0x1400b7d00	syscall.ByteSliceFromString
0x1400b7dc0	syscall.UTF16FromString
0x1400b7ec0	syscall.UTF16ToString
0x1400b7fa0	syscall.Errno.Error
0x1400b8100	syscall.Errno.error
0x1400b8260	syscall.Errno.Is
0x1400b8460	syscall.Errno.Temporary
0x1400b84a0	syscall.Errno.Timeout
0x1400b84e0	syscall.Open
0x1400b8840	syscall.setFilePointerEx
0x1400b8940	syscall.Seek
0x1400b89e0	syscall.Getwd
0x1400b8ae0	syscall.Mkdir
0x1400b8b60	syscall.Unlink
0x1400b8be0	syscall.(*SockaddrInet4).sockaddr
0x1400b8c40	syscall.(*SockaddrInet6).sockaddr
0x1400b8ca0	syscall.(*SockaddrUnix).sockaddr
0x1400b8d60	syscall.(*RawSockaddrAny).Sockaddr
0x1400b8f00	syscall.Socket
0x1400b8f80	syscall.Bind
0x1400b9000	syscall.Connect
0x1400b9080	syscall.Getsockname
0x1400b9120	syscall.Getpeername
0x1400b91c0	syscall.Listen
0x1400b9200	syscall.LoadConnectEx
0x1400b9260	syscall.connectEx
0x1400b9360	syscall.ConnectEx
0x1400b94c0	syscall.FindFirstFile
0x1400b9620	syscall.encodeWTF16
0x1400b9940	syscall.decodeWTF16
0x1400b9b60	syscall.RegCloseKey
0x1400b9c00	syscall.regEnumKeyEx
0x1400b9da0	syscall.RegOpenKeyEx
0x1400b9ee0	syscall.RegQueryValueEx
0x1400ba020	syscall.CertAddCertificateContextToStore
0x1400ba160	syscall.CertCloseStore
0x1400ba260	syscall.CertCreateCertificateContext
0x1400ba380	syscall.CertFreeCertificateChain
0x1400ba400	syscall.CertFreeCertificateContext
0x1400ba4e0	syscall.CertGetCertificateChain
0x1400ba6c0	syscall.CertOpenStore
0x1400ba820	syscall.CertVerifyCertificateChainPolicy
0x1400ba960	syscall.CancelIoEx
0x1400baa60	syscall.CloseHandle
0x1400bab40	syscall.CreateDirectory
0x1400bac40	syscall.createFile
0x1400bae00	syscall.DeleteFile
0x1400baee0	syscall.FindClose
0x1400bafc0	syscall.findFirstFile1
0x1400bb0c0	syscall.FlushFileBuffers
0x1400bb1a0	syscall.formatMessage
0x1400bb380	syscall.GetCommandLine
0x1400bb3e0	syscall.GetConsoleMode
0x1400bb4e0	syscall.GetCurrentDirectory
0x1400bb5e0	syscall.GetEnvironmentVariable
0x1400bb700	syscall.GetFileAttributesEx
0x1400bb820	syscall.GetFileAttributes
0x1400bb920	syscall.GetFileInformationByHandle
0x1400bba20	syscall.GetFileType
0x1400bbb00	syscall.GetFullPathName
0x1400bbc60	syscall.GetStdHandle
0x1400bbd60	syscall.GetTempPath
0x1400bbe60	syscall.GetTimeZoneInformation
0x1400bbf60	syscall.ReadConsole
0x1400bc0c0	syscall.readFile
0x1400bc240	syscall.RemoveDirectory
0x1400bc320	syscall.SetFileAttributes
0x1400bc420	syscall.SetFileCompletionNotificationModes
0x1400bc520	syscall.setFileInformationByHandle
0x1400bc660	syscall.WaitForSingleObject
0x1400bc760	syscall.WriteConsole
0x1400bc8c0	syscall.writeFile
0x1400bca40	syscall.AcceptEx
0x1400bcc20	syscall.GetAcceptExSockaddrs
0x1400bcda0	syscall.TransmitFile
0x1400bcf40	syscall.FreeAddrInfoW
0x1400bcfc0	syscall.GetAddrInfoW
0x1400bd0c0	syscall.WSAEnumProtocols
0x1400bd1e0	syscall.WSAIoctl
0x1400bd3e0	syscall.WSARecv
0x1400bd5a0	syscall.WSASend
0x1400bd740	syscall.WSAStartup
0x1400bd800	syscall.bind
0x1400bd920	syscall.Closesocket
0x1400bda00	syscall.connect
0x1400bdb20	syscall.getpeername
0x1400bdc40	syscall.GetProtoByName
0x1400bdcc0	syscall._GetProtoByName
0x1400bddc0	syscall.getsockname
0x1400bdee0	syscall.listen
0x1400bdfe0	syscall.Ntohs
0x1400be060	syscall.Setsockopt
0x1400be1e0	syscall.socket
0x1400be300	syscall.LoadConnectEx.func1
0x1400be420	syscall.LoadConnectEx.func1.deferwrap1
0x1400be480	type:.eq.syscall.SockaddrUnix
0x1400be500	type:.eq.syscall.SockaddrInet4
0x1400be560	type:.eq.syscall.DLLError
0x1400be620	syscall.(*Errno).Error
0x1400be680	syscall.(*Errno).Is
0x1400be700	syscall.(*Errno).Temporary
0x1400be780	syscall.(*Errno).Timeout
0x1400be7e0	type:.eq.syscall.DLL
0x1400be840	type:.eq.syscall.Proc
0x1400be8c0	type:.eq.syscall.WSABuf
0x1400be8e0	type:.eq.syscall.LazyDLL
0x1400be960	internal/syscall/windows/registry.init
0x1400beb80	internal/syscall/windows/registry.Key.Close
0x1400bebc0	internal/syscall/windows/registry.OpenKey
0x1400beca0	internal/syscall/windows/registry.Key.ReadSubKeyNames
0x1400bf0e0	internal/syscall/windows/registry.Key.getValue
0x1400bf300	internal/syscall/windows/registry.Key.GetStringValue
0x1400bf400	internal/syscall/windows/registry.Key.GetMUIStringValue
0x1400bf760	internal/syscall/windows/registry.ExpandString
0x1400bf8e0	internal/syscall/windows/registry.regLoadMUIString
0x1400bfa60	internal/syscall/windows/registry.expandEnvironmentStrings
0x1400bfb80	time.map.init.1
0x1400bfcc0	time.lookup
0x1400bfd80	time.appendInt
0x1400c0160	time.appendNano
0x1400c02c0	time.Time.String
0x1400c0480	time.Time.GoString
0x1400c0b60	time.Time.Format
0x1400c0ca0	time.Time.AppendFormat
0x1400c0ea0	time.Time.appendFormat
0x1400c3360	time.quote
0x1400c3840	time.(*ParseError).Error
0x1400c3a40	time.getnum
0x1400c3b00	time.skip
0x1400c3be0	time.Parse
0x1400c3d20	time.parse
0x1400c6ac0	time.parseTimeZone
0x1400c6c80	time.parseSignedOffset
0x1400c6e00	time.Time.appendFormatRFC3339
0x1400c7200	time.Time.appendStrictRFC3339
0x1400c73c0	time.parseStrictRFC3339
0x1400c7480	time.syncTimer
0x1400c74e0	time.when
0x1400c7540	time.(*Timer).Stop
0x1400c75a0	time.NewTimer
0x1400c7660	time.(*Timer).Reset
0x1400c76e0	time.sendTime
0x1400c77a0	time.AfterFunc
0x1400c7800	time.goFunc
0x1400c7880	time.NewTicker
0x1400c7960	time.(*Ticker).Stop
0x1400c79a0	time.(*Time).addSec
0x1400c7a40	time.Time.IsZero
0x1400c7aa0	time.Time.After
0x1400c7b60	time.Time.Before
0x1400c7c20	time.Time.Equal
0x1400c7cc0	time.dateToAbsDays
0x1400c7d40	time.absDays.date
0x1400c7e00	time.absDays.yearYday
0x1400c7ee0	time.Time.absSec
0x1400c8000	time.Time.locabs
0x1400c8140	time.Time.Date
0x1400c81a0	time.Time.Year
0x1400c8280	time.Time.Clock
0x1400c8340	time.Duration.String
0x1400c83c0	time.Duration.format
0x1400c88a0	time.Duration.Round
0x1400c8920	time.Time.Add
0x1400c8a80	time.Time.Sub
0x1400c8c40	time.Since
0x1400c8d20	time.Until
0x1400c8e00	time.Time.AddDate
0x1400c8f20	time.Time.Zone
0x1400c8fa0	time.Time.AppendBinary
0x1400c92a0	time.Time.MarshalBinary
0x1400c9340	time.(*Time).UnmarshalBinary
0x1400c9660	time.Time.MarshalJSON
0x1400c97c0	time.(*Time).UnmarshalJSON
0x1400c98c0	time.Time.appendTo
0x1400c99e0	time.Time.MarshalText
0x1400c9a80	time.(*Time).UnmarshalText
0x1400c9b20	time.Date
0x1400c9f00	time.Time.Truncate
0x1400c9fe0	time.Time.Round
0x1400ca100	time.div
0x1400ca360	time.(*Location).get
0x1400ca3e0	time.(*Location).String
0x1400ca420	time.FixedZone
0x1400ca680	time.(*Location).lookup
0x1400ca900	time.(*Location).lookupFirstZone
0x1400ca9e0	time.tzset
0x1400caf80	time.tzsetName
0x1400cb160	time.tzsetOffset
0x1400cb6a0	time.tzsetRule
0x1400cc060	time.tzruleTime
0x1400cc380	time.(*Location).lookupName
0x1400cc5a0	time.matchZoneKey
0x1400cc920	time.matchZoneKey.deferwrap1
0x1400cc980	time.toEnglishName
0x1400ccce0	time.toEnglishName.deferwrap1
0x1400ccd40	time.abbrev
0x1400cd160	time.pseudoUnix
0x1400cd340	time.initLocalFromTZI
0x1400cd8a0	time.initLocal
0x1400cd960	time.FixedZone.func1
0x1400cdb40	time.nextStdChunk
0x1400cea40	time.Now
0x1400ceae0	time.init
0x1400ceb20	time.parseRFC3339[go.shape.[]uint8]
0x1400cf260	time.parseNanoseconds[go.shape.[]uint8]
0x1400cf3e0	time.atoi[go.shape.[]uint8]
0x1400cf4e0	type:.eq.time.ParseError
0x1400cf620	time.parseNanoseconds[go.shape.string]
0x1400cf7a0	time.atoi[go.shape.string]
0x1400cf8a0	time.parseRFC3339[go.shape.string]
0x1400cffa0	time.(*Time).GoString
0x1400d0000	time.(*Time).IsZero
0x1400d0080	time.(*Time).MarshalBinary
0x1400d0140	time.(*Time).MarshalJSON
0x1400d01a0	time.(*Time).MarshalText
0x1400d0260	time.(*Time).String
0x1400d02c0	time.(*Duration).String
0x1400d0360	type:.eq.time.zone
0x1400d03c0	type:.eq.time.zoneTrans
0x1400d0400	type:.eq.time.Ticker
0x1400d0420	type:.eq.time.Timer
0x1400d0440	type:.eq.time.abbr
0x1400d04c0	type:.eq.[1]time.zone
0x1400d0520	type:.eq.[1]time.zoneTrans
0x1400d0560	path.Clean
0x1400d0dc0	path.Join
0x1400d0fe0	io/fs.init
0x1400d1120	io/fs.FormatDirEntry
0x1400d13a0	io/fs.ValidPath
0x1400d14a0	io/fs.FileMode.String
0x1400d1680	io/fs.FileMode.IsDir
0x1400d16a0	io/fs.FileMode.Type
0x1400d16c0	io/fs.(*PathError).Error
0x1400d1740	io/fs.(*PathError).Unwrap
0x1400d1760	io/fs.(*PathError).Timeout
0x1400d1800	type:.eq.io/fs.PathError
0x1400d18c0	slices.pdqsortCmpFunc[go.shape.interface { Info() (io/fs.FileInfo, error); IsDir() bool; Name() string; Type() io/fs.FileMode }]
0x1400d1fa0	slices.partitionCmpFunc[go.shape.interface { Info() (io/fs.FileInfo, error); IsDir() bool; Name() string; Type() io/fs.FileMode }]
0x1400d24c0	slices.partitionEqualCmpFunc[go.shape.interface { Info() (io/fs.FileInfo, error); IsDir() bool; Name() string; Type() io/fs.FileMode }]
0x1400d27a0	slices.partialInsertionSortCmpFunc[go.shape.interface { Info() (io/fs.FileInfo, error); IsDir() bool; Name() string; Type() io/fs.FileMode }]
0x1400d2c40	slices.choosePivotCmpFunc[go.shape.interface { Info() (io/fs.FileInfo, error); IsDir() bool; Name() string; Type() io/fs.FileMode }]
0x1400d2ec0	slices.medianCmpFunc[go.shape.interface { Info() (io/fs.FileInfo, error); IsDir() bool; Name() string; Type() io/fs.FileMode }]
0x1400d3100	slices.breakPatternsCmpFunc[go.shape.interface { Info() (io/fs.FileInfo, error); IsDir() bool; Name() string; Type() io/fs.FileMode }]
0x1400d32a0	slices.heapSortCmpFunc[go.shape.interface { Info() (io/fs.FileInfo, error); IsDir() bool; Name() string; Type() io/fs.FileMode }]
0x1400d34a0	slices.siftDownCmpFunc[go.shape.interface { Info() (io/fs.FileInfo, error); IsDir() bool; Name() string; Type() io/fs.FileMode }]
0x1400d3720	io/fs.(*FileMode).IsDir
0x1400d3760	io/fs.(*FileMode).String
0x1400d37c0	io/fs.(*FileMode).Type
0x1400d3800	internal/syscall/windows.init
0x1400d4900	internal/syscall/windows.init.OnceFunc.func8
0x1400d4960	internal/syscall/windows.init.OnceFunc.func8.1
0x1400d49e0	internal/syscall/windows.init.OnceFunc.func8.1.1
0x1400d4a60	internal/syscall/windows.init.OnceValue[go.shape.bool].func7
0x1400d4ae0	internal/syscall/windows.init.OnceValue[go.shape.bool].func7.1
0x1400d4b80	internal/syscall/windows.init.OnceValue[go.shape.bool].func7.1.1
0x1400d4c00	internal/syscall/windows.init.OnceValue[go.shape.bool].func6
0x1400d4c80	internal/syscall/windows.init.OnceValue[go.shape.bool].func6.1
0x1400d4d20	internal/syscall/windows.init.OnceValue[go.shape.bool].func6.1.1
0x1400d4da0	internal/syscall/windows.init.OnceValue[go.shape.bool].func5
0x1400d4e20	internal/syscall/windows.init.OnceValue[go.shape.bool].func5.1
0x1400d4ec0	internal/syscall/windows.init.OnceValue[go.shape.bool].func5.1.1
0x1400d4f40	internal/syscall/windows.init.func1
0x1400d5040	internal/syscall/windows.init.func2
0x1400d50c0	internal/syscall/windows.init.func3
0x1400d5100	internal/syscall/windows.init.func4
0x1400d52c0	internal/syscall/windows.init.func4.deferwrap1
0x1400d5320	internal/syscall/windows.IsNonblock
0x1400d53c0	internal/syscall/windows.UTF16PtrToString
0x1400d5440	internal/syscall/windows.Rename
0x1400d5540	internal/syscall/windows.FinalPath
0x1400d5660	internal/syscall/windows.NTStatus.Error
0x1400d56a0	internal/syscall/windows.Version
0x1400d5720	internal/syscall/windows.ProcessPrng
0x1400d5840	internal/syscall/windows.GetAdaptersAddresses
0x1400d5960	internal/syscall/windows.CreateEvent
0x1400d5aa0	internal/syscall/windows.GetComputerNameEx
0x1400d5bc0	internal/syscall/windows.GetFileInformationByHandleEx
0x1400d5d00	internal/syscall/windows.GetFinalPathNameByHandle
0x1400d5e40	internal/syscall/windows.GetModuleFileName
0x1400d5f60	internal/syscall/windows.GetOverlappedResult
0x1400d60a0	internal/syscall/windows.GetTempPath2
0x1400d61a0	internal/syscall/windows.GetVolumeInformationByHandle
0x1400d6380	internal/syscall/windows.MoveFileEx
0x1400d64a0	internal/syscall/windows.NtQueryInformationFile
0x1400d65e0	internal/syscall/windows.NtSetInformationFile
0x1400d6720	internal/syscall/windows.rtlGetVersion
0x1400d67a0	internal/syscall/windows.RtlIsDosDeviceName_U
0x1400d6820	internal/syscall/windows.rtlNtStatusToDosErrorNoTeb
0x1400d68a0	internal/syscall/windows.WSAGetOverlappedResult
0x1400d6a00	internal/syscall/windows.WSASocket
0x1400d6b80	internal/syscall/windows.(*NTStatus).Error
0x1400d6be0	type:.eq.internal/syscall/windows.IpAdapterUnicastAddress
0x1400d6c60	type:.eq.internal/syscall/windows.SocketAddress
0x1400d6c80	type:.eq.internal/syscall/windows.IpAdapterAnycastAddress
0x1400d6cc0	type:.eq.internal/syscall/windows.IpAdapterMulticastAddress
0x1400d6d00	type:.eq.internal/syscall/windows.IpAdapterDnsServerAdapter
0x1400d6d40	type:.eq.internal/syscall/windows.IpAdapterPrefix
0x1400d6d80	type:.eq.internal/syscall/windows.IpAdapterWinsServerAddress
0x1400d6dc0	type:.eq.internal/syscall/windows.IpAdapterGatewayAddress
0x1400d6e00	type:.eq.internal/syscall/windows.WSAMsg
0x1400d6e60	internal/filepathlite.Clean
0x1400d7aa0	internal/filepathlite.replaceStringByte
0x1400d7b80	internal/filepathlite.Base
0x1400d7ca0	internal/filepathlite.Dir
0x1400d7dc0	internal/filepathlite.VolumeName
0x1400d7e40	internal/filepathlite.isLocal
0x1400d8080	internal/filepathlite.isReservedName
0x1400d81a0	internal/filepathlite.isReservedBaseName
0x1400d83a0	internal/filepathlite.IsAbs
0x1400d84a0	internal/filepathlite.volumeNameLen
0x1400d8720	internal/filepathlite.pathHasPrefixFold
0x1400d87c0	internal/filepathlite.postClean
0x1400d8920	slices.Insert[go.shape.[]uint8,go.shape.uint8]
0x1400d8e20	slices.rotateLeft[go.shape.uint8]
0x1400d8f60	internal/testlog.PanicOnExit0
0x1400d9020	internal/testlog.PanicOnExit0.deferwrap1
0x1400d9080	internal/testlog.Getenv
0x1400d9100	internal/testlog.Open
0x1400d9180	internal/testlog.Stat
0x1400d9200	internal/poll.init
0x1400d92c0	internal/poll.init.OnceFunc.func4
0x1400d9320	internal/poll.init.OnceFunc.func4.1
0x1400d93a0	internal/poll.init.OnceFunc.func4.1.1
0x1400d9420	internal/poll.init.func2
0x1400d94c0	internal/poll.init.func3
0x1400d94e0	internal/poll.errNetClosing.Error
0x1400d9500	internal/poll.errNetClosing.Timeout
0x1400d9520	internal/poll.errNetClosing.Temporary
0x1400d9540	internal/poll.(*DeadlineExceededError).Error
0x1400d9560	internal/poll.(*DeadlineExceededError).Timeout
0x1400d9580	internal/poll.(*DeadlineExceededError).Temporary
0x1400d95a0	internal/poll.(*FD).Fsync
0x1400d9700	internal/poll.(*FD).Fsync.deferwrap1
0x1400d9760	internal/poll.(*fdMutex).increfAndClose
0x1400d9880	internal/poll.(*fdMutex).rwlock
0x1400d99c0	internal/poll.(*fdMutex).rwunlock
0x1400d9ac0	internal/poll.(*FD).decref
0x1400d9b60	internal/poll.(*FD).readUnlock
0x1400d9bc0	internal/poll.(*FD).writeUnlock
0x1400d9c20	internal/poll.(*pollDesc).init
0x1400d9ce0	internal/poll.(*pollDesc).prepare
0x1400d9e00	internal/poll.(*pollDesc).wait
0x1400d9f60	internal/poll.(*FD).SetDeadline
0x1400d9fc0	internal/poll.(*FD).SetReadDeadline
0x1400da020	internal/poll.(*FD).SetWriteDeadline
0x1400da080	internal/poll.setDeadlineImpl
0x1400da2c0	internal/poll.setDeadlineImpl.deferwrap1
0x1400da320	internal/poll.checkSetFileCompletionNotificationModes
0x1400da400	internal/poll.(*operation).setEvent
0x1400da460	internal/poll.waitIO
0x1400da600	internal/poll.cancelIO
0x1400da700	internal/poll.execIO
0x1400daa40	internal/poll.(*FD).setOffset
0x1400daa80	internal/poll.(*FD).Init
0x1400dac60	internal/poll.(*FD).DisassociateIOCP
0x1400daea0	internal/poll.(*FD).DisassociateIOCP.deferwrap1
0x1400daf00	internal/poll.(*FD).destroy
0x1400db020	internal/poll.(*FD).Close
0x1400db100	internal/poll.(*FD).Read
0x1400db600	internal/poll.(*FD).Read.deferwrap2
0x1400db660	internal/poll.(*FD).Read.deferwrap1
0x1400db6c0	internal/poll.(*FD).readConsole
0x1400dbbc0	internal/poll.(*FD).Pread
0x1400dc120	internal/poll.(*FD).Pread.deferwrap5
0x1400dc180	internal/poll.(*FD).Pread.deferwrap4
0x1400dc1e0	internal/poll.(*FD).Pread.deferwrap3
0x1400dc240	internal/poll.(*FD).Pread.deferwrap2
0x1400dc2a0	internal/poll.(*FD).Pread.deferwrap1
0x1400dc300	internal/poll.(*FD).Write
0x1400dc800	internal/poll.(*FD).Write.deferwrap2
0x1400dc860	internal/poll.(*FD).Write.deferwrap1
0x1400dc8c0	internal/poll.(*FD).writeConsole
0x1400dcec0	internal/poll.(*FD).ConnectEx
0x1400dcf60	internal/poll.(*FD).acceptOne
0x1400dd0c0	internal/poll.(*FD).acceptOne.func1
0x1400dd140	internal/poll.(*FD).Accept
0x1400dd5a0	internal/poll.(*FD).Accept.deferwrap1
0x1400dd600	internal/poll.(*FD).Seek
0x1400dd8a0	internal/poll.(*FD).Seek.deferwrap2
0x1400dd900	internal/poll.(*FD).Seek.deferwrap1
0x1400dd960	internal/poll.(*FD).RawRead
0x1400ddb60	internal/poll.(*FD).RawRead.func1
0x1400ddbe0	internal/poll.(*FD).RawRead.deferwrap1
0x1400ddc40	internal/poll.SendFile
0x1400de1a0	internal/poll.SendFile.func3
0x1400de200	internal/poll.SendFile.func2
0x1400de280	internal/poll.SendFile.deferwrap1
0x1400de2e0	internal/poll.SendFile.func1
0x1400de340	internal/poll.(*FD).SetsockoptInt
0x1400de4c0	internal/poll.(*FD).SetsockoptInt.deferwrap1
0x1400de520	internal/poll.(*FD).WSAIoctl
0x1400de6c0	internal/poll.(*FD).WSAIoctl.deferwrap1
0x1400de720	internal/poll.(*FD).ConnectEx.func1
0x1400de780	internal/poll.(*FD).Write.func1
0x1400de800	internal/poll.(*FD).Write.func2
0x1400de860	internal/poll.(*FD).Pread.func1
0x1400de8e0	internal/poll.(*FD).Read.func1
0x1400de960	internal/poll.(*FD).Read.func2
0x1400de9c0	internal/poll.(*errNetClosing).Error
0x1400dea00	internal/poll.(*errNetClosing).Temporary
0x1400dea40	internal/poll.(*errNetClosing).Timeout
0x1400dea80	os.init
0x1400dedc0	os.init.OnceValue[go.shape.bool].func3
0x1400dee40	os.init.OnceValue[go.shape.bool].func3.1
0x1400deee0	os.init.OnceValue[go.shape.bool].func3.1.1
0x1400def60	os.init.func1
0x1400defe0	os.init.func2
0x1400df020	os.(*File).ReadDir
0x1400df0c0	os.ReadDir
0x1400df2a0	os.ReadDir.deferwrap1
0x1400df300	os.(*dirInfo).init
0x1400df400	os.(*File).readdir
0x1400e0060	os.(*File).readdir.deferwrap1
0x1400e00c0	os.dirEntry.Name
0x1400e00e0	os.dirEntry.IsDir
0x1400e0120	os.dirEntry.Type
0x1400e0160	os.dirEntry.String
0x1400e01a0	os.Getenv
0x1400e0200	os.LookupEnv
0x1400e0260	os.(*SyscallError).Error
0x1400e02e0	os.(*SyscallError).Unwrap
0x1400e0300	os.(*SyscallError).Timeout
0x1400e03a0	os.underlyingErrorIs
0x1400e04e0	os.init.0
0x1400e05e0	os.readNextArg
0x1400e0960	os.commandLineToArgv
0x1400e0ac0	os.Executable
0x1400e0b00	os.getModuleFileName
0x1400e0bc0	os.(*File).Name
0x1400e0be0	os.(*LinkError).Error
0x1400e0d00	os.(*LinkError).Unwrap
0x1400e0d20	os.(*File).Read
0x1400e0de0	os.(*File).ReadAt
0x1400e0fe0	os.(*File).ReadFrom
0x1400e1060	os.noReadFrom.ReadFrom
0x1400e10a0	os.genericReadFrom
0x1400e1120	os.(*File).Write
0x1400e1220	os.(*File).WriteTo
0x1400e12a0	os.noWriteTo.WriteTo
0x1400e12e0	os.genericWriteTo
0x1400e1360	os.(*File).Seek
0x1400e1460	os.(*File).WriteString
0x1400e14e0	os.Mkdir
0x1400e1680	os.OpenFile
0x1400e1720	os.openDir
0x1400e1780	os.(*File).wrapErr
0x1400e19c0	os.(*File).SetDeadline
0x1400e1a20	os.(*File).SetReadDeadline
0x1400e1a80	os.(*File).SetWriteDeadline
0x1400e1ae0	os.(*File).SyscallConn
0x1400e1b80	os.ReadFile
0x1400e1ce0	os.ReadFile.deferwrap1
0x1400e1d40	os.statOrZero
0x1400e1da0	os.readFileContents
0x1400e2000	os.WriteFile
0x1400e2100	os.(*File).Close
0x1400e2160	os.(*File).Sync
0x1400e2200	os.(*File).setDeadline
0x1400e22a0	os.(*File).setReadDeadline
0x1400e2340	os.(*File).setWriteDeadline
0x1400e23e0	os.newFile
0x1400e2660	os.openFileNolog
0x1400e2860	os.(*file).close
0x1400e2a20	os.(*File).seek
0x1400e2b00	os.Remove
0x1400e2d80	os.rename
0x1400e2f00	os.tempDir
0x1400e3040	os.MkdirAll
0x1400e3240	os.addExtendedPrefix
0x1400e3660	os.init.1
0x1400e3680	os.Exit
0x1400e3700	os.(*rawConn).Read
0x1400e3780	os.Stat
0x1400e37e0	os.Lstat
0x1400e3840	os.(*File).Stat
0x1400e38a0	os.stat
0x1400e4460	os.stat.deferwrap1
0x1400e44c0	os.statHandle
0x1400e4660	os.lstatNolog
0x1400e46e0	os.Hostname
0x1400e4700	os.hostname
0x1400e48e0	os.nextRandom
0x1400e49e0	os.CreateTemp
0x1400e4d60	os.prefixAndSuffix
0x1400e4e40	os.(*fileStat).Name
0x1400e4e60	os.(*fileStat).IsDir
0x1400e4ea0	os.newFileStatFromGetFileInformationByHandle
0x1400e5140	os.(*fileStat).Size
0x1400e5160	os.(*fileStat).Mode
0x1400e5200	os.(*fileStat).mode
0x1400e52a0	os.(*fileStat).modePreGo1_23
0x1400e5360	os.(*fileStat).ModTime
0x1400e5400	os.(*fileStat).saveInfoFromPath
0x1400e5580	os.ReadDir.func1
0x1400e5620	type:.eq.os.fileStat
0x1400e5720	type:.eq.os.LinkError
0x1400e5820	type:.eq.sync/atomic.Pointer[os.dirInfo]
0x1400e5840	type:.eq.os.dirInfo
0x1400e58e0	type:.eq.os.SyscallError
0x1400e5960	os.(*fileStat).Lock
0x1400e59c0	os.(*fileStat).Unlock
0x1400e5a20	os.(*dirEntry).IsDir
0x1400e5a80	os.(*dirEntry).Name
0x1400e5ac0	os.(*dirEntry).String
0x1400e5b20	os.(*dirEntry).Type
0x1400e5b80	os.(*noReadFrom).ReadFrom
0x1400e5c00	os.fileWithoutReadFrom.Close
0x1400e5c80	os.(*fileWithoutReadFrom).Close
0x1400e5d00	os.fileWithoutReadFrom.Name
0x1400e5d40	os.(*fileWithoutReadFrom).Name
0x1400e5d80	os.fileWithoutReadFrom.Read
0x1400e5e00	os.(*fileWithoutReadFrom).Read
0x1400e5e20	os.fileWithoutReadFrom.ReadAt
0x1400e5ea0	os.(*fileWithoutReadFrom).ReadAt
0x1400e5ec0	os.fileWithoutReadFrom.SetDeadline
0x1400e5f40	os.(*fileWithoutReadFrom).SetDeadline
0x1400e5fc0	os.fileWithoutReadFrom.SetReadDeadline
0x1400e6040	os.(*fileWithoutReadFrom).SetReadDeadline
0x1400e60c0	os.fileWithoutReadFrom.SetWriteDeadline
0x1400e6140	os.(*fileWithoutReadFrom).SetWriteDeadline
0x1400e61c0	os.fileWithoutReadFrom.SyscallConn
0x1400e6280	os.(*fileWithoutReadFrom).SyscallConn
0x1400e6360	os.fileWithoutReadFrom.Write
0x1400e63e0	os.(*fileWithoutReadFrom).Write
0x1400e6400	os.fileWithoutReadFrom.WriteString
0x1400e6480	os.(*fileWithoutReadFrom).WriteString
0x1400e6520	os.fileWithoutReadFrom.WriteTo
0x1400e65a0	os.(*fileWithoutReadFrom).WriteTo
0x1400e65c0	os.(*noWriteTo).WriteTo
0x1400e6640	os.fileWithoutWriteTo.Close
0x1400e66c0	os.(*fileWithoutWriteTo).Close
0x1400e6740	os.fileWithoutWriteTo.Name
0x1400e6780	os.(*fileWithoutWriteTo).Name
0x1400e67c0	os.fileWithoutWriteTo.Read
0x1400e6840	os.(*fileWithoutWriteTo).Read
0x1400e6860	os.fileWithoutWriteTo.ReadAt
0x1400e68e0	os.(*fileWithoutWriteTo).ReadAt
0x1400e6900	os.fileWithoutWriteTo.ReadFrom
0x1400e6980	os.(*fileWithoutWriteTo).ReadFrom
0x1400e69a0	os.fileWithoutWriteTo.SetDeadline
0x1400e6a20	os.(*fileWithoutWriteTo).SetDeadline
0x1400e6aa0	os.fileWithoutWriteTo.SetReadDeadline
0x1400e6b20	os.(*fileWithoutWriteTo).SetReadDeadline
0x1400e6ba0	os.fileWithoutWriteTo.SetWriteDeadline
0x1400e6c20	os.(*fileWithoutWriteTo).SetWriteDeadline
0x1400e6ca0	os.fileWithoutWriteTo.SyscallConn
0x1400e6d60	os.(*fileWithoutWriteTo).SyscallConn
0x1400e6e40	os.fileWithoutWriteTo.Write
0x1400e6ec0	os.(*fileWithoutWriteTo).Write
0x1400e6ee0	os.fileWithoutWriteTo.WriteString
0x1400e6f60	os.(*fileWithoutWriteTo).WriteString
0x1400e7000	os.(*File).Read-fm
0x1400e7080	fmt.init.func1
0x1400e70c0	fmt.Errorf
0x1400e76c0	fmt.(*wrapError).Error
0x1400e76e0	fmt.(*wrapError).Unwrap
0x1400e7700	fmt.(*wrapErrors).Error
0x1400e7720	fmt.(*wrapErrors).Unwrap
0x1400e7740	fmt.(*fmt).writePadding
0x1400e78c0	fmt.(*fmt).pad
0x1400e7c80	fmt.(*fmt).padString
0x1400e7f80	fmt.(*fmt).fmtBoolean
0x1400e7fe0	fmt.(*fmt).fmtUnicode
0x1400e8340	fmt.(*fmt).fmtInteger
0x1400e88c0	fmt.(*fmt).truncate
0x1400e89e0	fmt.(*fmt).fmtS
0x1400e8ac0	fmt.(*fmt).fmtBs
0x1400e8b40	fmt.(*fmt).fmtSbx
0x1400e9060	fmt.(*fmt).fmtQ
0x1400e9260	fmt.(*fmt).fmtC
0x1400e9300	fmt.(*fmt).fmtQc
0x1400e93c0	fmt.(*fmt).fmtFloat
0x1400e9c00	fmt.newPrinter
0x1400e9ca0	fmt.(*pp).free
0x1400e9da0	fmt.(*pp).Width
0x1400e9dc0	fmt.(*pp).Precision
0x1400e9de0	fmt.(*pp).Flag
0x1400e9e40	fmt.(*pp).Write
0x1400e9f60	fmt.(*pp).WriteString
0x1400ea060	fmt.Fprintf
0x1400ea180	fmt.Sprintf
0x1400ea260	fmt.Appendf
0x1400ea3e0	fmt.Fprint
0x1400ea4c0	fmt.Sprint
0x1400ea560	fmt.Append
0x1400ea6a0	fmt.Fprintln
0x1400ea780	fmt.Appendln
0x1400ea8c0	fmt.getField
0x1400ea940	fmt.(*pp).unknownType
0x1400eac00	fmt.(*pp).badVerb
0x1400eb1a0	fmt.(*pp).fmtBool
0x1400eb200	fmt.(*pp).fmt0x64
0x1400eb280	fmt.(*pp).fmtInteger
0x1400eb460	fmt.(*pp).fmtFloat
0x1400eb560	fmt.(*pp).fmtComplex
0x1400eb740	fmt.(*pp).fmtString
0x1400eb840	fmt.(*pp).fmtBytes
0x1400ebf00	fmt.(*pp).fmtPointer
0x1400ec380	fmt.(*pp).catchPanic
0x1400ec8e0	fmt.(*pp).handleMethods
0x1400ecee0	fmt.(*pp).handleMethods.deferwrap4
0x1400ecf40	fmt.(*pp).handleMethods.deferwrap3
0x1400ecfa0	fmt.(*pp).handleMethods.deferwrap2
0x1400ed000	fmt.(*pp).handleMethods.deferwrap1
0x1400ed060	fmt.(*pp).printArg
0x1400ed620	fmt.(*pp).printValue
0x1400ef4c0	fmt.intFromArg
0x1400ef640	fmt.parseArgNumber
0x1400ef720	fmt.(*pp).argNumber
0x1400ef840	fmt.(*pp).badArgNum
0x1400ef9e0	fmt.(*pp).missingArg
0x1400efb80	fmt.(*pp).doPrintf
0x1400f0d60	fmt.(*pp).doPrint
0x1400f0f60	fmt.(*pp).doPrintln
0x1400f1100	type:.eq.fmt.wrapError
0x1400f1180	slices.pdqsortOrdered[go.shape.int]
0x1400f15c0	slices.partitionOrdered[go.shape.int]
0x1400f17a0	slices.partitionEqualOrdered[go.shape.int]
0x1400f18a0	slices.partialInsertionSortOrdered[go.shape.int]
0x1400f1a40	slices.choosePivotOrdered[go.shape.int]
0x1400f1c80	slices.medianOrdered[go.shape.int]
0x1400f1d60	slices.breakPatternsOrdered[go.shape.int]
0x1400f1e40	slices.heapSortOrdered[go.shape.int]
0x1400f1fc0	slices.siftDownOrdered[go.shape.int]
0x1400f20a0	slices.insertionSortOrdered[go.shape.int]
0x1400f2120	type:.eq.fmt.fmt
0x1400f21e0	strings.(*Builder).String
0x1400f2240	strings.(*Builder).Len
0x1400f2260	strings.(*Builder).Reset
0x1400f22c0	strings.(*Builder).grow
0x1400f23a0	strings.(*Builder).Grow
0x1400f2440	strings.(*Builder).Write
0x1400f25a0	strings.(*Builder).WriteByte
0x1400f26a0	strings.(*Builder).WriteRune
0x1400f27e0	strings.(*Builder).WriteString
0x1400f2940	strings.(*Reader).Len
0x1400f2960	strings.(*Reader).Size
0x1400f2980	strings.(*Reader).Read
0x1400f2a80	strings.(*Reader).ReadAt
0x1400f2bc0	strings.(*Reader).ReadByte
0x1400f2c20	strings.(*Reader).UnreadByte
0x1400f2ca0	strings.(*Reader).ReadRune
0x1400f2d80	strings.(*Reader).WriteTo
0x1400f2e80	strings.(*Replacer).build
0x1400f3340	strings.(*Replacer).Replace
0x1400f33e0	strings.(*trieNode).add
0x1400f39e0	strings.(*genericReplacer).lookup
0x1400f3c00	strings.makeGenericReplacer
0x1400f3e40	strings.(*appendSliceWriter).Write
0x1400f3f60	strings.(*appendSliceWriter).WriteString
0x1400f4060	strings.stringWriter.WriteString
0x1400f4100	strings.(*genericReplacer).Replace
0x1400f41e0	strings.(*genericReplacer).WriteString
0x1400f45e0	strings.(*singleStringReplacer).Replace
0x1400f4ae0	strings.(*byteReplacer).Replace
0x1400f4be0	strings.(*byteStringReplacer).Replace
0x1400f4ee0	strings.makeStringFinder
0x1400f51c0	strings.explode
0x1400f5380	strings.Count
0x1400f54e0	strings.LastIndex
0x1400f57e0	strings.IndexRune
0x1400f5ba0	strings.IndexAny
0x1400f5d80	strings.genSplit
0x1400f6000	strings.Join
0x1400f64c0	strings.Map
0x1400f69a0	strings.ToUpper
0x1400f6e00	strings.ToLower
0x1400f7260	strings.TrimRightFunc
0x1400f7340	strings.TrimFunc
0x1400f7440	strings.lastIndexFunc
0x1400f7520	strings.Trim
0x1400f76c0	strings.TrimLeft
0x1400f7800	strings.trimLeftUnicode
0x1400f7900	strings.TrimRight
0x1400f7a20	strings.trimRightUnicode
0x1400f7b00	strings.TrimSpace
0x1400f7c40	strings.Replace
0x1400f8540	strings.EqualFold
0x1400f87c0	type:.eq.strings.singleStringReplacer
0x1400f8820	strings.(*stringWriter).WriteString
0x1400f88e0	strings.(*Replacer).buildOnce-fm
0x1400f8960	type:.eq.strings.Reader
0x1400f89e0	bytes.(*Buffer).String
0x1400f8a60	bytes.(*Buffer).Len
0x1400f8a80	bytes.(*Buffer).Reset
0x1400f8aa0	bytes.(*Buffer).grow
0x1400f8ce0	bytes.(*Buffer).Write
0x1400f8e00	bytes.(*Buffer).WriteString
0x1400f8f00	bytes.(*Buffer).ReadFrom
0x1400f90a0	bytes.growSlice
0x1400f9240	bytes.(*Buffer).WriteTo
0x1400f9380	bytes.(*Buffer).WriteByte
0x1400f9440	bytes.(*Buffer).Read
0x1400f9560	bytes.(*Buffer).ReadByte
0x1400f95e0	bytes.(*Buffer).ReadRune
0x1400f96c0	bytes.(*Buffer).UnreadByte
0x1400f9700	bytes.Compare
0x1400f9780	bytes.Count
0x1400f99a0	bytes.LastIndex
0x1400f9ac0	bytes.IndexRune
0x1400f9f00	bytes.IndexAny
0x1400fa3a0	bytes.TrimRightFunc
0x1400fa4a0	bytes.TrimFunc
0x1400fa560	bytes.indexFunc
0x1400fa6a0	bytes.lastIndexFunc
0x1400fa7c0	bytes.TrimLeft
0x1400fa940	bytes.trimLeftUnicode
0x1400faac0	bytes.TrimRight
0x1400fabe0	bytes.trimRightUnicode
0x1400fad20	bytes.TrimSpace
0x1400faea0	bytes.Replace
0x1400fb600	bytes.Index
0x1400fbd60	bytes.Cut
0x1400fbe60	bytes.(*Reader).Len
0x1400fbe80	bytes.(*Reader).Size
0x1400fbea0	bytes.(*Reader).Read
0x1400fbfa0	bytes.(*Reader).ReadAt
0x1400fc0e0	bytes.(*Reader).ReadByte
0x1400fc140	bytes.(*Reader).UnreadByte
0x1400fc1c0	bytes.(*Reader).ReadRune
0x1400fc2a0	bytes.(*Reader).WriteTo
0x1400fc3a0	bytes.growSlice.func1
0x1400fc400	bytes.Repeat
0x1400fc620	internal/bytealg.IndexRabinKarp[go.shape.[]uint8]
0x1400fc8c0	internal/bytealg.LastIndexRabinKarp[go.shape.[]uint8]
0x1400fcb60	encoding/json.init
0x1400fcd80	encoding/json.init.func1
0x1400fcdc0	encoding/json.Unmarshal
0x1400fcf20	encoding/json.(*UnmarshalTypeError).Error
0x1400fd0c0	encoding/json.(*InvalidUnmarshalError).Error
0x1400fd1a0	encoding/json.(*decodeState).unmarshal
0x1400fd3a0	encoding/json.Number.String
0x1400fd3c0	encoding/json.(*decodeState).addErrorContext
0x1400fd5e0	encoding/json.(*decodeState).skip
0x1400fd6a0	encoding/json.(*decodeState).scanNext
0x1400fd740	encoding/json.(*decodeState).scanWhile
0x1400fd820	encoding/json.(*decodeState).rescanLiteral
0x1400fd9a0	encoding/json.(*decodeState).value
0x1400fdb40	encoding/json.(*decodeState).valueQuoted
0x1400fdc00	encoding/json.indirect
0x1400fe160	encoding/json.(*decodeState).array
0x1400fe880	encoding/json.(*decodeState).object
0x140100320	encoding/json.(*decodeState).convertNumber
0x1401004a0	encoding/json.(*decodeState).literalStore
0x140102700	encoding/json.(*decodeState).valueInterface
0x1401027c0	encoding/json.(*decodeState).arrayInterface
0x140102960	encoding/json.(*decodeState).objectInterface
0x140102ba0	encoding/json.(*decodeState).literalInterface
0x140102dc0	encoding/json.getu4
0x140102e40	encoding/json.Marshal
0x1401030a0	encoding/json.Marshal.deferwrap1
0x140103100	encoding/json.MarshalIndent
0x140103240	encoding/json.(*UnsupportedTypeError).Error
0x1401032a0	encoding/json.(*UnsupportedValueError).Error
0x140103300	encoding/json.(*MarshalerError).Error
0x140103460	encoding/json.(*MarshalerError).Unwrap
0x140103480	encoding/json.newEncodeState
0x140103560	encoding/json.(*encodeState).marshal
0x1401036a0	encoding/json.(*encodeState).marshal.func1
0x140103720	encoding/json.isEmptyValue
0x1401037e0	encoding/json.(*encodeState).reflectValue
0x1401038c0	encoding/json.valueEncoder
0x140103940	encoding/json.typeEncoder
0x140103c20	encoding/json.typeEncoder.typeEncoder.OnceValue[go.shape.func(*encoding/json.encodeState, reflect.Value, encoding/json.encOpts)].func3.func4
0x140103ce0	encoding/json.typeEncoder.typeEncoder.OnceValue[go.shape.func(*encoding/json.encodeState, reflect.Value, encoding/json.encOpts)].func3.func4.1
0x140103d60	encoding/json.typeEncoder.func2
0x140103e20	encoding/json.typeEncoder.OnceValue[go.shape.func(*encoding/json.encodeState, reflect.Value, encoding/json.encOpts)].func3
0x140103ea0	encoding/json.typeEncoder.OnceValue[go.shape.func(*encoding/json.encodeState, reflect.Value, encoding/json.encOpts)].func3.1
0x140103f60	encoding/json.typeEncoder.OnceValue[go.shape.func(*encoding/json.encodeState, reflect.Value, encoding/json.encOpts)].func3.1.1
0x140103fe0	encoding/json.typeEncoder.func1
0x140104020	encoding/json.newTypeEncoder
0x1401044c0	encoding/json.invalidValueEncoder
0x140104540	encoding/json.marshalerEncoder
0x1401048a0	encoding/json.addrMarshalerEncoder
0x140104c60	encoding/json.textMarshalerEncoder
0x140104f60	encoding/json.addrTextMarshalerEncoder
0x1401052c0	encoding/json.boolEncoder
0x140105500	encoding/json.intEncoder
0x140105700	encoding/json.uintEncoder
0x140105900	encoding/json.floatEncoder.encode
0x140105d20	encoding/json.stringEncoder
0x140106240	encoding/json.interfaceEncoder
0x1401063a0	encoding/json.unsupportedTypeEncoder
0x1401064a0	encoding/json.structEncoder.encode
0x140106960	encoding/json.mapEncoder.encode
0x140107240	encoding/json.mapEncoder.encode.deferwrap1
0x1401072a0	encoding/json.newMapEncoder
0x1401073c0	encoding/json.encodeByteSlice
0x1401075c0	encoding/json.sliceEncoder.encode
0x140107b00	encoding/json.sliceEncoder.encode.deferwrap1
0x140107b60	encoding/json.newSliceEncoder
0x140107ca0	encoding/json.arrayEncoder.encode
0x140107e20	encoding/json.newArrayEncoder
0x140107ec0	encoding/json.ptrEncoder.encode
0x140108320	encoding/json.ptrEncoder.encode.deferwrap1
0x140108380	encoding/json.newPtrEncoder
0x140108420	encoding/json.condAddrEncoder.encode
0x140108500	encoding/json.isValidTag
0x140108640	encoding/json.typeByIndex
0x1401087a0	encoding/json.resolveKeyName
0x140108a00	encoding/json.cachedTypeFields
0x140108ca0	encoding/json.appendFoldedName
0x140108ea0	encoding/json.appendHTMLEscape
0x1401092a0	encoding/json.appendCompact
0x140109c40	encoding/json.appendCompact.deferwrap1
0x140109cc0	encoding/json.appendIndent
0x14010a7a0	encoding/json.appendIndent.deferwrap1
0x14010a820	encoding/json.checkValid
0x14010a940	encoding/json.(*SyntaxError).Error
0x14010a960	encoding/json.newScanner
0x14010aa00	encoding/json.freeScanner
0x14010aa80	encoding/json.(*scanner).eof
0x14010ab60	encoding/json.(*scanner).pushParseState
0x14010ad40	encoding/json.stateBeginValueOrEmpty
0x14010adc0	encoding/json.stateBeginValue
0x14010b100	encoding/json.stateBeginStringOrEmpty
0x14010b1a0	encoding/json.stateBeginString
0x14010b320	encoding/json.stateEndValue
0x14010b8e0	encoding/json.stateEndTop
0x14010ba20	encoding/json.stateInString
0x14010bbc0	encoding/json.stateInStringEsc
0x14010bd80	encoding/json.stateInStringEscU
0x14010bee0	encoding/json.stateInStringEscU1
0x14010c040	encoding/json.stateInStringEscU12
0x14010c1a0	encoding/json.stateInStringEscU123
0x14010c300	encoding/json.stateNeg
0x14010c480	encoding/json.state1
0x14010c500	encoding/json.state0
0x14010c5a0	encoding/json.stateDot
0x14010c700	encoding/json.stateDot0
0x14010c780	encoding/json.stateE
0x14010c800	encoding/json.stateESign
0x14010c960	encoding/json.stateE0
0x14010c9c0	encoding/json.stateT
0x14010cb20	encoding/json.stateTr
0x14010cc80	encoding/json.stateTru
0x14010cde0	encoding/json.stateF
0x14010cf40	encoding/json.stateFa
0x14010d0a0	encoding/json.stateFal
0x14010d200	encoding/json.stateFals
0x14010d360	encoding/json.stateN
0x14010d4c0	encoding/json.stateNu
0x14010d620	encoding/json.stateNul
0x14010d780	encoding/json.stateError
0x14010d7a0	encoding/json.quoteChar
0x14010d920	encoding/json.(*Decoder).Decode
0x14010db60	encoding/json.(*Decoder).readValue
0x14010de60	encoding/json.(*Decoder).refill
0x14010e040	encoding/json.(*Encoder).Encode
0x14010e340	encoding/json.(*Encoder).Encode.deferwrap1
0x14010e3a0	encoding/json.(*Decoder).tokenPrepareForDecode
0x14010e500	encoding/json.(*Decoder).peek
0x14010e5c0	encoding/json.parseTag
0x14010e620	encoding/json.tagOptions.Contains
0x14010e700	encoding/json.typeFields.func1
0x14010e960	encoding/json.typeFields.func2
0x14010eae0	encoding/json.typeFields.func3
0x14010eba0	encoding/json.typeFields.func4
0x14010ece0	encoding/json.typeFields.func5
0x14010ede0	encoding/json.typeFields.func6
0x14010ee40	encoding/json.mapEncoder.encode.func1
0x14010eee0	encoding/json.unquoteBytes
0x14010f7a0	encoding/json.isValidNumber
0x14010f980	encoding/json.typeFields
0x140111500	type:.eq.encoding/json.SyntaxError
0x140111560	slices.Compare[go.shape.[]int,go.shape.int]
0x1401115e0	slices.pdqsortCmpFunc[go.shape.struct { encoding/json.name string; encoding/json.nameBytes []uint8; encoding/json.nameNonEsc string; encoding/json.nameEscHTML string; encoding/json.tag bool; encoding/json.index []int; encoding/json.typ reflect.Type; encoding/json.omitEmpty bool; encoding/json.omitZero bool; encoding/json.isZero func(reflect.Value) bool; encoding/json.quoted bool; encoding/json.encoder encoding/json.encoderFunc }]
0x140112120	slices.partitionCmpFunc[go.shape.struct { encoding/json.name string; encoding/json.nameBytes []uint8; encoding/json.nameNonEsc string; encoding/json.nameEscHTML string; encoding/json.tag bool; encoding/json.index []int; encoding/json.typ reflect.Type; encoding/json.omitEmpty bool; encoding/json.omitZero bool; encoding/json.isZero func(reflect.Value) bool; encoding/json.quoted bool; encoding/json.encoder encoding/json.encoderFunc }]
0x140112f00	slices.partitionEqualCmpFunc[go.shape.struct { encoding/json.name string; encoding/json.nameBytes []uint8; encoding/json.nameNonEsc string; encoding/json.nameEscHTML string; encoding/json.tag bool; encoding/json.index []int; encoding/json.typ reflect.Type; encoding/json.omitEmpty bool; encoding/json.omitZero bool; encoding/json.isZero func(reflect.Value) bool; encoding/json.quoted bool; encoding/json.encoder encoding/json.encoderFunc }]
0x1401135e0	slices.partialInsertionSortCmpFunc[go.shape.struct { encoding/json.name string; encoding/json.nameBytes []uint8; encoding/json.nameNonEsc string; encoding/json.nameEscHTML string; encoding/json.tag bool; encoding/json.index []int; encoding/json.typ reflect.Type; encoding/json.omitEmpty bool; encoding/json.omitZero bool; encoding/json.isZero func(reflect.Value) bool; encoding/json.quoted bool; encoding/json.encoder encoding/json.encoderFunc }]
0x140114060	slices.choosePivotCmpFunc[go.shape.struct { encoding/json.name string; encoding/json.nameBytes []uint8; encoding/json.nameNonEsc string; encoding/json.nameEscHTML string; encoding/json.tag bool; encoding/json.index []int; encoding/json.typ reflect.Type; encoding/json.omitEmpty bool; encoding/json.omitZero bool; encoding/json.isZero func(reflect.Value) bool; encoding/json.quoted bool; encoding/json.encoder encoding/json.encoderFunc }]
0x1401142e0	slices.medianCmpFunc[go.shape.struct { encoding/json.name string; encoding/json.nameBytes []uint8; encoding/json.nameNonEsc string; encoding/json.nameEscHTML string; encoding/json.tag bool; encoding/json.index []int; encoding/json.typ reflect.Type; encoding/json.omitEmpty bool; encoding/json.omitZero bool; encoding/json.isZero func(reflect.Value) bool; encoding/json.quoted bool; encoding/json.encoder encoding/json.encoderFunc }]
0x140114800	slices.breakPatternsCmpFunc[go.shape.struct { encoding/json.name string; encoding/json.nameBytes []uint8; encoding/json.nameNonEsc string; encoding/json.nameEscHTML string; encoding/json.tag bool; encoding/json.index []int; encoding/json.typ reflect.Type; encoding/json.omitEmpty bool; encoding/json.omitZero bool; encoding/json.isZero func(reflect.Value) bool; encoding/json.quoted bool; encoding/json.encoder encoding/json.encoderFunc }]
0x140114ac0	slices.heapSortCmpFunc[go.shape.struct { encoding/json.name string; encoding/json.nameBytes []uint8; encoding/json.nameNonEsc string; encoding/json.nameEscHTML string; encoding/json.tag bool; encoding/json.index []int; encoding/json.typ reflect.Type; encoding/json.omitEmpty bool; encoding/json.omitZero bool; encoding/json.isZero func(reflect.Value) bool; encoding/json.quoted bool; encoding/json.encoder encoding/json.encoderFunc }]
0x140114dc0	slices.siftDownCmpFunc[go.shape.struct { encoding/json.name string; encoding/json.nameBytes []uint8; encoding/json.nameNonEsc string; encoding/json.nameEscHTML string; encoding/json.tag bool; encoding/json.index []int; encoding/json.typ reflect.Type; encoding/json.omitEmpty bool; encoding/json.omitZero bool; encoding/json.isZero func(reflect.Value) bool; encoding/json.quoted bool; encoding/json.encoder encoding/json.encoderFunc }]
0x140115320	type:.eq.encoding/json.UnsupportedValueError
0x1401153a0	encoding/json.appendString[go.shape.string]
0x140115c80	slices.pdqsortCmpFunc[go.shape.struct { encoding/json.v reflect.Value; encoding/json.ks string }]
0x1401166a0	slices.partitionCmpFunc[go.shape.struct { encoding/json.v reflect.Value; encoding/json.ks string }]
0x140117280	slices.partitionEqualCmpFunc[go.shape.struct { encoding/json.v reflect.Value; encoding/json.ks string }]
0x140117860	slices.partialInsertionSortCmpFunc[go.shape.struct { encoding/json.v reflect.Value; encoding/json.ks string }]
0x140118120	slices.choosePivotCmpFunc[go.shape.struct { encoding/json.v reflect.Value; encoding/json.ks string }]
0x1401183a0	slices.medianCmpFunc[go.shape.struct { encoding/json.v reflect.Value; encoding/json.ks string }]
0x1401187e0	slices.breakPatternsCmpFunc[go.shape.struct { encoding/json.v reflect.Value; encoding/json.ks string }]
0x140118a60	slices.heapSortCmpFunc[go.shape.struct { encoding/json.v reflect.Value; encoding/json.ks string }]
0x140118d40	slices.siftDownCmpFunc[go.shape.struct { encoding/json.v reflect.Value; encoding/json.ks string }]
0x1401191e0	encoding/json.appendString[go.shape.[]uint8]
0x140119ba0	type:.eq.encoding/json.MarshalerError
0x140119c60	type:.eq.encoding/json.UnmarshalTypeError
0x140119d60	encoding/json.(*Number).String
0x140119da0	encoding/json.(*encodeState).Len
0x140119de0	encoding/json.(*encodeState).Read
0x140119f20	encoding/json.(*encodeState).ReadByte
0x140119fc0	encoding/json.(*encodeState).ReadFrom
0x140119fe0	encoding/json.(*encodeState).ReadRune
0x14011a000	encoding/json.(*encodeState).Reset
0x14011a040	encoding/json.(*encodeState).String
0x14011a0c0	encoding/json.(*encodeState).UnreadByte
0x14011a120	encoding/json.(*encodeState).Write
0x14011a140	encoding/json.(*encodeState).WriteByte
0x14011a160	encoding/json.(*encodeState).WriteString
0x14011a180	encoding/json.(*encodeState).WriteTo
0x14011a1a0	encoding/json.jsonError.Error
0x14011a200	encoding/json.(*jsonError).Error
0x14011a260	encoding/json.floatEncoder.encode-fm
0x14011a320	encoding/json.condAddrEncoder.encode-fm
0x14011a3e0	encoding/json.ptrEncoder.encode-fm
0x14011a4a0	encoding/json.arrayEncoder.encode-fm
0x14011a560	encoding/json.sliceEncoder.encode-fm
0x14011a620	encoding/json.mapEncoder.encode-fm
0x14011a6e0	encoding/json.structEncoder.encode-fm
0x14011a7c0	type:.eq.encoding/json.reflectWithString
0x14011a840	type:.eq.struct { encoding/json.ptr interface {}; encoding/json.len int }
0x14011a8c0	type:.eq.go.shape.struct { encoding/json.v reflect.Value; encoding/json.ks string }
0x14011a940	log.init
0x14011a9a0	log.init.func1
0x14011a9e0	log.New
0x14011aae0	log.(*Logger).SetOutput
0x14011ac00	log.(*Logger).SetOutput.deferwrap1
0x14011ac60	log.formatHeader
0x14011c200	log.putBuffer
0x14011c280	log.(*Logger).output
0x14011c7a0	log.(*Logger).output.deferwrap2
0x14011c800	log.(*Logger).output.deferwrap1
0x14011c880	log.init.0
0x14011c8c0	log.Printf
0x14011c980	log.Printf.func1
0x14011c9e0	log.Fatalf
0x14011caa0	log.Fatalf.func1
0x14011cb00	log.init.0.func1
0x14011cba0	log.init.0.func1.1
0x14011cc60	type:.eq.log.Logger
0x14011cd00	type:.eq.sync/atomic.Pointer[string]
0x14011cd20	context.init
0x14011cd80	context.deadlineExceededError.Error
0x14011cda0	context.deadlineExceededError.Timeout
0x14011cdc0	context.deadlineExceededError.Temporary
0x14011cde0	context.emptyCtx.Deadline
0x14011ce00	context.emptyCtx.Done
0x14011ce20	context.emptyCtx.Err
0x14011ce40	context.emptyCtx.Value
0x14011ce60	context.backgroundCtx.String
0x14011ce80	context.WithCancel
0x14011cf60	context.WithCancel.func1
0x14011cfa0	context.WithCancelCause
0x14011d080	context.WithCancelCause.func1
0x14011d0e0	context.Cause
0x14011d1e0	context.AfterFunc
0x14011d2c0	context.AfterFunc.func1
0x14011d360	context.AfterFunc.func1.1
0x14011d380	context.(*afterFuncCtx).cancel
0x14011d460	context.(*afterFuncCtx).cancel.func1
0x14011d4a0	context.parentCancelCtx
0x14011d5c0	context.removeChild
0x14011d6c0	context.init.0
0x14011d700	context.(*cancelCtx).Value
0x14011d7a0	context.(*cancelCtx).Done
0x14011d980	context.(*cancelCtx).Done.deferwrap1
0x14011d9e0	context.(*cancelCtx).Err
0x14011dae0	context.(*cancelCtx).propagateCancel
0x14011e020	context.(*cancelCtx).propagateCancel.func2
0x14011e140	context.(*cancelCtx).propagateCancel.func1
0x14011e1e0	context.contextName
0x14011e2e0	context.(*cancelCtx).String
0x14011e340	context.(*cancelCtx).cancel
0x14011e6c0	context.withoutCancelCtx.Deadline
0x14011e6e0	context.withoutCancelCtx.Done
0x14011e700	context.withoutCancelCtx.Err
0x14011e720	context.withoutCancelCtx.Value
0x14011e7c0	context.withoutCancelCtx.String
0x14011e820	context.WithDeadlineCause
0x14011ec80	context.WithDeadlineCause.func3
0x14011ecc0	context.WithDeadlineCause.func2
0x14011ed00	context.WithDeadlineCause.deferwrap1
0x14011ed60	context.WithDeadlineCause.func1
0x14011eda0	context.(*timerCtx).Deadline
0x14011edc0	context.(*timerCtx).String
0x14011efa0	context.(*timerCtx).cancel
0x14011f100	context.WithTimeout
0x14011f180	context.WithValue
0x14011f320	context.stringify
0x14011f440	context.(*valueCtx).String
0x14011f5a0	context.(*valueCtx).Value
0x14011f660	context.value
0x14011f8a0	type:.eq.context.valueCtx
0x14011f960	context.(*deadlineExceededError).Error
0x14011f9a0	context.(*deadlineExceededError).Temporary
0x14011f9e0	context.(*deadlineExceededError).Timeout
0x14011fa20	context.(*emptyCtx).Deadline
0x14011fa60	context.(*emptyCtx).Done
0x14011faa0	context.(*emptyCtx).Err
0x14011fae0	context.(*emptyCtx).Value
0x14011fb20	context.backgroundCtx.Deadline
0x14011fb60	context.(*backgroundCtx).Deadline
0x14011fba0	context.backgroundCtx.Done
0x14011fbc0	context.(*backgroundCtx).Done
0x14011fbe0	context.backgroundCtx.Err
0x14011fc00	context.(*backgroundCtx).Err
0x14011fc40	context.(*backgroundCtx).String
0x14011fc80	context.backgroundCtx.Value
0x14011fca0	context.(*backgroundCtx).Value
0x14011fce0	context.cancelCtx.Deadline
0x14011fd40	context.(*cancelCtx).Deadline
0x14011fda0	context.afterFuncCtx.Deadline
0x14011fe00	context.(*afterFuncCtx).Deadline
0x14011fe60	context.(*afterFuncCtx).Done
0x14011fe80	context.(*afterFuncCtx).Err
0x14011fea0	context.(*afterFuncCtx).String
0x14011ff20	context.(*afterFuncCtx).Value
0x14011ffe0	context.stopCtx.Deadline
0x140120060	context.(*stopCtx).Deadline
0x1401200c0	context.stopCtx.Done
0x140120140	context.(*stopCtx).Done
0x1401201a0	context.stopCtx.Err
0x140120220	context.(*stopCtx).Err
0x140120280	context.stopCtx.Value
0x140120320	context.(*stopCtx).Value
0x1401203a0	context.(*withoutCancelCtx).Deadline
0x1401203e0	context.(*withoutCancelCtx).Done
0x140120420	context.(*withoutCancelCtx).Err
0x140120460	context.(*withoutCancelCtx).String
0x1401204e0	context.(*withoutCancelCtx).Value
0x1401205a0	context.(*timerCtx).Done
0x1401205c0	context.(*timerCtx).Err
0x1401205e0	context.(*timerCtx).Value
0x1401206a0	context.valueCtx.Deadline
0x140120760	context.(*valueCtx).Deadline
0x1401207c0	context.valueCtx.Done
0x140120880	context.(*valueCtx).Done
0x1401208e0	context.valueCtx.Err
0x1401209a0	context.(*valueCtx).Err
0x140120a00	log/slog/internal/buffer.init.func1
0x140120a80	log/slog/internal/buffer.(*Buffer).Reset
0x140120aa0	log/slog/internal/buffer.(*Buffer).Write
0x140120bc0	log/slog/internal/buffer.(*Buffer).WriteString
0x140120cc0	log/slog/internal/buffer.(*Buffer).WriteByte
0x140120d80	log/slog/internal/buffer.(*Buffer).String
0x140120dc0	log/slog/internal/buffer.(*Buffer).Len
0x140120de0	log/slog.init.func1
0x140120e60	log/slog.Attr.String
0x140120f20	log/slog.(*defaultHandler).Enabled
0x140120f40	log/slog.(*defaultHandler).Handle
0x1401213a0	log/slog.(*defaultHandler).Handle.deferwrap1
0x140121400	log/slog.(*handleState).appendNonBuiltIns
0x140121c00	log/slog.(*commonHandler).newHandleState
0x140121ee0	log/slog.(*handleState).free
0x140121fa0	log/slog.(*handleState).openGroup
0x140122280	log/slog.(*handleState).appendAttr
0x140122da0	log/slog.(*handleState).appendError
0x140122e40	log/slog.(*handleState).appendKey
0x140123120	log/slog.(*handleState).appendTwoStrings
0x140123520	log/slog.(*handleState).appendString
0x1401237e0	log/slog.(*handleState).appendValue
0x1401238c0	log/slog.(*handleState).appendValue.func1
0x140123a00	log/slog.(*handleState).appendTime
0x140123ac0	log/slog.appendRFC3339Millis
0x140123c60	log/slog.appendJSONTime
0x140123e40	log/slog.appendJSONValue
0x1401245a0	log/slog.appendJSONMarshal
0x1401247a0	log/slog.appendEscapedJSONString
0x1401250a0	log/slog.Level.String
0x1401252c0	log/slog.Level.MarshalJSON
0x140125320	log/slog.(*Level).UnmarshalJSON
0x1401253a0	log/slog.Level.MarshalText
0x140125460	log/slog.(*Level).UnmarshalText
0x1401254e0	log/slog.(*Level).parse
0x140125740	log/slog.(*Level).parse.func1
0x140125820	log/slog.init.0
0x140125900	log/slog.(*Logger).Enabled
0x140125980	log/slog.(*Logger).log
0x140125c00	log/slog.(*Record).Add
0x1401261e0	log/slog.argsToAttr
0x140126500	log/slog.(*Source).group
0x140126860	log/slog.appendTextValue
0x140126e60	log/slog.byteSlice
0x140127000	log/slog.needsQuoting
0x140127160	log/slog.Kind.String
0x1401271a0	log/slog.TimeValue
0x140127380	log/slog.GroupValue
0x140127ae0	log/slog.AnyValue
0x140127e80	log/slog.Value.Any
0x140128380	log/slog.Value.String
0x140128420	log/slog.Value.Int64
0x1401285e0	log/slog.Value.Uint64
0x1401287a0	log/slog.Value.Bool
0x140128960	log/slog.Value.Duration
0x140128b20	log/slog.Value.Float64
0x140128ce0	log/slog.Value.Time
0x140128ec0	log/slog.Value.time
0x1401290a0	log/slog.Value.append
0x140129900	log/slog.Value.Resolve
0x140129d00	log/slog.Value.Resolve.func1
0x140129de0	log/slog.stack
0x14012a160	type:.eq.log/slog.Source
0x14012a200	log/slog.(*Level).MarshalJSON
0x14012a260	log/slog.(*Level).MarshalText
0x14012a340	log/slog.(*Level).String
0x14012a3a0	log/slog.(*Value).String
0x14012a400	log/slog.(*Value).Uint64
0x14012a460	log/slog.(*Kind).String
0x14012a4e0	log/slog.(*Attr).String
0x14012a5a0	hash.Hash.Size
0x14012a600	crypto.init
0x14012a680	crypto.Hash.HashFunc
0x14012a6a0	crypto.Hash.String
0x14012a880	crypto.Hash.Size
0x14012a900	crypto.Hash.New
0x14012a9c0	crypto.SignMessage
0x14012ac20	crypto.(*Hash).HashFunc
0x14012ac60	crypto.(*Hash).Size
0x14012ad00	crypto.(*Hash).String
0x14012ad60	crypto/internal/fips140deps/cpu.init
0x14012aec0	crypto/internal/impl.Register
0x14012b0a0	type:.eq.crypto/internal/impl.implementation
0x14012b140	type:.eq.crypto/internal/fips140/sha256.Digest
0x14012b180	type:.eq.crypto/internal/fips140/sha3.Digest
0x14012b1e0	crypto/internal/sysrand.warnBlocked
0x14012b220	crypto/internal/sysrand.Read
0x14012b380	crypto/internal/sysrand.Read.deferwrap1
0x14012b3e0	crypto/internal/entropy.Depleted
0x14012b440	math/rand/v2.(*ChaCha8).Uint64
0x14012b4a0	math/rand/v2.(*ChaCha8).Read
0x14012b680	math/rand/v2.(*ChaCha8).UnmarshalBinary
0x14012b880	math/rand/v2.(*ChaCha8).AppendBinary
0x14012bb60	math/rand/v2.(*ChaCha8).MarshalBinary
0x14012bbc0	math/rand/v2.runtimeSource.Uint64
0x14012bbe0	math/rand/v2.(*runtimeSource).Uint64
0x14012bc40	type:.eq.math/rand/v2.ChaCha8
0x14012bcc0	crypto/internal/randutil.MaybeReadByte
0x14012bd60	crypto/internal/fips140only.init
0x14012bdc0	crypto/internal/fips140only.ApprovedHash
0x14012be20	type:.eq.crypto/internal/fips140/aes/gcm.GCMForTLS13
0x14012be80	crypto/cipher.newCBC
0x14012c060	crypto/cipher.NewCBCEncrypter
0x14012c280	crypto/cipher.(*cbcEncrypter).BlockSize
0x14012c2a0	crypto/cipher.(*cbcEncrypter).CryptBlocks
0x14012c5a0	crypto/cipher.(*cbcEncrypter).SetIV
0x14012c620	crypto/cipher.NewCBCDecrypter
0x14012c840	crypto/cipher.(*cbcDecrypter).BlockSize
0x14012c860	crypto/cipher.(*cbcDecrypter).CryptBlocks
0x14012cce0	crypto/cipher.(*cbcDecrypter).SetIV
0x14012cd60	crypto/cipher.NewCTR
0x14012d1e0	crypto/cipher.aesCtrWrapper.XORKeyStream
0x14012d260	crypto/cipher.(*ctr).refill
0x14012d420	crypto/cipher.(*ctr).XORKeyStream
0x14012d680	crypto/cipher.NewGCM
0x14012d720	crypto/cipher.NewGCMWithNonceSize
0x14012d7c0	crypto/cipher.newGCM
0x14012d8e0	crypto/cipher.newGCMFallback
0x14012db00	crypto/cipher.(*gcmFallback).NonceSize
0x14012db20	crypto/cipher.(*gcmFallback).Overhead
0x14012db40	crypto/cipher.(*gcmFallback).Seal
0x14012e040	crypto/cipher.(*gcmFallback).Open
0x14012e5c0	crypto/cipher.deriveCounter
0x14012e6e0	crypto/cipher.gcmCounterCryptGeneric
0x14012e9a0	crypto/cipher.gcmAuth
0x14012eb40	type:.eq.crypto/cipher.gcmFallback
0x14012ebc0	crypto/cipher.(*aesCtrWrapper).XORKeyStream
0x14012ec80	crypto/internal/boring/sig.StandardCrypto
0x14012eca0	p256SubInternal
0x14012ed00	p256MulInternal
0x14012ef40	p256SqrInternal
0x14012f100	p256IsZero
0x14012f140	crypto/ecdh.init.func1
0x14012f200	crypto/ecdh.init.func2
0x14012f2c0	crypto/ecdh.init.func3
0x14012f380	crypto/ecdh.init.func4
0x14012f440	crypto/ecdh.init.func5
0x14012f500	crypto/ecdh.init.func6
0x14012f5c0	crypto/ecdh.init.func7
0x14012f680	crypto/ecdh.init.func8
0x14012f740	crypto/ecdh.init.func9
0x14012f800	crypto/ecdh.init.func10
0x14012f8c0	crypto/ecdh.init.func11
0x14012f980	crypto/ecdh.init.func12
0x14012fa40	crypto/ecdh.(*PublicKey).Equal
0x14012fb20	crypto/ecdh.(*PrivateKey).ECDH
0x14012fbe0	crypto/ecdh.(*PrivateKey).Public
0x14012fc00	crypto/ecdh.(*nistCurve).String
0x14012fc20	crypto/ecdh.(*nistCurve).GenerateKey
0x14012fea0	crypto/ecdh.(*nistCurve).NewPrivateKey
0x140130100	crypto/ecdh.(*nistCurve).NewPublicKey
0x1401302c0	crypto/ecdh.(*nistCurve).ecdh
0x140130320	crypto/ecdh.(*x25519Curve).String
0x140130340	crypto/ecdh.(*x25519Curve).GenerateKey
0x140130460	crypto/ecdh.(*x25519Curve).NewPrivateKey
0x140130760	crypto/ecdh.(*x25519Curve).NewPublicKey
0x140130940	crypto/ecdh.(*x25519Curve).ecdh
0x140130a60	crypto/ecdh.x25519ScalarMult
0x140131120	math/rand.(*Rand).Seed
0x1401311a0	math/rand.globalRand
0x140131380	math/rand.(*runtimeSource).Int63
0x1401313a0	math/rand.(*runtimeSource).Seed
0x1401313e0	math/rand.(*runtimeSource).Uint64
0x140131400	math/rand.Float64
0x140131460	math/rand.(*lockedSource).Int63
0x140131560	math/rand.(*lockedSource).Uint64
0x140131660	math/rand.(*lockedSource).Seed
0x140131700	math/rand.(*lockedSource).seedPos
0x1401317a0	math/rand.(*lockedSource).seed
0x140131840	math/rand.(*rngSource).Seed
0x1401319c0	math/rand.(*rngSource).Int63
0x140131a60	math/rand.(*rngSource).Uint64
0x140131b00	type:.eq.math/rand.lockedSource
0x140131b20	type:.eq.math/rand.runtimeSource
0x140131b40	type:.eq.math/rand.Rand
0x140131c00	math/big.init
0x140131c20	math/big.divWW
0x140131d00	math/big.(*Int).SetInt64
0x140131dc0	math/big.(*Int).Add
0x140131fa0	math/big.(*Int).Sub
0x140132180	math/big.(*Int).mul
0x1401322e0	math/big.(*Int).QuoRem
0x140132440	math/big.(*Int).Div
0x140132500	math/big.(*Int).Mod
0x140132780	math/big.(*Int).Cmp
0x140132820	math/big.(*Int).Uint64
0x140132840	math/big.(*Int).SetString
0x140132900	math/big.(*Int).setFromScanner
0x1401329c0	math/big.(*Int).Bytes
0x140132ae0	math/big.(*Int).GCD
0x140133060	math/big.lehmerSimulate
0x1401331e0	math/big.lehmerUpdate
0x140133460	math/big.euclidUpdate
0x140133560	math/big.(*Int).lehmerGCD
0x1401344a0	math/big.(*Int).ModInverse
0x140134900	math/big.(*Int).Rsh
0x140134a60	math/big.(*Int).Or
0x140134d40	math/big.(*Int).String
0x140134dc0	math/big.(*Int).Format
0x140135700	math/big.(*Int).scan
0x140135820	math/big.scanSign
0x1401358c0	math/big.(*Int).MarshalText
0x1401359c0	math/big.(*Int).UnmarshalText
0x140135ae0	math/big.(*Int).MarshalJSON
0x140135b60	math/big.(*Int).UnmarshalJSON
0x140135be0	math/big.nat.String
0x140135c60	math/big.nat.setUint64
0x140135d00	math/big.nat.add
0x1401360a0	math/big.nat.sub
0x140136480	math/big.nat.cmp
0x140136520	math/big.nat.montgomery
0x140136b00	math/big.addTo
0x140136c40	math/big.(*stack).free
0x140136ca0	math/big.(*stack).restore
0x140136ce0	math/big.(*stack).nat
0x140136ea0	math/big.nat.lsh
0x140137320	math/big.nat.rsh
0x1401376c0	math/big.nat.and
0x140137840	math/big.nat.trunc
0x140137ac0	math/big.nat.andNot
0x140137ce0	math/big.nat.or
0x140137f40	math/big.nat.expNN
0x1401390a0	math/big.nat.expNN.deferwrap1
0x140139100	math/big.nat.expNNMontgomeryEven
0x1401396c0	math/big.nat.expNNWindowed
0x14013a120	math/big.nat.expNNWindowed.deferwrap1
0x14013a180	math/big.nat.expNNMontgomery
0x14013afe0	math/big.nat.setBytes
0x14013b1e0	math/big.nat.subMod2N
0x14013b5e0	math/big.nat.scan
0x14013c120	math/big.nat.itoa
0x14013c7c0	math/big.nat.itoa.deferwrap1
0x14013c820	math/big.nat.convertWords
0x14013cf20	math/big.nat.expWW
0x14013d000	math/big.divisors
0x14013d6c0	math/big.nat.rem
0x14013d900	math/big.nat.rem.deferwrap1
0x14013d960	math/big.nat.div
0x14013dec0	math/big.nat.div.deferwrap1
0x14013df20	math/big.nat.divW
0x14013e1c0	math/big.divWVW
0x14013e380	math/big.nat.divLarge
0x14013ec40	math/big.nat.divLarge.deferwrap1
0x14013eca0	math/big.nat.divBasic
0x14013f380	math/big.nat.divBasic.deferwrap1
0x14013f3e0	math/big.nat.divRecursiveStep
0x140140460	math/big.nat.divRecursiveStep.deferwrap1
0x1401404c0	math/big.nat.mul
0x140140c20	math/big.nat.mul.deferwrap2
0x140140c80	math/big.nat.mul.deferwrap1
0x140140ce0	math/big.nat.sqr
0x140141180	math/big.nat.sqr.deferwrap1
0x1401411e0	math/big.basicSqr
0x1401416a0	math/big.basicSqr.deferwrap1
0x140141700	math/big.nat.mulAddWW
0x140141940	math/big.basicMul
0x140141bc0	math/big.karatsuba
0x140142260	math/big.karatsuba.deferwrap1
0x1401422c0	math/big.karatsubaSqr
0x140142840	math/big.karatsubaSqr.deferwrap1
0x1401428a0	math/big.addVW
0x140142a40	math/big.subVW
0x140142be0	math/big.addVV
0x140142c80	math/big.subVV
0x140142d20	math/big.lshVU
0x140142e00	math/big.rshVU
0x140142ec0	math/big.mulAddVWW
0x140142f80	math/big.addMulVVWW
0x1401431e0	math/big.(*nat).String
0x140143260	crypto/elliptic.Marshal
0x140143540	crypto/elliptic.Unmarshal
0x1401438c0	crypto/elliptic.panicIfNotOnCurve
0x1401439a0	crypto/elliptic.initAll
0x1401439e0	crypto/elliptic.initP224
0x140143c20	crypto/elliptic.initP256
0x140143e60	crypto/elliptic.initP384
0x1401440a0	crypto/elliptic.initP521
0x1401442e0	crypto/elliptic.(*CurveParams).Params
0x140144300	crypto/elliptic.(*CurveParams).polynomial
0x140144420	crypto/elliptic.(*CurveParams).IsOnCurve
0x1401445a0	crypto/elliptic.zForAffine
0x140144660	crypto/elliptic.(*CurveParams).affineFromJacobian
0x140144820	crypto/elliptic.(*CurveParams).Add
0x140144960	crypto/elliptic.(*CurveParams).addJacobian
0x140145e20	crypto/elliptic.(*CurveParams).doubleJacobian
0x140146560	crypto/elliptic.(*CurveParams).ScalarMult
0x1401467e0	crypto/elliptic.(*CurveParams).ScalarBaseMult
0x1401468a0	crypto/elliptic.matchesSpecificCurve
0x1401469c0	type:.eq.crypto/elliptic.CurveParams
0x140146a40	crypto/elliptic.(*nistCurve[go.shape.*uint8]).Unmarshal
0x140146ca0	crypto/elliptic.(*nistCurve[go.shape.*uint8]).ScalarBaseMult
0x140146d80	crypto/elliptic.(*nistCurve[go.shape.*uint8]).ScalarMult
0x140146ec0	crypto/elliptic.(*nistCurve[go.shape.*uint8]).normalizeScalar
0x140147120	crypto/elliptic.(*nistCurve[go.shape.*uint8]).Add
0x140147240	crypto/elliptic.(*nistCurve[go.shape.*uint8]).pointToAffine
0x140147460	crypto/elliptic.(*nistCurve[go.shape.*uint8]).pointFromAffine
0x140147940	crypto/elliptic.(*nistCurve[go.shape.*uint8]).IsOnCurve
0x140147a00	crypto/elliptic.(*nistCurve[*crypto/internal/fips140/nistec.P521Point]).Unmarshal
0x140147a80	crypto/elliptic.(*nistCurve[*crypto/internal/fips140/nistec.P521Point]).ScalarBaseMult
0x140147b00	crypto/elliptic.(*nistCurve[*crypto/internal/fips140/nistec.P521Point]).ScalarMult
0x140147ba0	crypto/elliptic.(*nistCurve[*crypto/internal/fips140/nistec.P521Point]).Add
0x140147c20	crypto/elliptic.(*nistCurve[*crypto/internal/fips140/nistec.P521Point]).IsOnCurve
0x140147ca0	crypto/elliptic.(*nistCurve[*crypto/internal/fips140/nistec.P521Point]).Params
0x140147ce0	crypto/elliptic.(*nistCurve[*crypto/internal/fips140/nistec.P384Point]).Unmarshal
0x140147d60	crypto/elliptic.(*nistCurve[*crypto/internal/fips140/nistec.P384Point]).ScalarBaseMult
0x140147de0	crypto/elliptic.(*nistCurve[*crypto/internal/fips140/nistec.P384Point]).ScalarMult
0x140147e80	crypto/elliptic.(*nistCurve[*crypto/internal/fips140/nistec.P384Point]).Add
0x140147f00	crypto/elliptic.(*nistCurve[*crypto/internal/fips140/nistec.P384Point]).IsOnCurve
0x140147f80	crypto/elliptic.(*nistCurve[*crypto/internal/fips140/nistec.P384Point]).Params
0x140147fc0	crypto/elliptic.(*nistCurve[*crypto/internal/fips140/nistec.P256Point]).Unmarshal
0x140148040	crypto/elliptic.(*nistCurve[*crypto/internal/fips140/nistec.P256Point]).ScalarBaseMult
0x1401480c0	crypto/elliptic.(*nistCurve[*crypto/internal/fips140/nistec.P256Point]).ScalarMult
0x140148160	crypto/elliptic.(*nistCurve[*crypto/internal/fips140/nistec.P256Point]).Add
0x1401481e0	crypto/elliptic.(*nistCurve[*crypto/internal/fips140/nistec.P256Point]).IsOnCurve
0x140148260	crypto/elliptic.(*nistCurve[*crypto/internal/fips140/nistec.P256Point]).Params
0x1401482a0	crypto/elliptic.(*nistCurve[*crypto/internal/fips140/nistec.P224Point]).Unmarshal
0x140148320	crypto/elliptic.(*nistCurve[*crypto/internal/fips140/nistec.P224Point]).ScalarBaseMult
0x1401483a0	crypto/elliptic.(*nistCurve[*crypto/internal/fips140/nistec.P224Point]).ScalarMult
0x140148440	crypto/elliptic.(*nistCurve[*crypto/internal/fips140/nistec.P224Point]).Add
0x1401484c0	crypto/elliptic.(*nistCurve[*crypto/internal/fips140/nistec.P224Point]).IsOnCurve
0x140148540	crypto/elliptic.(*nistCurve[*crypto/internal/fips140/nistec.P224Point]).Params
0x140148580	type:.eq.crypto/internal/fips140/bigmod.Modulus
0x1401485c0	crypto/sha3.init.0
0x140148700	crypto/sha3.(*SHA3).Write
0x140148760	crypto/sha3.(*SHA3).Sum
0x1401487c0	crypto/sha3.(*SHA3).Reset
0x140148820	crypto/sha3.(*SHA3).Size
0x140148840	crypto/sha3.(*SHA3).BlockSize
0x140148860	crypto/sha3.(*SHA3).MarshalBinary
0x140148960	crypto/sha3.(*SHA3).UnmarshalBinary
0x1401489c0	crypto/sha3.init.0.func1
0x140148a80	crypto/sha3.init.0.func2
0x140148b40	crypto/sha3.init.0.func3
0x140148c00	crypto/sha3.init.0.func4
0x140148cc0	crypto/internal/fips140hash.sha3Unwrap
0x140148ce0	type:.eq.crypto/sha3.SHA3
0x140148d20	crypto/internal/fips140hash.Unwrap
0x140148d80	crypto/sha512.init.0
0x140148ec0	crypto/sha512.New
0x140148f20	crypto/sha512.New512_224
0x140148f80	crypto/sha512.New512_256
0x140148fe0	crypto/sha512.New384
0x140149040	crypto/sha512.Sum512
0x1401491c0	encoding/asn1.init
0x1401494c0	encoding/asn1.StructuralError.Error
0x140149520	encoding/asn1.SyntaxError.Error
0x140149580	encoding/asn1.parseInt64
0x140149660	encoding/asn1.parseInt32
0x140149760	encoding/asn1.parseBigInt
0x140149980	encoding/asn1.BitString.RightAlign
0x140149aa0	encoding/asn1.ObjectIdentifier.String
0x140149da0	encoding/asn1.parseObjectIdentifier
0x140149f80	encoding/asn1.parseBase128Int
0x14014a080	encoding/asn1.parseUTCTime
0x14014a2a0	encoding/asn1.parseGeneralizedTime
0x14014a420	encoding/asn1.parsePrintableString
0x14014a500	encoding/asn1.parseT61String
0x14014a6c0	encoding/asn1.parseBMPString
0x14014aa00	encoding/asn1.parseTagAndLength
0x14014ad00	encoding/asn1.parseSequenceOf
0x14014b280	encoding/asn1.parseField
0x14014d640	encoding/asn1.setDefaultValue
0x14014d6e0	encoding/asn1.(*invalidUnmarshalError).Error
0x14014d7c0	encoding/asn1.UnmarshalWithParams
0x14014dac0	encoding/asn1.parseFieldParameters
0x14014e020	encoding/asn1.getUniversalType
0x14014e300	encoding/asn1.byteEncoder.Len
0x14014e320	encoding/asn1.byteEncoder.Encode
0x14014e360	encoding/asn1.bytesEncoder.Len
0x14014e380	encoding/asn1.bytesEncoder.Encode
0x14014e440	encoding/asn1.stringEncoder.Len
0x14014e460	encoding/asn1.stringEncoder.Encode
0x14014e520	encoding/asn1.multiEncoder.Len
0x14014e5c0	encoding/asn1.multiEncoder.Encode
0x14014e700	encoding/asn1.setEncoder.Len
0x14014e7a0	encoding/asn1.setEncoder.Encode
0x14014eac0	encoding/asn1.(*taggedEncoder).Len
0x14014eb20	encoding/asn1.(*taggedEncoder).Encode
0x14014ec00	encoding/asn1.int64Encoder.Len
0x14014ec40	encoding/asn1.int64Encoder.Encode
0x14014ece0	encoding/asn1.makeBigInt
0x14014f120	encoding/asn1.appendTagAndLength
0x14014f3e0	encoding/asn1.bitStringEncoder.Len
0x14014f400	encoding/asn1.bitStringEncoder.Encode
0x14014f520	encoding/asn1.oidEncoder.Len
0x14014f5c0	encoding/asn1.oidEncoder.Encode
0x14014f900	encoding/asn1.makePrintableString
0x14014f9e0	encoding/asn1.makeUTCTime
0x14014faa0	encoding/asn1.makeGeneralizedTime
0x14014fb60	encoding/asn1.appendUTCTime
0x14014fde0	encoding/asn1.appendGeneralizedTime
0x140150020	encoding/asn1.appendTimeCommon
0x140150820	encoding/asn1.makeBody
0x140151860	encoding/asn1.makeField
0x140152540	encoding/asn1.MarshalWithParams
0x140152700	type:.eq.encoding/asn1.taggedEncoder
0x1401527a0	slices.pdqsortCmpFunc[go.shape.[]uint8]
0x140152ee0	slices.partitionCmpFunc[go.shape.[]uint8]
0x1401534a0	slices.partitionEqualCmpFunc[go.shape.[]uint8]
0x1401537c0	slices.partialInsertionSortCmpFunc[go.shape.[]uint8]
0x140153c80	slices.choosePivotCmpFunc[go.shape.[]uint8]
0x140153f00	slices.medianCmpFunc[go.shape.[]uint8]
0x140154180	slices.breakPatternsCmpFunc[go.shape.[]uint8]
0x140154340	slices.heapSortCmpFunc[go.shape.[]uint8]
0x140154560	slices.siftDownCmpFunc[go.shape.[]uint8]
0x140154820	encoding/asn1.(*ObjectIdentifier).String
0x140154880	encoding/asn1.(*byteEncoder).Encode
0x1401548e0	encoding/asn1.(*byteEncoder).Len
0x140154920	encoding/asn1.(*StructuralError).Error
0x1401549a0	encoding/asn1.(*SyntaxError).Error
0x140154a20	encoding/asn1.(*bytesEncoder).Encode
0x140154b00	encoding/asn1.(*bytesEncoder).Len
0x140154b40	encoding/asn1.(*stringEncoder).Encode
0x140154c20	encoding/asn1.(*stringEncoder).Len
0x140154c60	encoding/asn1.(*multiEncoder).Encode
0x140154d00	encoding/asn1.(*multiEncoder).Len
0x140154dc0	encoding/asn1.(*setEncoder).Encode
0x140154e60	encoding/asn1.(*setEncoder).Len
0x140154f20	encoding/asn1.(*int64Encoder).Encode
0x140155000	encoding/asn1.(*int64Encoder).Len
0x140155060	encoding/asn1.(*bitStringEncoder).Encode
0x140155180	encoding/asn1.(*bitStringEncoder).Len
0x1401551c0	encoding/asn1.(*oidEncoder).Encode
0x140155260	encoding/asn1.(*oidEncoder).Len
0x1401552c0	type:.eq.encoding/asn1.fieldParameters
0x140155340	type:.eq.encoding/asn1.tagAndLength
0x140155380	type:.eq.[2]encoding/asn1.encoder
0x140155420	vendor/golang.org/x/crypto/cryptobyte.init
0x1401554c0	vendor/golang.org/x/crypto/cryptobyte.(*Builder).addBase128Int
0x140155700	vendor/golang.org/x/crypto/cryptobyte.isValidOID
0x140155760	vendor/golang.org/x/crypto/cryptobyte.(*Builder).AddASN1
0x1401559c0	vendor/golang.org/x/crypto/cryptobyte.(*String).ReadASN1Boolean
0x140155a60	vendor/golang.org/x/crypto/cryptobyte.(*String).ReadASN1Integer
0x140155f20	vendor/golang.org/x/crypto/cryptobyte.(*String).readASN1BigInt
0x140156140	vendor/golang.org/x/crypto/cryptobyte.(*String).readASN1Bytes
0x140156260	vendor/golang.org/x/crypto/cryptobyte.(*String).readASN1Int64
0x140156360	vendor/golang.org/x/crypto/cryptobyte.(*String).readASN1Uint64
0x140156460	vendor/golang.org/x/crypto/cryptobyte.(*String).ReadASN1Int64WithTag
0x140156560	vendor/golang.org/x/crypto/cryptobyte.(*String).readBase128Int
0x140156660	vendor/golang.org/x/crypto/cryptobyte.(*String).ReadASN1ObjectIdentifier
0x140156840	vendor/golang.org/x/crypto/cryptobyte.(*String).ReadASN1GeneralizedTime
0x1401569c0	vendor/golang.org/x/crypto/cryptobyte.(*String).ReadASN1UTCTime
0x140156ba0	vendor/golang.org/x/crypto/cryptobyte.(*String).ReadASN1BitString
0x140156ce0	vendor/golang.org/x/crypto/cryptobyte.(*String).ReadASN1
0x140156d60	vendor/golang.org/x/crypto/cryptobyte.(*String).ReadASN1Element
0x140156de0	vendor/golang.org/x/crypto/cryptobyte.(*String).ReadOptionalASN1
0x140156e60	vendor/golang.org/x/crypto/cryptobyte.(*String).SkipOptionalASN1
0x140156ee0	vendor/golang.org/x/crypto/cryptobyte.(*String).ReadOptionalASN1Integer
0x1401573a0	vendor/golang.org/x/crypto/cryptobyte.(*String).readASN1
0x140157620	vendor/golang.org/x/crypto/cryptobyte.(*Builder).AddUint8
0x1401577c0	vendor/golang.org/x/crypto/cryptobyte.(*Builder).AddUint16
0x140157960	vendor/golang.org/x/crypto/cryptobyte.(*Builder).AddUint32
0x140157b00	vendor/golang.org/x/crypto/cryptobyte.(*Builder).AddBytes
0x140157d00	vendor/golang.org/x/crypto/cryptobyte.(*Builder).AddUint16LengthPrefixed
0x140157d40	vendor/golang.org/x/crypto/cryptobyte.(*Builder).AddUint24LengthPrefixed
0x140157d80	vendor/golang.org/x/crypto/cryptobyte.(*Builder).callContinuation
0x140157e40	vendor/golang.org/x/crypto/cryptobyte.(*Builder).callContinuation.func1
0x140157ec0	vendor/golang.org/x/crypto/cryptobyte.(*Builder).addLengthPrefixed
0x1401582c0	vendor/golang.org/x/crypto/cryptobyte.(*Builder).flushChild
0x140158940	vendor/golang.org/x/crypto/cryptobyte.(*String).ReadUint64
0x140158aa0	vendor/golang.org/x/crypto/cryptobyte.(*String).readLengthPrefixed
0x140158be0	crypto/ecdsa.init
0x140158c40	crypto/ecdsa.(*PublicKey).Equal
0x140158d20	crypto/ecdsa.(*PrivateKey).Public
0x140158d40	crypto/ecdsa.bigIntEqual
0x140158de0	crypto/ecdsa.(*PrivateKey).Sign
0x140158ea0	crypto/ecdsa.GenerateKey
0x1401590e0	crypto/ecdsa.SignASN1
0x1401593a0	crypto/ecdsa.signRFC6979
0x140159720	crypto/ecdsa.encodeSignature
0x1401598a0	crypto/ecdsa.encodeSignature.func1
0x140159920	crypto/ecdsa.addASN1IntBytes
0x140159a40	crypto/ecdsa.addASN1IntBytes.func1
0x140159dc0	crypto/ecdsa.VerifyASN1
0x14015a0c0	crypto/ecdsa.parseSignature
0x14015a260	crypto/ecdsa.publicKeyFromFIPS
0x14015a340	crypto/ecdsa.privateKeyFromFIPS
0x14015a480	crypto/ecdsa.leftPadBytesEqual
0x14015a6e0	crypto/ecdsa.pointFromAffine
0x14015ab60	crypto/ecdsa.pointToAffine
0x14015ada0	crypto/ecdsa.generateLegacy
0x14015af20	crypto/ecdsa.hashToInt
0x14015b100	crypto/ecdsa.signLegacy
0x14015b5e0	crypto/ecdsa.verifyLegacy
0x14015ba20	crypto/ecdsa.randFieldElement
0x14015bd00	crypto/internal/fips140cache.(*Cache[go.shape.struct { crypto/ecdsa.PublicKey; D *math/big.Int },go.shape.struct { crypto/internal/fips140/ecdsa.pub crypto/internal/fips140/ecdsa.PublicKey; crypto/internal/fips140/ecdsa.d []uint8 }]).Get
0x14015bee0	crypto/internal/fips140cache.(*Cache[go.shape.struct { crypto/ecdsa.PublicKey; D *math/big.Int },go.shape.struct { crypto/internal/fips140/ecdsa.pub crypto/internal/fips140/ecdsa.PublicKey; crypto/internal/fips140/ecdsa.d []uint8 }]).Get.func1
0x14015bf40	runtime.AddCleanup[go.shape.struct { crypto/ecdsa.PublicKey; D *math/big.Int },go.shape.struct { weak._ [0]*go.shape.struct { crypto/ecdsa.PublicKey; D *math/big.Int }; weak.u unsafe.Pointer }]
0x14015c2a0	runtime.AddCleanup[go.shape.struct { crypto/ecdsa.PublicKey; D *math/big.Int },go.shape.struct { weak._ [0]*go.shape.struct { crypto/ecdsa.PublicKey; D *math/big.Int }; weak.u unsafe.Pointer }].func1
0x14015c2e0	weak.Make[go.shape.struct { crypto/ecdsa.PublicKey; D *math/big.Int }]
0x14015c380	crypto/ecdsa.verifyFIPS[go.shape.*crypto/internal/fips140/nistec.P521Point]
0x14015c580	crypto/ecdsa.publicKeyToFIPS[go.shape.*crypto/internal/fips140/nistec.P521Point]
0x14015c620	crypto/ecdsa.verifyFIPS[go.shape.*crypto/internal/fips140/nistec.P384Point]
0x14015c820	crypto/ecdsa.publicKeyToFIPS[go.shape.*crypto/internal/fips140/nistec.P384Point]
0x14015c8c0	crypto/ecdsa.verifyFIPS[go.shape.*crypto/internal/fips140/nistec.P256Point]
0x14015cac0	crypto/ecdsa.publicKeyToFIPS[go.shape.*crypto/internal/fips140/nistec.P256Point]
0x14015cb60	crypto/ecdsa.verifyFIPS[go.shape.*crypto/internal/fips140/nistec.P224Point]
0x14015cd60	crypto/ecdsa.publicKeyToFIPS[go.shape.*crypto/internal/fips140/nistec.P224Point]
0x14015ce00	crypto/ecdsa.signFIPSDeterministic[go.shape.*crypto/internal/fips140/nistec.P521Point]
0x14015d0c0	crypto/ecdsa.signFIPSDeterministic[go.shape.*crypto/internal/fips140/nistec.P521Point].UnwrapNew[go.shape.interface { BlockSize() int; Reset(); Size() int; Sum([]uint8) []uint8; Write([]uint8) (int, error) }].func1
0x14015d160	crypto/ecdsa.privateKeyToFIPS[go.shape.*crypto/internal/fips140/nistec.P521Point]
0x14015d2c0	crypto/ecdsa.privateKeyToFIPS[go.shape.*crypto/internal/fips140/nistec.P521Point].func2
0x14015d3a0	crypto/ecdsa.privateKeyToFIPS[go.shape.*crypto/internal/fips140/nistec.P521Point].func1
0x14015d440	crypto/ecdsa.signFIPSDeterministic[go.shape.*crypto/internal/fips140/nistec.P384Point]
0x14015d700	crypto/ecdsa.signFIPSDeterministic[go.shape.*crypto/internal/fips140/nistec.P384Point].UnwrapNew[go.shape.interface { BlockSize() int; Reset(); Size() int; Sum([]uint8) []uint8; Write([]uint8) (int, error) }].func1
0x14015d7a0	crypto/ecdsa.privateKeyToFIPS[go.shape.*crypto/internal/fips140/nistec.P384Point]
0x14015d900	crypto/ecdsa.privateKeyToFIPS[go.shape.*crypto/internal/fips140/nistec.P384Point].func2
0x14015d9e0	crypto/ecdsa.privateKeyToFIPS[go.shape.*crypto/internal/fips140/nistec.P384Point].func1
0x14015da80	crypto/ecdsa.signFIPSDeterministic[go.shape.*crypto/internal/fips140/nistec.P256Point]
0x14015dd40	crypto/ecdsa.signFIPSDeterministic[go.shape.*crypto/internal/fips140/nistec.P256Point].UnwrapNew[go.shape.interface { BlockSize() int; Reset(); Size() int; Sum([]uint8) []uint8; Write([]uint8) (int, error) }].func1
0x14015dde0	crypto/ecdsa.privateKeyToFIPS[go.shape.*crypto/internal/fips140/nistec.P256Point]
0x14015df40	crypto/ecdsa.privateKeyToFIPS[go.shape.*crypto/internal/fips140/nistec.P256Point].func2
0x14015e020	crypto/ecdsa.privateKeyToFIPS[go.shape.*crypto/internal/fips140/nistec.P256Point].func1
0x14015e0c0	crypto/ecdsa.signFIPSDeterministic[go.shape.*crypto/internal/fips140/nistec.P224Point]
0x14015e380	crypto/ecdsa.signFIPSDeterministic[go.shape.*crypto/internal/fips140/nistec.P224Point].UnwrapNew[go.shape.interface { BlockSize() int; Reset(); Size() int; Sum([]uint8) []uint8; Write([]uint8) (int, error) }].func1
0x14015e420	crypto/ecdsa.privateKeyToFIPS[go.shape.*crypto/internal/fips140/nistec.P224Point]
0x14015e580	crypto/ecdsa.privateKeyToFIPS[go.shape.*crypto/internal/fips140/nistec.P224Point].func2
0x14015e660	crypto/ecdsa.privateKeyToFIPS[go.shape.*crypto/internal/fips140/nistec.P224Point].func1
0x14015e700	crypto/ecdsa.signFIPS[go.shape.*crypto/internal/fips140/nistec.P521Point]
0x14015e940	crypto/ecdsa.signFIPS[go.shape.*crypto/internal/fips140/nistec.P384Point]
0x14015eb80	crypto/ecdsa.signFIPS[go.shape.*crypto/internal/fips140/nistec.P256Point]
0x14015edc0	crypto/ecdsa.signFIPS[go.shape.*crypto/internal/fips140/nistec.P224Point]
0x14015f000	crypto/ecdsa.generateFIPS[go.shape.*crypto/internal/fips140/nistec.P521Point]
0x14015f1a0	crypto/ecdsa.generateFIPS[go.shape.*crypto/internal/fips140/nistec.P384Point]
0x14015f340	crypto/ecdsa.generateFIPS[go.shape.*crypto/internal/fips140/nistec.P256Point]
0x14015f4e0	crypto/ecdsa.generateFIPS[go.shape.*crypto/internal/fips140/nistec.P224Point]
0x14015f680	crypto/ecdsa.PublicKey.Add
0x14015f740	crypto/ecdsa.(*PublicKey).Add
0x14015f7c0	crypto/ecdsa.PublicKey.IsOnCurve
0x14015f860	crypto/ecdsa.(*PublicKey).IsOnCurve
0x14015f8e0	crypto/ecdsa.PublicKey.Params
0x14015f960	crypto/ecdsa.(*PublicKey).Params
0x14015f9c0	crypto/ecdsa.PublicKey.ScalarBaseMult
0x14015fa80	crypto/ecdsa.(*PublicKey).ScalarBaseMult
0x14015fb00	crypto/ecdsa.PublicKey.ScalarMult
0x14015fbe0	crypto/ecdsa.(*PublicKey).ScalarMult
0x14015fc80	crypto/ecdsa.PrivateKey.Add
0x14015fd60	crypto/ecdsa.(*PrivateKey).Add
0x14015fde0	crypto/ecdsa.PrivateKey.IsOnCurve
0x14015fea0	crypto/ecdsa.(*PrivateKey).IsOnCurve
0x14015ff20	crypto/ecdsa.PrivateKey.Params
0x14015ffc0	crypto/ecdsa.(*PrivateKey).Params
0x140160020	crypto/ecdsa.PrivateKey.ScalarBaseMult
0x140160100	crypto/ecdsa.(*PrivateKey).ScalarBaseMult
0x140160180	crypto/ecdsa.PrivateKey.ScalarMult
0x140160260	crypto/ecdsa.(*PrivateKey).ScalarMult
0x140160300	crypto.Hash.New-fm
0x140160360	type:.eq.crypto/ecdsa.PrivateKey
0x140160400	type:.eq.crypto/ecdsa.PublicKey
0x140160480	type:.eq.weak.Pointer[crypto/ecdsa.PrivateKey]
0x1401604a0	type:.eq.go.shape.struct { crypto/ecdsa.PublicKey; D *math/big.Int }
0x140160540	type:.eq.go.shape.struct { weak._ [0]*go.shape.struct { crypto/ecdsa.PublicKey; D *math/big.Int }; weak.u unsafe.Pointer }
0x140160560	crypto/rand.init.0
0x1401605c0	crypto/rand.(*reader).Read
0x140160680	crypto/rand.Read
0x1401607c0	crypto/ed25519.PublicKey.Equal
0x140160840	crypto/ed25519.PrivateKey.Public
0x140160920	crypto/ed25519.PrivateKey.Sign
0x140160c60	crypto/ed25519.PrivateKey.Sign.func2
0x140160d20	crypto/ed25519.PrivateKey.Sign.func1
0x140160d80	crypto/ed25519.newKeyFromSeed
0x140160f20	crypto/ed25519.VerifyWithOptions
0x140161200	crypto/internal/fips140cache.(*Cache[go.shape.uint8,go.shape.struct { crypto/internal/fips140/ed25519.seed [32]uint8; crypto/internal/fips140/ed25519.pub [32]uint8; crypto/internal/fips140/ed25519.s crypto/internal/fips140/edwards25519.Scalar; crypto/internal/fips140/ed25519.prefix [32]uint8 }]).Get
0x1401613e0	crypto/internal/fips140cache.(*Cache[go.shape.uint8,go.shape.struct { crypto/internal/fips140/ed25519.seed [32]uint8; crypto/internal/fips140/ed25519.pub [32]uint8; crypto/internal/fips140/ed25519.s crypto/internal/fips140/edwards25519.Scalar; crypto/internal/fips140/ed25519.prefix [32]uint8 }]).Get.func1
0x140161440	runtime.AddCleanup[go.shape.uint8,go.shape.struct { weak._ [0]*go.shape.uint8; weak.u unsafe.Pointer }]
0x1401617a0	runtime.AddCleanup[go.shape.uint8,go.shape.struct { weak._ [0]*go.shape.uint8; weak.u unsafe.Pointer }].func1
0x1401617e0	weak.Make[go.shape.uint8]
0x140161880	type:.eq.crypto/ed25519.Options
0x1401618e0	crypto/ed25519.(*PublicKey).Equal
0x1401619a0	crypto/ed25519.(*PrivateKey).Public
0x140161ac0	crypto/ed25519.(*PrivateKey).Sign
0x140161bc0	type:.eq.weak.Pointer[uint8]
0x140161be0	type:.eq.go.shape.struct { weak._ [0]*go.shape.uint8; weak.u unsafe.Pointer }
0x140161c00	crypto/rsa.init
0x140161ca0	crypto/rsa.(*PSSOptions).HashFunc
0x140161cc0	crypto/rsa.SignPSS
0x140162380	crypto/rsa.VerifyPSS
0x140162a00	crypto/rsa.decryptOAEP
0x140162e80	crypto/rsa.SignPKCS1v15
0x140163260	crypto/rsa.VerifyPKCS1v15
0x1401635c0	crypto/rsa.checkFIPS140OnlyPublicKey
0x140163820	crypto/rsa.checkFIPS140OnlyPrivateKey
0x140163a00	crypto/rsa.EncryptPKCS1v15
0x140163d20	crypto/rsa.DecryptPKCS1v15
0x140163e40	crypto/rsa.DecryptPKCS1v15SessionKey
0x1401640a0	crypto/rsa.decryptPKCS1v15
0x140164340	crypto/rsa.nonZeroRandomBytes
0x1401644a0	crypto/rsa.(*PublicKey).Size
0x140164540	crypto/rsa.(*PublicKey).Equal
0x1401645e0	crypto/rsa.(*PrivateKey).Public
0x140164600	crypto/rsa.bigIntEqual
0x1401646a0	crypto/rsa.(*PrivateKey).Sign
0x1401647c0	crypto/rsa.(*PrivateKey).Decrypt
0x140164b40	crypto/rsa.(*PrivateKey).Validate
0x140164bc0	crypto/rsa.checkKeySize
0x140164c80	crypto/rsa.checkPublicKeySize
0x140164d60	crypto/rsa.(*PrivateKey).Precompute
0x140164e40	crypto/rsa.(*PrivateKey).precompute
0x140165ac0	crypto/rsa.(*PrivateKey).precomputeLegacy
0x140166500	crypto/rsa.fipsPublicKey
0x1401665a0	crypto/rsa.fipsPrivateKey
0x140166660	crypto/rsa.(*PrivateKey).Size
0x140166720	crypto/sha256.init.0
0x1401667e0	crypto/sha256.New
0x140166820	crypto/sha256.New224
0x140166880	crypto/sha256.Sum256
0x1401669c0	crypto/sha256.Sum224
0x140166b00	encoding/pem.getLine
0x140166c60	encoding/pem.removeSpacesAndTabs
0x140166d60	encoding/pem.Decode
0x1401678a0	encoding/pem.(*lineBreaker).Write
0x140167ac0	encoding/pem.(*lineBreaker).Close
0x140167b80	encoding/pem.Encode
0x140168360	encoding/pem.EncodeToMemory
0x140168420	type:.eq.encoding/pem.lineBreaker
0x1401684a0	slices.pdqsortOrdered[go.shape.string]
0x1401689a0	slices.partitionOrdered[go.shape.string]
0x140168ec0	slices.partitionEqualOrdered[go.shape.string]
0x140169180	slices.partialInsertionSortOrdered[go.shape.string]
0x140169620	slices.choosePivotOrdered[go.shape.string]
0x140169860	slices.medianOrdered[go.shape.string]
0x140169ac0	slices.breakPatternsOrdered[go.shape.string]
0x140169c60	slices.heapSortOrdered[go.shape.string]
0x140169e40	slices.siftDownOrdered[go.shape.string]
0x14016a0c0	slices.insertionSortOrdered[go.shape.string]
0x14016a280	encoding/hex.InvalidByteError.Error
0x14016a300	encoding/hex.Decode
0x14016a440	encoding/hex.DecodeString
0x14016a500	encoding/hex.(*InvalidByteError).Error
0x14016a5a0	crypto/x509/pkix.init
0x14016a5c0	crypto/x509/pkix.map.init.0
0x14016a8a0	crypto/x509/pkix.RDNSequence.String
0x14016af80	crypto/x509/pkix.(*Name).FillFromRDNSequence
0x14016b860	crypto/x509/pkix.Name.appendRDNs
0x14016bbe0	crypto/x509/pkix.Name.ToRDNSequence
0x14016c1a0	crypto/x509/pkix.Name.String
0x14016c560	crypto/x509/pkix.(*RDNSequence).String
0x14016c5c0	crypto/x509/pkix.(*Name).String
0x14016c6a0	unique.makeCloneSeq
0x14016c760	unique.buildStructCloneSeq
0x14016c940	unique.buildArrayCloneSeq
0x14016cb00	internal/sync.(*HashTrieMap[go.shape.*internal/abi.Type,go.shape.interface {}]).expand
0x14016cd40	internal/sync.(*HashTrieMap[go.shape.*internal/abi.Type,go.shape.interface {}]).LoadOrStore
0x14016d200	internal/sync.(*HashTrieMap[go.shape.*internal/abi.Type,go.shape.interface {}]).LoadOrStore.deferwrap1
0x14016d260	internal/sync.(*HashTrieMap[go.shape.*internal/abi.Type,go.shape.interface {}]).Load
0x14016d3c0	internal/sync.(*HashTrieMap[go.shape.*internal/abi.Type,go.shape.interface {}]).initSlow
0x14016d560	internal/sync.(*HashTrieMap[go.shape.*internal/abi.Type,go.shape.interface {}]).initSlow.deferwrap1
0x14016d5c0	type:.eq.sync/atomic.Pointer[internal/sync.indirect[*internal/abi.Type,interface {}]]
0x14016d5e0	type:.eq.internal/sync.indirect[*internal/abi.Type,interface {}]
0x14016d660	type:.eq.internal/sync.entry[*internal/abi.Type,interface {}]
0x14016d6e0	type:.eq.sync/atomic.Pointer[internal/sync.entry[*internal/abi.Type,interface {}]]
0x14016d700	type:.eq.[16]sync/atomic.Pointer[internal/sync.node[*internal/abi.Type,interface {}]]
0x14016d740	type:.eq.sync/atomic.Pointer[internal/sync.node[*internal/abi.Type,interface {}]]
0x14016d760	type:.eq.internal/sync.entry[go.shape.*internal/abi.Type,go.shape.interface {}]
0x14016d7e0	type:.eq.sync/atomic.Pointer[internal/sync.entry[go.shape.*internal/abi.Type,go.shape.interface {}]]
0x14016d800	type:.eq.internal/sync.indirect[go.shape.*internal/abi.Type,go.shape.interface {}]
0x14016d880	net/netip.init
0x14016d920	net/netip.ParseAddr
0x14016da60	net/netip.parseAddrError.Error
0x14016de60	net/netip.parseIPv4Fields
0x14016e260	net/netip.parseIPv4
0x14016e300	net/netip.parseIPv6
0x14016eea0	net/netip.Addr.WithZone
0x14016ef60	net/netip.Addr.IsLinkLocalUnicast
0x14016f020	net/netip.Addr.IsLoopback
0x14016f0a0	net/netip.Addr.IsMulticast
0x14016f120	net/netip.Addr.String
0x14016f280	net/netip.Addr.AppendTo
0x14016f360	net/netip.Addr.appendTo4
0x14016fb00	net/netip.Addr.appendTo4In6
0x14016fce0	net/netip.Addr.appendTo6
0x1401702c0	net/netip.Addr.MarshalText
0x140170400	net/netip.(*Addr).UnmarshalText
0x1401704c0	net/netip.Addr.MarshalBinary
0x1401706c0	net/netip.(*Addr).UnmarshalBinary
0x1401708e0	net/netip.Prefix.Contains
0x140170a20	unique.(*canonMap[go.shape.struct { net/netip.isV6 bool; net/netip.zoneV6 string }]).cleanup
0x140170ca0	unique.(*canonMap[go.shape.struct { net/netip.isV6 bool; net/netip.zoneV6 string }]).expand
0x140170ea0	unique.(*canonMap[go.shape.struct { net/netip.isV6 bool; net/netip.zoneV6 string }]).LoadOrStore
0x140171340	unique.(*canonMap[go.shape.struct { net/netip.isV6 bool; net/netip.zoneV6 string }]).LoadOrStore.func1
0x140171380	unique.(*canonMap[go.shape.struct { net/netip.isV6 bool; net/netip.zoneV6 string }]).LoadOrStore.deferwrap1
0x1401713e0	runtime.AddCleanup[go.shape.struct { net/netip.isV6 bool; net/netip.zoneV6 string },go.shape.struct {}]
0x1401716c0	runtime.AddCleanup[go.shape.struct { net/netip.isV6 bool; net/netip.zoneV6 string },go.shape.struct {}].func1
0x1401716e0	unique.newEntryNode[go.shape.struct { net/netip.isV6 bool; net/netip.zoneV6 string }]
0x140171800	weak.Make[go.shape.struct { net/netip.isV6 bool; net/netip.zoneV6 string }]
0x1401718a0	unique.(*canonMap[go.shape.struct { net/netip.isV6 bool; net/netip.zoneV6 string }]).Load
0x1401719c0	unique.(*entry[go.shape.struct { net/netip.isV6 bool; net/netip.zoneV6 string }]).prune
0x140171ac0	unique.(*entry[go.shape.struct { net/netip.isV6 bool; net/netip.zoneV6 string }]).lookup
0x140171c00	type:.eq.net/netip.parseAddrError
0x140171cc0	unique.Make[go.shape.struct { net/netip.isV6 bool; net/netip.zoneV6 string }]
0x140171fe0	unique.newCanonMap[go.shape.struct { net/netip.isV6 bool; net/netip.zoneV6 string }]
0x1401720a0	net/netip.(*Addr).MarshalBinary
0x140172100	net/netip.(*Addr).MarshalText
0x140172160	net/netip.(*Addr).String
0x1401721c0	net/netip.(*parseAddrError).Error
0x140172260	type:.eq.net/netip.addrDetail
0x1401722c0	type:.eq.weak.Pointer[net/netip.addrDetail]
0x1401722e0	type:.eq.unique.entry[net/netip.addrDetail]
0x140172320	type:.eq.unique.indirect[net/netip.addrDetail]
0x1401723a0	type:.eq.[16]sync/atomic.Pointer[unique.node[net/netip.addrDetail]]
0x1401723e0	type:.eq.sync/atomic.Pointer[unique.node[net/netip.addrDetail]]
0x140172400	type:.eq.sync/atomic.Pointer[unique.entry[net/netip.addrDetail]]
0x140172420	type:.eq.sync/atomic.Pointer[unique.indirect[net/netip.addrDetail]]
0x140172440	type:.hash.net/netip.addrDetail
0x1401724a0	type:.eq.go.shape.struct { net/netip.isV6 bool; net/netip.zoneV6 string }
0x140172500	type:.eq.unique.entry[go.shape.struct { net/netip.isV6 bool; net/netip.zoneV6 string }]
0x140172540	type:.eq.sync/atomic.Pointer[unique.entry[go.shape.struct { net/netip.isV6 bool; net/netip.zoneV6 string }]]
0x140172560	type:.eq.weak.Pointer[go.shape.struct { net/netip.isV6 bool; net/netip.zoneV6 string }]
0x140172580	type:.eq.unique.indirect[go.shape.struct { net/netip.isV6 bool; net/netip.zoneV6 string }]
0x140172600	type:.eq.[16]sync/atomic.Pointer[go.shape.struct { unique.isEntry bool }]
0x140172640	type:.eq.sync/atomic.Pointer[go.shape.struct { unique.isEntry bool }]
0x140172660	type:.eq.sync/atomic.Pointer[go.shape.struct { unique.node = unique.node[go.shape.struct { net/netip.isV6 bool; net/netip.zoneV6 string }]; unique.dead sync/atomic.Bool; unique.parent *unique.indirect[go.shape.struct { net/netip.isV6 bool; net/netip.zoneV6 string }]; unique.mu sync.Mutex; unique.children [16]sync/atomic.Pointer[go.shape.struct { unique.isEntry bool }] }]
0x140172680	type:.eq.go.shape.struct { unique.node = unique.node[go.shape.struct { net/netip.isV6 bool; net/netip.zoneV6 string }]; unique.dead sync/atomic.Bool; unique.parent *unique.indirect[go.shape.struct { net/netip.isV6 bool; net/netip.zoneV6 string }]; unique.mu sync.Mutex; unique.children [16]sync/atomic.Pointer[go.shape.struct { unique.isEntry bool }] }
0x140172700	vendor/golang.org/x/net/dns/dnsmessage.(*nestedError).Error
0x140172780	vendor/golang.org/x/net/dns/dnsmessage.(*header).pack
0x1401729c0	vendor/golang.org/x/net/dns/dnsmessage.(*header).unpack
0x140172f20	vendor/golang.org/x/net/dns/dnsmessage.(*Parser).Start
0x140173180	vendor/golang.org/x/net/dns/dnsmessage.(*Parser).resourceHeader
0x140173440	vendor/golang.org/x/net/dns/dnsmessage.(*Parser).skipResource
0x140173660	vendor/golang.org/x/net/dns/dnsmessage.(*Parser).Question
0x140173ae0	vendor/golang.org/x/net/dns/dnsmessage.(*Parser).SkipQuestion
0x140173dc0	vendor/golang.org/x/net/dns/dnsmessage.(*Parser).CNAMEResource
0x140173f40	vendor/golang.org/x/net/dns/dnsmessage.(*Parser).AResource
0x140174080	vendor/golang.org/x/net/dns/dnsmessage.(*Parser).AAAAResource
0x1401741c0	vendor/golang.org/x/net/dns/dnsmessage.NewBuilder
0x140174460	vendor/golang.org/x/net/dns/dnsmessage.(*Builder).Question
0x140174600	vendor/golang.org/x/net/dns/dnsmessage.(*Builder).OPTResource
0x140174ae0	vendor/golang.org/x/net/dns/dnsmessage.(*Builder).Finish
0x140174ba0	vendor/golang.org/x/net/dns/dnsmessage.(*ResourceHeader).pack
0x140174dc0	vendor/golang.org/x/net/dns/dnsmessage.(*ResourceHeader).unpack
0x140175240	vendor/golang.org/x/net/dns/dnsmessage.skipResource
0x140175680	vendor/golang.org/x/net/dns/dnsmessage.(*Name).pack
0x140175c40	vendor/golang.org/x/net/dns/dnsmessage.(*Name).unpack
0x140176060	vendor/golang.org/x/net/dns/dnsmessage.(*Question).pack
0x140176200	vendor/golang.org/x/net/dns/dnsmessage.unpackCNAMEResource
0x140176360	vendor/golang.org/x/net/dns/dnsmessage.init
0x140176860	type:.eq.vendor/golang.org/x/net/dns/dnsmessage.nestedError
0x1401768e0	internal/singleflight.(*Group).DoChan
0x140176c00	internal/singleflight.(*Group).DoChan.gowrap1
0x140176c60	internal/singleflight.(*Group).doCall
0x140176e60	internal/singleflight.(*Group).ForgetUnshared
0x140176fc0	internal/singleflight.(*Group).ForgetUnshared.deferwrap1
0x140177020	type:.eq.internal/singleflight.Result
0x1401770c0	net.init
0x140177ba0	net.init.func1
0x140177c40	net.init.func2
0x140177c60	net.init.func3
0x140177c80	net.init.func4
0x140177ca0	net.map.init.0
0x140177fc0	net.sortByRFC6724
0x140178040	net.sortByRFC6724withSrcs
0x1401784a0	net.srcAddrs
0x1401786e0	net.ipAttrOf
0x140178800	net.compareByRFC6724
0x140178b40	net.policyTable.Classify
0x140178d60	net.classifyScope
0x140178ec0	net.commonPrefixLen
0x140179040	net.initConfVal
0x140179140	net.initConfVal.func1
0x1401792e0	net.(*conf).hostLookupOrder
0x140179400	net.(*conf).hostLookupOrder.func1
0x140179500	net.(*conf).lookupOrder
0x14017a320	net.goDebugNetDNS
0x14017a5a0	net.isLocalhost
0x14017a6c0	net.(*mptcpStatusDial).get
0x14017a760	net.(*mptcpStatusListen).get
0x14017a800	net.minNonzeroTime
0x14017a940	net.(*Dialer).deadline
0x14017aa60	net.partialDeadline
0x14017abe0	net.parseNetwork
0x14017af20	net.(*Resolver).resolveAddrList
0x14017bce0	net.(*Dialer).DialContext
0x14017c700	net.(*Dialer).DialContext.func1
0x14017c7a0	net.(*sysDialer).dialParallel
0x14017ce80	net.(*sysDialer).dialParallel.gowrap4
0x14017cee0	net.(*sysDialer).dialParallel.deferwrap3
0x14017cf40	net.(*sysDialer).dialParallel.gowrap2
0x14017cfa0	net.(*sysDialer).dialParallel.func1
0x14017d120	net.(*sysDialer).dialParallel.deferwrap1
0x14017d180	net.(*sysDialer).dialSerial
0x14017d820	net.(*sysDialer).dialSingle
0x14017df40	net.(*sysDialer).dialSingle.func1
0x14017dfa0	net.(*ListenConfig).Listen
0x14017e560	net.Listen
0x14017e600	net.newRequest
0x14017e9e0	net.checkResponse
0x14017eb20	net.dnsPacketRoundTrip
0x14017ef60	net.dnsStreamRoundTrip
0x14017f680	net.(*Resolver).exchange
0x1401802e0	net.checkHeader
0x140180540	net.skipToAnswer
0x1401806e0	net.extractExtendedRCode
0x1401808c0	net.(*Resolver).tryOneName
0x140181180	net.(*resolverConfig).init
0x140181260	net.(*resolverConfig).tryUpdate
0x140181480	net.(*resolverConfig).tryUpdate.deferwrap1
0x1401814e0	net.(*resolverConfig).releaseSema
0x140181520	net.avoidDNS
0x1401815c0	net.(*dnsConfig).nameList
0x140181a40	net.goLookupIPFiles
0x140181da0	net.(*Resolver).goLookupIPCNAMEOrder
0x140183680	net.(*Resolver).goLookupIPCNAMEOrder.func4
0x140183760	net.(*Resolver).goLookupIPCNAMEOrder.func3
0x1401838e0	net.(*Resolver).goLookupIPCNAMEOrder.func3.gowrap1
0x140183940	net.(*Resolver).goLookupIPCNAMEOrder.func3.1
0x140183ae0	net.(*Resolver).goLookupIPCNAMEOrder.func2
0x140183d40	net.(*Resolver).goLookupIPCNAMEOrder.func2.deferwrap1
0x140183da0	net.dnsReadConfig
0x1401841c0	net.dnsReadConfig.func1
0x140184220	net.(*netFD).Close
0x140184280	net.(*netFD).Read
0x140184380	net.(*netFD).Write
0x140184480	net.(*netFD).SetDeadline
0x1401844e0	net.(*netFD).SetReadDeadline
0x140184540	net.(*netFD).SetWriteDeadline
0x1401845a0	net.init.0
0x1401845c0	net.(*netFD).init
0x140184800	net.(*netFD).connect
0x140185340	net.(*netFD).connect.func2
0x1401853a0	net.(*netFD).connect.func1
0x140185400	net.(*netFD).connect.deferwrap1
0x140185460	net.(*netFD).accept
0x140185980	net.(*netFD).accept.func1
0x1401859c0	net.parseLiteralIP
0x140185a20	net.readHosts
0x140186600	net.readHosts.deferwrap1
0x140186660	net.lookupStaticHost
0x140186ac0	net.lookupStaticHost.deferwrap1
0x140186b20	net.(*ipv6ZoneCache).update
0x140186f20	net.(*ipv6ZoneCache).update.deferwrap1
0x140186f80	net.(*ipv6ZoneCache).name
0x140187200	net.(*ipv6ZoneCache).index
0x140187440	net.adapterAddresses
0x140187660	net.interfaceTable
0x1401879a0	net.IP.IsUnspecified
0x140187a40	net.IP.IsLoopback
0x140187b40	net.IP.IsMulticast
0x140187c00	net.IP.Mask
0x140187d80	net.IP.String
0x140187f80	net.IP.appendTo
0x1401880e0	net.IP.AppendText
0x140188320	net.IP.MarshalText
0x1401883c0	net.(*IP).UnmarshalText
0x140188540	net.IP.Equal
0x1401886a0	net.IP.matchAddrFamily
0x140188960	net.IPMask.String
0x140188a80	net.networkNumberAndMask
0x140188ba0	net.(*IPNet).Contains
0x140188ce0	net.(*IPNet).Network
0x140188d00	net.(*IPNet).String
0x140189080	net.parseIP
0x140189120	net.ParseCIDR
0x140189580	net.(*IPAddr).Network
0x1401895a0	net.(*IPAddr).String
0x140189660	net.(*IPAddr).isWildcard
0x1401896c0	net.(*IPConn).SyscallConn
0x140189760	net.sockaddrToIP
0x1401898c0	net.(*IPAddr).family
0x140189920	net.(*IPAddr).sockaddr
0x1401899a0	net.(*IPAddr).toLocal
0x140189ac0	net.(*sysDialer).dialIP
0x140189ce0	net.(*sysDialer).dialIP.func1
0x140189da0	net.isIPv4
0x140189f00	net.addrList.forResolve
0x14018a140	net.filterAddrList
0x14018a480	net.ipv4only
0x14018a500	net.ipv6only
0x14018a560	net.SplitHostPort
0x14018ab40	net.(*Resolver).internetAddrList
0x14018b2c0	net.(*Resolver).internetAddrList.func1
0x14018b580	net.(*ipStackCapabilities).probe
0x14018b900	net.(*ipStackCapabilities).probe.deferwrap1
0x14018b960	net.internetSocket
0x14018bbc0	net.ipToSockaddrInet4
0x14018bd80	net.ipToSockaddrInet6
0x14018c120	net.lookupPortMap
0x14018c300	net.lookupPortMapWithNetwork
0x14018c580	net.(*onlyValuesCtx).Value
0x14018c620	net.(*Resolver).lookupIPAddr
0x14018d1a0	net.(*Resolver).lookupIPAddr.gowrap2
0x14018d220	net.(*Resolver).lookupIPAddr.gowrap1
0x14018d280	net.(*Resolver).lookupIPAddr.func1
0x14018d300	net.(*Resolver).LookupPort
0x14018d540	net.(*Resolver).dial
0x14018d700	net.getprotobyname
0x14018d860	net.lookupProtocol
0x14018dc40	net.lookupProtocol.func1
0x14018ddc0	net.(*Resolver).lookupIP
0x14018e280	net.(*Resolver).lookupIP.func2
0x14018e2e0	net.(*Resolver).lookupIP.func1
0x14018ed40	net.(*Resolver).lookupIP.func1.deferwrap1
0x14018eda0	net.(*Resolver).lookupPort
0x14018f8a0	net.(*Resolver).lookupPort.deferwrap1
0x14018f900	net.(*sysListener).listenMPTCP
0x14018f960	net.(*conn).Read
0x14018fb40	net.(*conn).Write
0x14018fcc0	net.(*conn).Close
0x14018fe00	net.(*conn).RemoteAddr
0x14018fe40	net.(*conn).SetDeadline
0x14018ffa0	net.(*conn).SetReadDeadline
0x140190100	net.(*conn).SetWriteDeadline
0x140190260	net.canceledError.Error
0x140190280	net.canceledError.Is
0x1401902e0	net.(*OpError).Unwrap
0x140190300	net.(*OpError).Error
0x140190480	net.(*OpError).Timeout
0x1401905c0	net.(*OpError).Temporary
0x140190760	net.(*ParseError).Error
0x1401907c0	net.(*ParseError).Timeout
0x1401907e0	net.(*ParseError).Temporary
0x140190800	net.(*AddrError).Error
0x140190880	net.(*AddrError).Timeout
0x1401908a0	net.(*AddrError).Temporary
0x1401908c0	net.UnknownNetworkError.Error
0x140190920	net.UnknownNetworkError.Timeout
0x140190940	net.UnknownNetworkError.Temporary
0x140190960	net.(*timeoutError).Error
0x140190980	net.(*timeoutError).Timeout
0x1401909a0	net.(*timeoutError).Temporary
0x1401909c0	net.(*timeoutError).Is
0x140190a40	net.(*notFoundError).Error
0x140190a60	net.(*temporaryError).Error
0x140190a80	net.(*temporaryError).Temporary
0x140190aa0	net.(*temporaryError).Timeout
0x140190ac0	net.newDNSError
0x140190d40	net.(*DNSError).Unwrap
0x140190d60	net.(*DNSError).Error
0x140190e20	net.(*DNSError).Timeout
0x140190e40	net.(*DNSError).Temporary
0x140190e60	net.noReadFrom.ReadFrom
0x140190ea0	net.genericReadFrom
0x140190f20	net.noWriteTo.WriteTo
0x140190f60	net.genericWriteTo
0x140190fe0	net.acquireThread
0x1401910e0	net.releaseThread
0x140191120	net.getSystemNSS
0x1401911c0	net.(*nsswitchConfig).init
0x1401912a0	net.(*nsswitchConfig).tryUpdate
0x140191560	net.(*nsswitchConfig).tryUpdate.deferwrap1
0x1401915c0	net.(*nsswitchConfig).releaseSema
0x140191600	net.parseNSSConfFile
0x1401917c0	net.parseNSSConfFile.deferwrap1
0x140191820	net.parseNSSConf
0x1401920c0	net.parseNSSConf.parseCriteria.func1
0x1401923a0	net.(*file).close
0x1401923e0	net.(*file).getLineFromData
0x140192560	net.(*file).readLine
0x1401926c0	net.(*file).stat
0x140192760	net.open
0x140192840	net.stat
0x1401928e0	net.countAnyByte
0x1401929c0	net.splitAtBytes
0x140192c20	net.hasUpperCase
0x140192ce0	net.lowerASCIIBytes
0x140192d20	net.foreachField
0x140192fc0	net.stringsHasSuffixFold
0x140193060	net.parsePort
0x1401931c0	net.(*rawConn).Read
0x140193320	net.(*rawListener).Read
0x140193340	net.sendFile
0x140193680	net.sendFile.func1
0x140193720	net.socket
0x140193ac0	net.(*netFD).dial
0x1401945a0	net.(*netFD).listenStream
0x140194a40	net.(*netFD).listenDatagram
0x140195020	net.sysSocket
0x140195100	net.setKeepAlive
0x1401951e0	net.setDefaultSockopts
0x140195340	net.setDefaultMulticastSockopts
0x140195400	net.(*TCPAddr).Network
0x140195420	net.(*TCPAddr).String
0x1401956a0	net.(*TCPAddr).isWildcard
0x140195700	net.ResolveTCPAddr
0x140195860	net.(*TCPConn).SyscallConn
0x140195900	net.(*TCPConn).ReadFrom
0x140195aa0	net.(*TCPConn).WriteTo
0x140195c40	net.newTCPConn
0x140195de0	net.(*TCPListener).SyscallConn
0x140195e80	net.(*TCPListener).Accept
0x140195fc0	net.(*TCPListener).Close
0x140196100	net.(*TCPListener).SetDeadline
0x140196180	net.sockaddrToTCP
0x140196300	net.(*TCPAddr).family
0x140196360	net.(*TCPAddr).sockaddr
0x1401963e0	net.(*TCPAddr).toLocal
0x140196520	net.(*TCPConn).readFrom
0x1401965a0	net.(*TCPConn).writeTo
0x140196600	net.(*sysDialer).dialTCP
0x1401966e0	net.(*sysDialer).doDialTCPProto
0x140196ac0	net.(*sysDialer).doDialTCPProto.func1
0x140196b80	net.selfConnect
0x140196c80	net.(*TCPListener).accept
0x140196d00	net.(*sysListener).listenTCPProto
0x140196e80	net.(*sysListener).listenTCPProto.func1
0x140196f40	net.(*TCPConn).SetKeepAliveConfig
0x140197520	net.setNoDelay
0x140197600	net.setKeepAliveIdle
0x140197760	net.setKeepAliveInterval
0x1401978c0	net.setKeepAliveCount
0x1401979a0	net.setKeepAliveIdleAndInterval
0x140197b60	net.(*UDPAddr).Network
0x140197b80	net.(*UDPAddr).String
0x140197e00	net.(*UDPAddr).isWildcard
0x140197e60	net.(*UDPConn).SyscallConn
0x140197f00	net.DialUDP
0x140198320	net.sockaddrToUDP
0x1401984a0	net.(*UDPAddr).family
0x140198500	net.(*UDPAddr).sockaddr
0x140198580	net.(*UDPAddr).toLocal
0x1401986c0	net.(*sysDialer).dialUDP
0x140198800	net.(*sysDialer).dialUDP.func1
0x1401988c0	net.(*UnixAddr).Network
0x1401988e0	net.(*UnixAddr).String
0x140198900	net.(*UnixAddr).isWildcard
0x140198920	net.(*UnixConn).SyscallConn
0x1401989c0	net.(*UnixListener).SyscallConn
0x140198a60	net.(*UnixListener).Accept
0x140198ba0	net.(*UnixListener).Close
0x140198cc0	net.(*UnixListener).SetDeadline
0x140198d40	net.unixSocket
0x140199180	net.sockaddrToUnix
0x140199240	net.sockaddrToUnixgram
0x140199300	net.sockaddrToUnixpacket
0x1401993c0	net.(*UnixAddr).family
0x1401993e0	net.(*UnixAddr).sockaddr
0x140199480	net.(*UnixAddr).toLocal
0x1401994a0	net.(*sysDialer).dialUnix
0x1401995c0	net.(*sysDialer).dialUnix.func1
0x140199680	net.(*UnixListener).accept
0x140199700	net.(*UnixListener).close
0x140199760	net.(*UnixListener).close.func1
0x1401997c0	net.(*sysListener).listenUnix
0x140199900	net.(*sysListener).listenUnix.func1
0x1401999c0	net.acquireThread.func1
0x140199a20	net.listenerBacklog.func1
0x140199a40	net.(*Resolver).lookupIPAddr.func2
0x140199aa0	net.(*Resolver).lookupIPAddr.func3
0x140199ac0	net.(*Resolver).goLookupIPCNAMEOrder.func1
0x140199ae0	net.(*netFD).listenStream.(*netFD).addrFunc.func1
0x140199b00	net.(*netFD).listenDatagram.(*netFD).addrFunc.func1
0x140199b20	net.(*netFD).dial.(*netFD).addrFunc.func1
0x140199b40	net.(*netFD).dial.(*netFD).addrFunc.func2
0x140199b60	net.(*netFD).dial.(*netFD).addrFunc.func3
0x140199b80	net.(*netFD).dial.(*netFD).addrFunc.func4
0x140199ba0	net.(*netFD).dial.(*netFD).addrFunc.func5
0x140199bc0	net.(*netFD).accept.(*netFD).addrFunc.func2
0x140199be0	net.(*netFD).accept.(*netFD).addrFunc.func3
0x140199c00	net.isDomainName
0x140199d00	net.favoriteAddrFamily
0x140199f80	net.ipToSockaddr
0x14019a2a0	net.listenerBacklog
0x14019a300	type:.eq.net.UnixAddr
0x14019a380	type:.eq.net.OpError
0x14019a4a0	type:.eq.net.KeepAliveConfig
0x14019a4e0	type:.eq.net.AddrError
0x14019a560	type:.eq.net.DNSError
0x14019a680	type:.eq.net.onlyValuesCtx
0x14019a700	type:.eq.net.ParseError
0x14019a780	type:.eq.net.UnixListener
0x14019a800	slices.pdqsortCmpFunc[go.shape.*uint8]
0x14019ae40	slices.partitionCmpFunc[go.shape.*uint8]
0x14019b260	slices.partitionEqualCmpFunc[go.shape.*uint8]
0x14019b4a0	slices.partialInsertionSortCmpFunc[go.shape.*uint8]
0x14019b840	slices.choosePivotCmpFunc[go.shape.*uint8]
0x14019bac0	slices.medianCmpFunc[go.shape.*uint8]
0x14019bca0	slices.breakPatternsCmpFunc[go.shape.*uint8]
0x14019be20	slices.heapSortCmpFunc[go.shape.*uint8]
0x14019c000	slices.siftDownCmpFunc[go.shape.*uint8]
0x14019c240	slices.stableCmpFunc[go.shape.struct { net.addr net.IPAddr; net.addrAttr net.ipAttr; net.src net/netip.Addr; net.srcAttr net.ipAttr }]
0x14019c9c0	slices.symMergeCmpFunc[go.shape.struct { net.addr net.IPAddr; net.addrAttr net.ipAttr; net.src net/netip.Addr; net.srcAttr net.ipAttr }]
0x14019d2c0	slices.rotateCmpFunc[go.shape.struct { net.addr net.IPAddr; net.addrAttr net.ipAttr; net.src net/netip.Addr; net.srcAttr net.ipAttr }]
0x14019d7a0	net.(*IP).MarshalText
0x14019d860	net.(*IP).String
0x14019d8c0	net.(*IPMask).String
0x14019da20	net.onlyValuesCtx.Deadline
0x14019daa0	net.(*onlyValuesCtx).Deadline
0x14019db00	net.onlyValuesCtx.Done
0x14019db80	net.(*onlyValuesCtx).Done
0x14019dbe0	net.onlyValuesCtx.Err
0x14019dc60	net.(*onlyValuesCtx).Err
0x14019dcc0	net.(*canceledError).Error
0x14019dd00	net.(*canceledError).Is
0x14019dda0	net.(*TCPConn).Close
0x14019ddc0	net.(*TCPConn).Read
0x14019dde0	net.(*TCPConn).RemoteAddr
0x14019de20	net.(*TCPConn).SetDeadline
0x14019de40	net.(*TCPConn).SetReadDeadline
0x14019de60	net.(*TCPConn).SetWriteDeadline
0x14019de80	net.(*TCPConn).Write
0x14019dea0	net.(*IPConn).Close
0x14019dec0	net.(*IPConn).Read
0x14019dee0	net.(*IPConn).RemoteAddr
0x14019df20	net.(*IPConn).SetDeadline
0x14019df40	net.(*IPConn).SetReadDeadline
0x14019df60	net.(*IPConn).SetWriteDeadline
0x14019df80	net.(*IPConn).Write
0x14019dfa0	net.(*UDPConn).Close
0x14019dfc0	net.(*UDPConn).Read
0x14019dfe0	net.(*UDPConn).RemoteAddr
0x14019e020	net.(*UDPConn).SetDeadline
0x14019e040	net.(*UDPConn).SetReadDeadline
0x14019e060	net.(*UDPConn).SetWriteDeadline
0x14019e080	net.(*UDPConn).Write
0x14019e0a0	net.(*UnixConn).Close
0x14019e0c0	net.(*UnixConn).Read
0x14019e0e0	net.(*UnixConn).RemoteAddr
0x14019e120	net.(*UnixConn).SetDeadline
0x14019e140	net.(*UnixConn).SetReadDeadline
0x14019e160	net.(*UnixConn).SetWriteDeadline
0x14019e180	net.(*UnixConn).Write
0x14019e1a0	net.(*UnknownNetworkError).Error
0x14019e220	net.(*UnknownNetworkError).Temporary
0x14019e260	net.(*UnknownNetworkError).Timeout
0x14019e2a0	net.(*noReadFrom).ReadFrom
0x14019e320	net.tcpConnWithoutReadFrom.Close
0x14019e380	net.(*tcpConnWithoutReadFrom).Close
0x14019e3a0	net.tcpConnWithoutReadFrom.Read
0x14019e420	net.(*tcpConnWithoutReadFrom).Read
0x14019e440	net.tcpConnWithoutReadFrom.RemoteAddr
0x14019e480	net.(*tcpConnWithoutReadFrom).RemoteAddr
0x14019e4e0	net.tcpConnWithoutReadFrom.SetDeadline
0x14019e560	net.(*tcpConnWithoutReadFrom).SetDeadline
0x14019e580	net.tcpConnWithoutReadFrom.SetReadDeadline
0x14019e600	net.(*tcpConnWithoutReadFrom).SetReadDeadline
0x14019e620	net.tcpConnWithoutReadFrom.SetWriteDeadline
0x14019e6a0	net.(*tcpConnWithoutReadFrom).SetWriteDeadline
0x14019e6c0	net.tcpConnWithoutReadFrom.SyscallConn
0x14019e780	net.(*tcpConnWithoutReadFrom).SyscallConn
0x14019e860	net.tcpConnWithoutReadFrom.Write
0x14019e8e0	net.(*tcpConnWithoutReadFrom).Write
0x14019e900	net.tcpConnWithoutReadFrom.WriteTo
0x14019e980	net.(*tcpConnWithoutReadFrom).WriteTo
0x14019e9a0	net.(*noWriteTo).WriteTo
0x14019ea20	net.tcpConnWithoutWriteTo.Close
0x14019ea80	net.(*tcpConnWithoutWriteTo).Close
0x14019eaa0	net.tcpConnWithoutWriteTo.Read
0x14019eb20	net.(*tcpConnWithoutWriteTo).Read
0x14019eb40	net.tcpConnWithoutWriteTo.ReadFrom
0x14019ebc0	net.(*tcpConnWithoutWriteTo).ReadFrom
0x14019ebe0	net.tcpConnWithoutWriteTo.RemoteAddr
0x14019ec20	net.(*tcpConnWithoutWriteTo).RemoteAddr
0x14019ec80	net.tcpConnWithoutWriteTo.SetDeadline
0x14019ed00	net.(*tcpConnWithoutWriteTo).SetDeadline
0x14019ed20	net.tcpConnWithoutWriteTo.SetReadDeadline
0x14019eda0	net.(*tcpConnWithoutWriteTo).SetReadDeadline
0x14019edc0	net.tcpConnWithoutWriteTo.SetWriteDeadline
0x14019ee40	net.(*tcpConnWithoutWriteTo).SetWriteDeadline
0x14019ee60	net.tcpConnWithoutWriteTo.SyscallConn
0x14019ef20	net.(*tcpConnWithoutWriteTo).SyscallConn
0x14019f000	net.tcpConnWithoutWriteTo.Write
0x14019f080	net.(*tcpConnWithoutWriteTo).Write
0x14019f0a0	net.(*nsswitchConfig).init-fm
0x14019f100	net.(*ipStackCapabilities).probe-fm
0x14019f160	net.(*resolverConfig).init-fm
0x14019f1c0	net.(*Resolver).lookupIP-fm
0x14019f280	type:.eq.net.nssCriterion
0x14019f320	type:.eq.net.dialResult·1
0x14019f3e0	type:.eq.net.result·3
0x14019f460	net/url.(*Error).Unwrap
0x14019f480	net/url.(*Error).Error
0x14019f560	net/url.(*Error).Timeout
0x14019f600	net/url.(*Error).Temporary
0x14019f6a0	net/url.EscapeError.Error
0x14019f7a0	net/url.InvalidHostError.Error
0x14019f8a0	net/url.shouldEscape
0x14019fa00	net/url.unescape
0x1401a0340	net/url.escape
0x1401a0700	net/url.(*Userinfo).String
0x1401a07a0	net/url.getScheme
0x1401a08e0	net/url.Parse
0x1401a0aa0	net/url.ParseRequestURI
0x1401a0b80	net/url.parse
0x1401a10e0	net/url.parseAuthority
0x1401a14a0	net/url.parseHost
0x1401a1b60	net/url.(*URL).EscapedPath
0x1401a1c40	net/url.validEncoded
0x1401a1d40	net/url.(*URL).setFragment
0x1401a1e80	net/url.(*URL).EscapedFragment
0x1401a1f60	net/url.(*URL).String
0x1401a2da0	net/url.urlParamsWithinMax
0x1401a2e60	net/url.parseQuery
0x1401a3180	net/url.Values.Encode
0x1401a3720	net/url.Values.Encode.Keys[go.shape.map[string][]string,go.shape.string,go.shape.[]string].func1
0x1401a37c0	net/url.resolvePath
0x1401a3f20	net/url.(*URL).Parse
0x1401a3fa0	net/url.(*URL).ResolveReference
0x1401a42c0	net/url.(*URL).Query
0x1401a4320	net/url.(*URL).RequestURI
0x1401a4400	net/url.splitHostPort
0x1401a4660	net/url.(*URL).MarshalBinary
0x1401a4720	net/url.(*URL).UnmarshalBinary
0x1401a4800	net/url.(*URL).JoinPath
0x1401a4ae0	net/url.JoinPath
0x1401a4ba0	net/url.(*URL).setPath
0x1401a4ce0	type:.eq.net/url.Error
0x1401a4da0	slices.Sorted[go.shape.string]
0x1401a4f20	slices.Sorted[go.shape.string].Collect[go.shape.string].AppendSeq[go.shape.[]go.shape.string,go.shape.string]-range1
0x1401a5040	net/url.(*EscapeError).Error
0x1401a50a0	net/url.(*InvalidHostError).Error
0x1401a5100	type:.eq.net/url.URL
0x1401a5300	type:.eq.net/url.Userinfo
0x1401a53a0	crypto/aes.KeySizeError.Error
0x1401a5400	crypto/aes.NewCipher
0x1401a54c0	crypto/aes.(*KeySizeError).Error
0x1401a5540	crypto/des.cryptBlock
0x1401a5760	crypto/des.feistel
0x1401a58a0	crypto/des.initFeistelBox
0x1401a59a0	crypto/des.permuteInitialBlock
0x1401a5a80	crypto/des.permuteFinalBlock
0x1401a5b60	crypto/des.(*desCipher).generateSubkeys
0x1401a5e80	crypto/des.KeySizeError.Error
0x1401a5ee0	crypto/des.(*desCipher).BlockSize
0x1401a5f00	crypto/des.(*desCipher).Encrypt
0x1401a6020	crypto/des.(*desCipher).Decrypt
0x1401a6140	crypto/des.NewTripleDESCipher
0x1401a6280	crypto/des.(*tripleDESCipher).BlockSize
0x1401a62a0	crypto/des.(*tripleDESCipher).Encrypt
0x1401a64c0	crypto/des.(*tripleDESCipher).Decrypt
0x1401a6700	crypto/des.(*KeySizeError).Error
0x1401a6780	crypto/md5.init.0
0x1401a67e0	crypto/md5.(*digest).Reset
0x1401a6820	crypto/md5.(*digest).MarshalBinary
0x1401a6a20	crypto/md5.(*digest).UnmarshalBinary
0x1401a6b60	crypto/md5.New
0x1401a6bc0	crypto/md5.(*digest).Size
0x1401a6be0	crypto/md5.(*digest).BlockSize
0x1401a6c00	crypto/md5.(*digest).Write
0x1401a6f60	crypto/md5.(*digest).Sum
0x1401a7080	crypto/md5.(*digest).checkSum
0x1401a71a0	crypto/md5.block
0x1401a7aa0	crypto/sha1.init
0x1401a7b00	crypto/sha1.init.0
0x1401a7b60	crypto/sha1.(*digest).MarshalBinary
0x1401a7d60	crypto/sha1.(*digest).UnmarshalBinary
0x1401a7ec0	crypto/sha1.(*digest).Reset
0x1401a7f00	crypto/sha1.New
0x1401a7f60	crypto/sha1.(*digest).Size
0x1401a7f80	crypto/sha1.(*digest).BlockSize
0x1401a7fa0	crypto/sha1.(*digest).Write
0x1401a8220	crypto/sha1.(*digest).Sum
0x1401a83a0	crypto/sha1.(*digest).checkSum
0x1401a8540	crypto/sha1.(*digest).ConstantTimeSum
0x1401a86a0	crypto/sha1.(*digest).constSum
0x1401a8940	crypto/sha1.Sum
0x1401a8aa0	crypto/sha1.blockGeneric
0x1401a8dc0	crypto/sha1.init.1
0x1401a8e40	crypto/sha1.block
0x1401a8fc0	crypto/sha1.blockAVX2
0x1401aace0	crypto/sha1.blockSHANI
0x1401aaf60	type:.eq.crypto/sha1.digest
0x1401aafc0	crypto/x509.init
0x1401abf80	crypto/x509.(*CertPool).findPotentialParents
0x1401ac7c0	crypto/x509.(*CertPool).AddCert
0x1401acb00	crypto/x509.(*CertPool).AddCert.func1
0x1401acb20	crypto/x509.OIDFromInts
0x1401ace80	crypto/x509.base128BigIntLength
0x1401acfa0	crypto/x509.appendBase128BigInt
0x1401ad1e0	crypto/x509.OID.MarshalText
0x1401ad2c0	crypto/x509.(*OID).UnmarshalText
0x1401ad340	crypto/x509.(*OID).unmarshalOIDText
0x1401ad8a0	crypto/x509.OID.MarshalBinary
0x1401ad960	crypto/x509.(*OID).UnmarshalBinary
0x1401adae0	crypto/x509.OID.String
0x1401ae9a0	crypto/x509.OID.toASN1OID
0x1401aec40	crypto/x509.parseASN1String
0x1401af400	crypto/x509.parseName
0x1401af920	crypto/x509.parseAI
0x1401afbe0	crypto/x509.parseTime
0x1401afd40	crypto/x509.parseValidity
0x1401afe20	crypto/x509.parseExtension
0x1401b0160	crypto/x509.parsePublicKey
0x1401b0d60	crypto/x509.parseKeyUsageExtension
0x1401b0ea0	crypto/x509.parseBasicConstraintsExtension
0x1401b1040	crypto/x509.forEachSAN
0x1401b11a0	crypto/x509.parseAuthorityKeyIdentifier
0x1401b1380	crypto/x509.parseExtKeyUsageExtension
0x1401b1680	crypto/x509.parseCertificatePoliciesExtension
0x1401b1a60	crypto/x509.parseNameConstraintsExtension
0x1401b1f80	crypto/x509.parseNameConstraintsExtension.func1
0x1401b30e0	crypto/x509.processExtensions
0x1401b4a80	crypto/x509.processExtensions.parseSANExtension.func1
0x1401b5020	crypto/x509.parseCertificate
0x1401b63a0	crypto/x509.ParseCertificate
0x1401b6440	crypto/x509.ParseCertificates
0x1401b65a0	crypto/x509.domainNameValid
0x1401b6680	crypto/x509.ParsePKCS1PrivateKey
0x1401b6d00	crypto/x509.MarshalPKCS1PrivateKey
0x1401b6f80	crypto/x509.ParsePKCS8PrivateKey
0x1401b7740	crypto/x509.MarshalPKCS8PrivateKey
0x1401b82c0	crypto/x509.systemRootsPool
0x1401b83a0	crypto/x509.systemRootsPool.deferwrap1
0x1401b8400	crypto/x509.initSystemRoots
0x1401b84e0	crypto/x509.initSystemRoots.deferwrap1
0x1401b8540	crypto/x509.createStoreContext
0x1401b89c0	crypto/x509.createStoreContext.deferwrap2
0x1401b8a20	crypto/x509.createStoreContext.deferwrap1
0x1401b8a80	crypto/x509.extractSimpleChain
0x1401b8d80	crypto/x509.checkChainSSLServerPolicy
0x1401b90a0	crypto/x509.init.0
0x1401b91a0	crypto/x509.verifyChain
0x1401b94e0	crypto/x509.(*Certificate).systemVerify
0x1401b9d40	crypto/x509.(*Certificate).systemVerify.deferwrap2
0x1401b9da0	crypto/x509.(*Certificate).systemVerify.deferwrap1
0x1401b9e00	crypto/x509.marshalECPrivateKeyWithOID
0x1401ba120	crypto/x509.marshalECDHPrivateKey
0x1401ba300	crypto/x509.parseECPrivateKey
0x1401ba940	crypto/x509.CertificateInvalidError.Error
0x1401bab20	crypto/x509.HostnameError.Error
0x1401bb2c0	crypto/x509.UnknownAuthorityError.Error
0x1401bb480	crypto/x509.SystemRootsError.Error
0x1401bb500	crypto/x509.SystemRootsError.Unwrap
0x1401bb520	crypto/x509.parseRFC2821Mailbox
0x1401bbb40	crypto/x509.domainToReverseLabels
0x1401bbea0	crypto/x509.matchEmailConstraint
0x1401bc0a0	crypto/x509.matchURIConstraint
0x1401bc320	crypto/x509.matchDomainConstraint
0x1401bc7a0	crypto/x509.(*Certificate).checkNameConstraints
0x1401bd060	crypto/x509.(*Certificate).isValid
0x1401bdca0	crypto/x509.(*Certificate).isValid.func1
0x1401be4c0	crypto/x509.(*Certificate).isValid.func1.3
0x1401be5a0	crypto/x509.(*Certificate).isValid.func1.2
0x1401be660	crypto/x509.(*Certificate).isValid.func1.1
0x1401be740	crypto/x509.(*Certificate).Verify
0x1401bf2a0	crypto/x509.alreadyInChain
0x1401bf720	crypto/x509.(*Certificate).buildChains
0x1401c0180	crypto/x509.validHostname
0x1401c0380	crypto/x509.matchExactly
0x1401c0600	crypto/x509.matchHostnames
0x1401c0800	crypto/x509.(*Certificate).VerifyHostname
0x1401c0ca0	crypto/x509.splitHostname
0x1401c0de0	crypto/x509.checkChainForKeyUsage
0x1401c0fa0	crypto/x509.mustNewOIDFromInts
0x1401c10a0	crypto/x509.(*policyGraph).validPolicyNodes
0x1401c13c0	crypto/x509.policiesValid
0x1401c38a0	crypto/x509.policiesValid.(*policyGraph).parents.Values[go.shape.map[string]*crypto/x509.policyGraphNode,go.shape.string,go.shape.*uint8].func1
0x1401c3940	crypto/x509.policiesValid-range1
0x1401c3b40	crypto/x509.marshalPublicKey
0x1401c4320	crypto/x509.SignatureAlgorithm.String
0x1401c43c0	crypto/x509.PublicKeyAlgorithm.String
0x1401c4420	crypto/x509.getSignatureAlgorithmFromAI
0x1401c4820	crypto/x509.getPublicKeyAlgorithmFromOID
0x1401c4900	crypto/x509.namedCurveFromOID
0x1401c4ae0	crypto/x509.oidFromNamedCurve
0x1401c4d00	crypto/x509.InsecureAlgorithmError.Error
0x1401c4d60	crypto/x509.ConstraintViolationError.Error
0x1401c4d80	crypto/x509.(*Certificate).CheckSignatureFrom
0x1401c4e80	crypto/x509.signaturePublicKeyAlgoMismatchError
0x1401c4f60	crypto/x509.checkSignature
0x1401c5500	crypto/x509.UnhandledCriticalExtension.Error
0x1401c5520	crypto/x509.marshalSANs
0x1401c6180	crypto/x509.isIA5String
0x1401c6240	crypto/x509.buildCertExtensions
0x1401c8180	crypto/x509.buildCertExtensions.func3
0x1401c8260	crypto/x509.buildCertExtensions.func3.2
0x1401c8440	crypto/x509.buildCertExtensions.func3.1
0x1401c8620	crypto/x509.buildCertExtensions.func2
0x1401c8d00	crypto/x509.buildCertExtensions.func2.4
0x1401c8d60	crypto/x509.buildCertExtensions.func2.4.1
0x1401c8f60	crypto/x509.buildCertExtensions.func2.3
0x1401c8fc0	crypto/x509.buildCertExtensions.func2.3.1
0x1401c91c0	crypto/x509.buildCertExtensions.func2.2
0x1401c9220	crypto/x509.buildCertExtensions.func2.2.1
0x1401c9560	crypto/x509.buildCertExtensions.func2.1
0x1401c95c0	crypto/x509.buildCertExtensions.func2.1.1
0x1401c97c0	crypto/x509.marshalKeyUsage
0x1401c9a20	crypto/x509.marshalExtKeyUsage
0x1401c9d60	crypto/x509.marshalBasicConstraints
0x1401c9ee0	crypto/x509.marshalCertificatePolicies
0x1401ca1a0	crypto/x509.marshalCertificatePolicies.func1
0x1401ca320	crypto/x509.marshalCertificatePolicies.func1.2
0x1401ca3a0	crypto/x509.marshalCertificatePolicies.func1.2.(*Builder).AddASN1ObjectIdentifier.1
0x1401ca520	crypto/x509.marshalCertificatePolicies.func1.1
0x1401ca5a0	crypto/x509.marshalCertificatePolicies.func1.1.1
0x1401ca7e0	crypto/x509.buildCSRExtensions
0x1401cab40	crypto/x509.subjectBytes
0x1401cac20	crypto/x509.signingParamsForKey
0x1401cb280	crypto/x509.signTBS
0x1401cb580	crypto/x509.CreateCertificate
0x1401cc3c0	crypto/x509.newRawAttributes
0x1401cc500	crypto/x509.CreateCertificateRequest
0x1401cd740	crypto/x509.buildCertExtensions.func1
0x1401cd8a0	crypto/x509.(*Certificate).isValid.func1.4
0x1401cd9a0	type:.eq.crypto/x509.CertificateInvalidError
0x1401cda20	type:.eq.crypto/x509.HostnameError
0x1401cda80	type:.eq.crypto/x509.UnknownAuthorityError
0x1401cdb20	crypto/x509.(*OID).MarshalBinary
0x1401cdc00	crypto/x509.(*OID).MarshalText
0x1401cdd00	crypto/x509.(*OID).String
0x1401cdd60	crypto/x509.(*PublicKeyAlgorithm).String
0x1401cde00	crypto/x509.(*SignatureAlgorithm).String
0x1401cdf00	crypto/x509.(*CertificateInvalidError).Error
0x1401cdf80	crypto/x509.(*HostnameError).Error
0x1401cdfe0	crypto/x509.(*UnknownAuthorityError).Error
0x1401ce060	crypto/x509.(*SystemRootsError).Error
0x1401ce100	crypto/x509.(*SystemRootsError).Unwrap
0x1401ce140	crypto/x509.(*InsecureAlgorithmError).Error
0x1401ce1e0	crypto/x509.(*ConstraintViolationError).Error
0x1401ce220	crypto/x509.(*UnhandledCriticalExtension).Error
0x1401ce260	type:.eq.crypto/x509.basicConstraints
0x1401ce280	type:.eq.crypto/x509.rfc2821Mailbox
0x1401ce300	crypto/hmac.New
0x1401ce460	crypto/hmac.New.UnwrapNew[go.shape.interface { BlockSize() int; Reset(); Size() int; Sum([]uint8) []uint8; Write([]uint8) (int, error) }].func1
0x1401ce500	crypto/rc4.KeySizeError.Error
0x1401ce560	crypto/rc4.NewCipher
0x1401ce6c0	crypto/rc4.(*Cipher).Reset
0x1401ce700	crypto/rc4.(*Cipher).XORKeyStream
0x1401ce860	crypto/rc4.(*KeySizeError).Error
0x1401ce8e0	type:.eq.crypto/rc4.Cipher
0x1401ce920	encoding/binary.bigEndian.Uint16
0x1401ce960	encoding/binary.bigEndian.PutUint16
0x1401ce9a0	encoding/binary.bigEndian.Uint32
0x1401ce9e0	encoding/binary.bigEndian.PutUint32
0x1401cea20	encoding/binary.bigEndian.Uint64
0x1401cea60	encoding/binary.bigEndian.PutUint64
0x1401ceaa0	encoding/binary.bigEndian.String
0x1401ceac0	encoding/binary.bigEndian.GoString
0x1401ceae0	encoding/binary.Read
0x1401ceee0	encoding/binary.decodeFast
0x1401cf8c0	encoding/binary.Write
0x1401cfc20	encoding/binary.encodeFast
0x1401d08a0	encoding/binary.dataSize
0x1401d0c00	encoding/binary.sizeof
0x1401d0e00	encoding/binary.(*decoder).int16
0x1401d0ea0	encoding/binary.(*decoder).int32
0x1401d0f40	encoding/binary.(*decoder).int64
0x1401d0fe0	encoding/binary.(*decoder).value
0x1401d1a00	encoding/binary.(*encoder).value
0x1401d24a0	encoding/binary.intDataSize
0x1401d2840	encoding/binary.(*bigEndian).GoString
0x1401d2880	encoding/binary.(*bigEndian).PutUint16
0x1401d28e0	encoding/binary.(*bigEndian).PutUint32
0x1401d2940	encoding/binary.(*bigEndian).PutUint64
0x1401d29a0	encoding/binary.(*bigEndian).String
0x1401d29e0	encoding/binary.(*bigEndian).Uint16
0x1401d2a40	encoding/binary.(*bigEndian).Uint32
0x1401d2aa0	encoding/binary.(*bigEndian).Uint64
0x1401d2b00	vendor/golang.org/x/sys/cpu.init.0
0x1401d2b40	vendor/golang.org/x/sys/cpu.processOptions
0x1401d31a0	vendor/golang.org/x/sys/cpu.initOptions
0x1401d36c0	vendor/golang.org/x/sys/cpu.archInit
0x1401d3a60	vendor/golang.org/x/sys/cpu.init.1
0x1401d3aa0	vendor/golang.org/x/sys/cpu.cpuid
0x1401d3ac0	vendor/golang.org/x/sys/cpu.xgetbv
0x1401d3ae0	type:.eq.vendor/golang.org/x/sys/cpu.option
0x1401d3b60	type:.eq.[45]vendor/golang.org/x/sys/cpu.option
0x1401d3e60	vendor/golang.org/x/crypto/chacha20.newUnauthenticatedCipher
0x1401d40e0	vendor/golang.org/x/crypto/chacha20.(*Cipher).XORKeyStream
0x1401d44a0	vendor/golang.org/x/crypto/chacha20.(*Cipher).xorKeyStreamBlocksGeneric
0x1401d4d20	vendor/golang.org/x/crypto/chacha20.hChaCha20
0x1401d50c0	vendor/golang.org/x/crypto/internal/poly1305.(*MAC).Verify
0x1401d5180	vendor/golang.org/x/crypto/internal/poly1305.(*mac).Write
0x1401d5440	vendor/golang.org/x/crypto/internal/poly1305.(*mac).Sum
0x1401d5520	vendor/golang.org/x/crypto/internal/poly1305.finalize
0x1401d5580	vendor/golang.org/x/crypto/internal/poly1305.update
0x1401d56a0	vendor/golang.org/x/crypto/chacha20poly1305.init
0x1401d56c0	vendor/golang.org/x/crypto/chacha20poly1305.New
0x1401d5780	vendor/golang.org/x/crypto/chacha20poly1305.(*chacha20poly1305).NonceSize
0x1401d57a0	vendor/golang.org/x/crypto/chacha20poly1305.(*chacha20poly1305).Overhead
0x1401d57c0	vendor/golang.org/x/crypto/chacha20poly1305.(*chacha20poly1305).Seal
0x1401d58e0	vendor/golang.org/x/crypto/chacha20poly1305.(*chacha20poly1305).Open
0x1401d5a20	vendor/golang.org/x/crypto/chacha20poly1305.setupState
0x1401d5ae0	vendor/golang.org/x/crypto/chacha20poly1305.(*chacha20poly1305).seal
0x1401d5e00	vendor/golang.org/x/crypto/chacha20poly1305.(*chacha20poly1305).open
0x1401d61a0	vendor/golang.org/x/crypto/chacha20poly1305.writeWithPadding
0x1401d6280	vendor/golang.org/x/crypto/chacha20poly1305.writeUint64
0x1401d6300	vendor/golang.org/x/crypto/chacha20poly1305.(*chacha20poly1305).sealGeneric
0x1401d67a0	vendor/golang.org/x/crypto/chacha20poly1305.(*chacha20poly1305).openGeneric
0x1401d6c60	polyHashADInternal
0x1401d6e80	vendor/golang.org/x/crypto/chacha20poly1305.chacha20Poly1305Open
0x1401dba80	vendor/golang.org/x/crypto/chacha20poly1305.chacha20Poly1305Seal
0x1401e0fa0	container/list.(*List).Len
0x1401e0fc0	type:.eq.container/list.List
0x1401e1040	type:.eq.container/list.Element
0x1401e10c0	crypto/tls/internal/fips140tls.init.0
0x1401e1120	crypto/internal/hpke.init
0x1401e1240	crypto/internal/hpke.init.func1
0x1401e12a0	crypto/internal/hpke.init.func2
0x1401e12e0	crypto/internal/hpke.map.init.0
0x1401e1440	crypto/internal/hpke.(*hkdfKDF).LabeledExtract
0x1401e16e0	crypto/internal/hpke.(*hkdfKDF).LabeledExpand
0x1401e1ac0	crypto/internal/hpke.(*dhKEM).ExtractAndExpand
0x1401e1c20	crypto/internal/hpke.(*dhKEM).Encap
0x1401e1f80	crypto/internal/hpke.(*dhKEM).Decap
0x1401e21e0	crypto/internal/hpke.newContext
0x1401e2a00	crypto/internal/hpke.SetupSender
0x1401e2d00	crypto/internal/hpke.SetupRecipient
0x1401e2fc0	crypto/internal/hpke.(*context).nextNonce
0x1401e30e0	crypto/internal/hpke.(*context).incrementNonce
0x1401e31c0	crypto/internal/hpke.(*Sender).Seal
0x1401e3320	crypto/internal/hpke.(*Recipient).Open
0x1401e34a0	crypto/internal/hpke.ParseHPKEPublicKey
0x1401e3580	crypto/internal/hpke.ParseHPKEPrivateKey
0x1401e3660	crypto/hkdf.Expand[go.shape.interface { BlockSize() int; Reset(); Size() int; Sum([]uint8) []uint8; Write([]uint8) (int, error) }]
0x1401e3860	crypto/hkdf.Expand[go.shape.interface { BlockSize() int; Reset(); Size() int; Sum([]uint8) []uint8; Write([]uint8) (int, error) }].UnwrapNew[go.shape.interface { BlockSize() int; Reset(); Size() int; Sum([]uint8) []uint8; Write([]uint8) (int, error) }].func1
0x1401e3900	crypto/hkdf.checkFIPS140Only[go.shape.interface { BlockSize() int; Reset(); Size() int; Sum([]uint8) []uint8; Write([]uint8) (int, error) }]
0x1401e3a60	crypto/hkdf.Extract[go.shape.interface { BlockSize() int; Reset(); Size() int; Sum([]uint8) []uint8; Write([]uint8) (int, error) }]
0x1401e3ba0	crypto/hkdf.Extract[go.shape.interface { BlockSize() int; Reset(); Size() int; Sum([]uint8) []uint8; Write([]uint8) (int, error) }].UnwrapNew[go.shape.interface { BlockSize() int; Reset(); Size() int; Sum([]uint8) []uint8; Write([]uint8) (int, error) }].func1
0x1401e3c40	type:.eq.struct { crypto/internal/hpke.curve crypto/ecdh.Curve; crypto/internal/hpke.hash crypto.Hash; crypto/internal/hpke.nSecret uint16 }
0x1401e3cc0	sort.SliceStable
0x1401e3dc0	sort.Sort
0x1401e3e40	sort.Strings
0x1401e3ec0	sort.insertionSort_func
0x1401e3fc0	sort.stable_func
0x1401e4120	sort.symMerge_func
0x1401e4460	sort.rotate_func
0x1401e4620	sort.insertionSort
0x1401e4720	sort.siftDown
0x1401e4880	sort.heapSort
0x1401e49a0	sort.pdqsort
0x1401e4d00	sort.partition
0x1401e4f40	sort.partitionEqual
0x1401e5080	sort.partialInsertionSort
0x1401e52e0	sort.breakPatterns
0x1401e5440	sort.choosePivot
0x1401e5620	sort.median
0x1401e5740	sort.reverseRange
0x1401e57e0	crypto/tls.init
0x1401e5cc0	crypto/tls.init.func1
0x1401e5d00	crypto/tls.map.init.0
0x1401e5e00	crypto/tls.map.init.1
0x1401e5f40	crypto/tls.AlertError.Error
0x1401e5f80	crypto/tls.alert.String
0x1401e6040	crypto/tls.alert.Error
0x1401e6080	crypto/tls.verifyHandshakeSignature
0x1401e6440	crypto/tls.signedMessage
0x1401e6660	crypto/tls.typeAndHashFromSignatureScheme
0x1401e6860	crypto/tls.legacyTypeAndHashFromPublicKey
0x1401e6980	crypto/tls.signatureSchemesForPublicKey
0x1401e6da0	crypto/tls.selectSignatureScheme
0x1401e7080	crypto/tls.selectSignatureScheme.func2
0x1401e70c0	crypto/tls.selectSignatureScheme.func1
0x1401e7100	crypto/tls.unsupportedCertificateError
0x1401e7560	crypto/tls.(*weakCertCache).newCert
0x1401e79e0	crypto/tls.(*weakCertCache).newCert.func2
0x1401e7a60	crypto/tls.(*weakCertCache).newCert.func1
0x1401e7ae0	crypto/tls.cipherRC4
0x1401e7b60	crypto/tls.cipher3DES
0x1401e7c40	crypto/tls.cipherAES
0x1401e7d20	crypto/tls.macSHA1
0x1401e7dc0	crypto/tls.macSHA1.newConstantTimeHash.func1
0x1401e7ea0	crypto/tls.macSHA256
0x1401e7f00	crypto/tls.(*prefixNonceAEAD).NonceSize
0x1401e7f20	crypto/tls.(*prefixNonceAEAD).Overhead
0x1401e7f60	crypto/tls.(*prefixNonceAEAD).explicitNonceLen
0x1401e7f80	crypto/tls.(*prefixNonceAEAD).Seal
0x1401e80e0	crypto/tls.(*prefixNonceAEAD).Open
0x1401e8240	crypto/tls.(*xorNonceAEAD).NonceSize
0x1401e8260	crypto/tls.(*xorNonceAEAD).Overhead
0x1401e82a0	crypto/tls.(*xorNonceAEAD).explicitNonceLen
0x1401e82c0	crypto/tls.(*xorNonceAEAD).Seal
0x1401e8460	crypto/tls.(*xorNonceAEAD).Open
0x1401e8600	crypto/tls.aeadAESGCM
0x1401e8760	crypto/tls.aeadChaCha20Poly1305
0x1401e88e0	crypto/tls.(*cthWrapper).Size
0x1401e8920	crypto/tls.(*cthWrapper).BlockSize
0x1401e8960	crypto/tls.(*cthWrapper).Reset
0x1401e89a0	crypto/tls.(*cthWrapper).Write
0x1401e8a00	crypto/tls.(*cthWrapper).Sum
0x1401e8a60	crypto/tls.tls10MAC
0x1401e8c40	crypto/tls.rsaKA
0x1401e8c60	crypto/tls.ecdheECDSAKA
0x1401e8cc0	crypto/tls.ecdheRSAKA
0x1401e8d20	crypto/tls.isTLS13OnlyKeyExchange
0x1401e8d40	crypto/tls.(*Config).ticketKeyFromBytes
0x1401e8e40	crypto/tls.(*Config).Clone
0x1401e9400	crypto/tls.(*Config).Clone.deferwrap1
0x1401e9460	crypto/tls.(*Config).initLegacySessionTicketKeyRLocked
0x1401e9860	crypto/tls.(*Config).initLegacySessionTicketKeyRLocked.deferwrap2
0x1401e98c0	crypto/tls.(*Config).initLegacySessionTicketKeyRLocked.deferwrap1
0x1401e9920	crypto/tls.(*Config).ticketKeys
0x1401ea2a0	crypto/tls.(*Config).ticketKeys.deferwrap3
0x1401ea300	crypto/tls.(*Config).ticketKeys.deferwrap2
0x1401ea360	crypto/tls.(*Config).ticketKeys.deferwrap1
0x1401ea3c0	crypto/tls.(*Config).cipherSuites
0x1401ea5c0	crypto/tls.(*Config).cipherSuites.func1
0x1401ea600	crypto/tls.(*Config).supportedVersions
0x1401ea880	crypto/tls.(*Config).curvePreferences
0x1401ea9e0	crypto/tls.(*Config).curvePreferences.func2
0x1401eaa20	crypto/tls.(*Config).supportsCurve
0x1401eaaa0	crypto/tls.(*Config).mutualVersion
0x1401eab60	crypto/tls.(*Config).getCertificate
0x1401eae80	crypto/tls.(*ClientHelloInfo).SupportsCertificate
0x1401eb680	crypto/tls.(*ClientHelloInfo).SupportsCertificate.func1
0x1401eb880	crypto/tls.(*CertificateRequestInfo).SupportsCertificate
0x1401ebae0	crypto/tls.(*Config).writeKeyLog
0x1401ebd60	crypto/tls.(*Certificate).leaf
0x1401ebde0	crypto/tls.supportedSignatureAlgorithms
0x1401ebf20	crypto/tls.supportedSignatureAlgorithms.func1
0x1401ebf60	crypto/tls.isDisabledSignatureAlgorithm
0x1401ec060	crypto/tls.supportedSignatureAlgorithmsCert
0x1401ec0e0	crypto/tls.(*CertificateVerificationError).Error
0x1401ec160	crypto/tls.(*CertificateVerificationError).Unwrap
0x1401ec180	crypto/tls.fipsAllowedChains
0x1401ec400	crypto/tls.anyValidVerifiedChain
0x1401ec7a0	crypto/tls.SignatureScheme.String
0x1401ec960	crypto/tls.CurveID.String
0x1401eca60	crypto/tls.ClientAuthType.String
0x1401ecb20	crypto/tls.(*Conn).RemoteAddr
0x1401ecb60	crypto/tls.(*Conn).SetDeadline
0x1401ecbc0	crypto/tls.(*Conn).SetReadDeadline
0x1401ecc20	crypto/tls.(*Conn).SetWriteDeadline
0x1401ecc80	crypto/tls.(*permanentError).Error
0x1401eccc0	crypto/tls.(*permanentError).Unwrap
0x1401ecd60	crypto/tls.(*permanentError).Timeout
0x1401ecda0	crypto/tls.(*permanentError).Temporary
0x1401ecdc0	crypto/tls.(*halfConn).setTrafficSecret
0x1401ecec0	crypto/tls.(*halfConn).explicitNonceLen
0x1401ecfc0	crypto/tls.extractPadding
0x1401ed080	crypto/tls.(*halfConn).decrypt
0x1401edaa0	crypto/tls.(*halfConn).encrypt
0x1401ee940	crypto/tls.RecordHeaderError.Error
0x1401ee980	crypto/tls.(*Conn).readRecordOrCCS
0x1401f1920	crypto/tls.(*Conn).retryReadRecord
0x1401f1ac0	crypto/tls.(*atLeastReader).Read
0x1401f1c00	crypto/tls.(*Conn).readFromUntil
0x1401f1d60	crypto/tls.(*Conn).sendAlertLocked
0x1401f20c0	crypto/tls.(*Conn).sendAlert
0x1401f21c0	crypto/tls.(*Conn).sendAlert.deferwrap1
0x1401f2220	crypto/tls.(*Conn).maxPayloadSizeForWrite
0x1401f2440	crypto/tls.(*Conn).write
0x1401f25a0	crypto/tls.(*Conn).flush
0x1401f2660	crypto/tls.(*Conn).writeRecordLocked
0x1401f2fe0	crypto/tls.(*Conn).writeRecordLocked.func1
0x1401f3060	crypto/tls.(*Conn).writeHandshakeRecord
0x1401f3280	crypto/tls.(*Conn).writeHandshakeRecord.deferwrap1
0x1401f32e0	crypto/tls.(*Conn).writeChangeCipherRecord
0x1401f33e0	crypto/tls.(*Conn).writeChangeCipherRecord.deferwrap1
0x1401f3440	crypto/tls.(*Conn).readHandshakeBytes
0x1401f34e0	crypto/tls.(*Conn).readHandshake
0x1401f38e0	crypto/tls.(*Conn).unmarshalHandshakeMessage
0x1401f3f60	crypto/tls.(*Conn).Write
0x1401f4740	crypto/tls.(*Conn).Write.deferwrap2
0x1401f47a0	crypto/tls.(*Conn).Write.deferwrap1
0x1401f47e0	crypto/tls.(*Conn).handleRenegotiation
0x1401f4b20	crypto/tls.(*Conn).handleRenegotiation.deferwrap1
0x1401f4b80	crypto/tls.(*Conn).handlePostHandshakeMessage
0x1401f4de0	crypto/tls.(*Conn).handleKeyUpdate
0x1401f54c0	crypto/tls.(*Conn).handleKeyUpdate.deferwrap1
0x1401f5520	crypto/tls.(*Conn).Read
0x1401f58e0	crypto/tls.(*Conn).Read.deferwrap1
0x1401f5940	crypto/tls.(*Conn).Close
0x1401f5a60	crypto/tls.(*Conn).closeNotify
0x1401f5c00	crypto/tls.(*Conn).closeNotify.deferwrap1
0x1401f5c60	crypto/tls.(*Conn).handshakeContext
0x1401f64c0	crypto/tls.(*Conn).handshakeContext.deferwrap2
0x1401f6520	crypto/tls.(*Conn).handshakeContext.deferwrap1
0x1401f6580	crypto/tls.(*Conn).handshakeContext.func2
0x1401f6680	crypto/tls.(*Conn).handshakeContext.func1
0x1401f6700	crypto/tls.(*Conn).ConnectionState
0x1401f6860	crypto/tls.(*Conn).ConnectionState.deferwrap1
0x1401f68c0	crypto/tls.(*Conn).connectionStateLocked
0x1401f6ba0	crypto/tls.(*Conn).connectionStateLocked.func1
0x1401f6cc0	crypto/tls.(*Conn).setReadTrafficSecret
0x1401f6da0	crypto/tls.defaultCipherSuites
0x1401f6f20	crypto/tls.isCertificateAllowedFIPS
0x1401f7180	crypto/tls.init.0
0x1401f72c0	crypto/tls.(*echConfigErr).Error
0x1401f7360	crypto/tls.parseECHConfig
0x1401f80c0	crypto/tls.parseECHConfigList
0x1401f8500	crypto/tls.pickECHConfig
0x1401f8720	crypto/tls.encodeInnerClientHello
0x1401f88a0	crypto/tls.skipUint8LengthPrefixed
0x1401f89a0	crypto/tls.skipUint16LengthPrefixed
0x1401f8ac0	crypto/tls.extractRawExtensions
0x1401f8e80	crypto/tls.decodeInnerClientHello
0x1401f9580	crypto/tls.decodeInnerClientHello.func1
0x1401f9920	crypto/tls.decodeInnerClientHello.func1.4
0x1401fa180	crypto/tls.decodeInnerClientHello.func1.4.2
0x1401fa360	crypto/tls.decodeInnerClientHello.func1.4.1
0x1401fa560	crypto/tls.decodeInnerClientHello.func1.3
0x1401fa740	crypto/tls.decodeInnerClientHello.func1.2
0x1401fa920	crypto/tls.decodeInnerClientHello.func1.1
0x1401fab00	crypto/tls.decryptECHPayload
0x1401faca0	crypto/tls.generateOuterECHExt
0x1401fb520	crypto/tls.generateOuterECHExt.func2
0x1401fb700	crypto/tls.generateOuterECHExt.func1
0x1401fb8e0	crypto/tls.computeAndUpdateOuterECHExtension
0x1401fbba0	crypto/tls.validDNSName
0x1401fbd20	crypto/tls.(*ECHRejectionError).Error
0x1401fbd40	crypto/tls.parseECHExt
0x1401fc4a0	crypto/tls.(*Conn).processECHClientHello
0x1401fcb80	crypto/tls.buildRetryConfigList
0x1401fcd00	crypto/tls.buildRetryConfigList.func1
0x1401fcfe0	crypto/tls.(*Conn).makeClientHello
0x1401fe760	crypto/tls.(*Conn).clientHandshake
0x1401ff480	crypto/tls.(*Conn).clientHandshake.func1
0x1401ff500	crypto/tls.(*Conn).loadSession
0x1402001e0	crypto/tls.(*Conn).pickTLSVersion
0x1402002e0	crypto/tls.(*clientHandshakeState).handshake
0x140200a20	crypto/tls.(*clientHandshakeState).handshake.ekmFromMasterSecret.func1
0x140200ec0	crypto/tls.(*clientHandshakeState).pickCipherSuite
0x1402010a0	crypto/tls.(*clientHandshakeState).doFullHandshake
0x1402020a0	crypto/tls.(*clientHandshakeState).establishKeys
0x1402024a0	crypto/tls.(*clientHandshakeState).processServerHello
0x140202be0	crypto/tls.(*clientHandshakeState).readFinished
0x140202ee0	crypto/tls.(*clientHandshakeState).readSessionTicket
0x140203080	crypto/tls.(*clientHandshakeState).saveSessionTicket
0x140203200	crypto/tls.(*clientHandshakeState).sendFinished
0x1402033e0	crypto/tls.checkKeySize
0x1402034a0	crypto/tls.(*Conn).verifyServerCertificate
0x140204300	crypto/tls.certificateRequestInfoFromMsg
0x140204760	crypto/tls.(*Conn).getClientCertificate
0x1402048e0	crypto/tls.(*Conn).clientSessionCacheKey
0x140204960	crypto/tls.hostnameInSNI
0x140204ac0	crypto/tls.computeAndUpdatePSK
0x140204ce0	crypto/tls.(*clientHandshakeStateTLS13).handshake
0x140205700	crypto/tls.(*clientHandshakeStateTLS13).checkServerHelloOrHRR
0x140205aa0	crypto/tls.(*clientHandshakeStateTLS13).processHelloRetryRequest
0x140206ee0	crypto/tls.(*clientHandshakeStateTLS13).processServerHello
0x140207360	crypto/tls.(*clientHandshakeStateTLS13).establishHandshakeKeys
0x140207b60	crypto/tls.(*clientHandshakeStateTLS13).readServerParameters
0x140208400	crypto/tls.(*clientHandshakeStateTLS13).readServerCertificate
0x140208ca0	crypto/tls.(*clientHandshakeStateTLS13).readServerFinished
0x1402091a0	crypto/tls.(*clientHandshakeStateTLS13).sendClientCertificate
0x140209920	crypto/tls.(*clientHandshakeStateTLS13).sendClientFinished
0x140209ce0	crypto/tls.(*Conn).handleNewSessionTicket
0x14020a2e0	crypto/tls.addBytesWithLength
0x14020a3c0	crypto/tls.addBytesWithLength.func1
0x14020a640	crypto/tls.addUint64
0x14020a6a0	crypto/tls.readUint64
0x14020a8a0	crypto/tls.(*clientHelloMsg).marshalMsg
0x14020da80	crypto/tls.(*clientHelloMsg).marshalMsg.func18
0x14020dde0	crypto/tls.(*clientHelloMsg).marshalMsg.func18.4
0x14020dfc0	crypto/tls.(*clientHelloMsg).marshalMsg.func18.3
0x14020e1a0	crypto/tls.(*clientHelloMsg).marshalMsg.func18.2
0x14020e3c0	crypto/tls.(*clientHelloMsg).marshalMsg.func18.1
0x14020e5c0	crypto/tls.(*clientHelloMsg).marshalMsg.func17
0x14020e660	crypto/tls.(*clientHelloMsg).marshalMsg.func17.2
0x14020e720	crypto/tls.(*clientHelloMsg).marshalMsg.func17.2.1
0x14020e900	crypto/tls.(*clientHelloMsg).marshalMsg.func17.1
0x14020ea00	crypto/tls.(*clientHelloMsg).marshalMsg.func17.1.1
0x14020ebe0	crypto/tls.(*clientHelloMsg).marshalMsg.func16
0x14020ec60	crypto/tls.(*clientHelloMsg).marshalMsg.func16.1
0x14020ee60	crypto/tls.(*clientHelloMsg).marshalMsg.func15
0x14020eec0	crypto/tls.(*clientHelloMsg).marshalMsg.func15.1
0x14020f0c0	crypto/tls.(*clientHelloMsg).marshalMsg.func14
0x14020f120	crypto/tls.(*clientHelloMsg).marshalMsg.func14.1
0x14020f420	crypto/tls.(*clientHelloMsg).marshalMsg.func14.1.1
0x14020f600	crypto/tls.(*clientHelloMsg).marshalMsg.func13
0x14020f660	crypto/tls.(*clientHelloMsg).marshalMsg.func13.1
0x14020f860	crypto/tls.(*clientHelloMsg).marshalMsg.func12
0x14020f8c0	crypto/tls.(*clientHelloMsg).marshalMsg.func12.1
0x14020fae0	crypto/tls.(*clientHelloMsg).marshalMsg.func11
0x14020fb40	crypto/tls.(*clientHelloMsg).marshalMsg.func11.1
0x14020fc00	crypto/tls.(*clientHelloMsg).marshalMsg.func11.1.1
0x14020fe00	crypto/tls.(*clientHelloMsg).marshalMsg.func10
0x14020fe60	crypto/tls.(*clientHelloMsg).marshalMsg.func10.1
0x140210080	crypto/tls.(*clientHelloMsg).marshalMsg.func9
0x1402100e0	crypto/tls.(*clientHelloMsg).marshalMsg.func9.1
0x140210300	crypto/tls.(*clientHelloMsg).marshalMsg.func8
0x140210360	crypto/tls.(*clientHelloMsg).marshalMsg.func8.1
0x140210580	crypto/tls.(*clientHelloMsg).marshalMsg.func6
0x140210780	crypto/tls.(*clientHelloMsg).marshalMsg.func5
0x140210980	crypto/tls.(*clientHelloMsg).marshalMsg.func4
0x1402109e0	crypto/tls.(*clientHelloMsg).marshalMsg.func4.1
0x140210be0	crypto/tls.(*clientHelloMsg).marshalMsg.func3
0x140210de0	crypto/tls.(*clientHelloMsg).marshalMsg.func2
0x140210e40	crypto/tls.(*clientHelloMsg).marshalMsg.func2.1
0x140211040	crypto/tls.(*clientHelloMsg).marshalMsg.func1
0x1402110a0	crypto/tls.(*clientHelloMsg).marshalMsg.func1.1
0x140211280	crypto/tls.(*clientHelloMsg).marshalMsg.func1.1.1
0x140211480	crypto/tls.(*clientHelloMsg).marshal
0x1402114c0	crypto/tls.(*clientHelloMsg).marshalWithoutBinders
0x1402115a0	crypto/tls.(*clientHelloMsg).unmarshal
0x140213300	crypto/tls.(*clientHelloMsg).originalBytes
0x140213320	crypto/tls.(*clientHelloMsg).clone
0x140215020	crypto/tls.(*serverHelloMsg).marshal
0x140216e20	crypto/tls.(*serverHelloMsg).marshal.func11
0x1402173e0	crypto/tls.(*serverHelloMsg).marshal.func11.2
0x1402175c0	crypto/tls.(*serverHelloMsg).marshal.func11.1
0x1402177a0	crypto/tls.(*serverHelloMsg).marshal.func10
0x1402179a0	crypto/tls.(*serverHelloMsg).marshal.func9
0x140217a00	crypto/tls.(*serverHelloMsg).marshal.func9.1
0x140217c00	crypto/tls.(*serverHelloMsg).marshal.func8
0x140217da0	crypto/tls.(*serverHelloMsg).marshal.func7
0x140217e00	crypto/tls.(*serverHelloMsg).marshal.func7.1
0x140218000	crypto/tls.(*serverHelloMsg).marshal.func6
0x1402181a0	crypto/tls.(*serverHelloMsg).marshal.func5
0x140218380	crypto/tls.(*serverHelloMsg).marshal.func5.1
0x140218580	crypto/tls.(*serverHelloMsg).marshal.func4
0x140218720	crypto/tls.(*serverHelloMsg).marshal.func3
0x140218780	crypto/tls.(*serverHelloMsg).marshal.func3.1
0x140218840	crypto/tls.(*serverHelloMsg).marshal.func3.1.1
0x140218a20	crypto/tls.(*serverHelloMsg).marshal.func2
0x140218a80	crypto/tls.(*serverHelloMsg).marshal.func2.1
0x140218ae0	crypto/tls.(*serverHelloMsg).marshal.func2.1.1
0x140218ce0	crypto/tls.(*serverHelloMsg).marshal.func1
0x140218d40	crypto/tls.(*serverHelloMsg).marshal.func1.1
0x140218f20	crypto/tls.(*serverHelloMsg).unmarshal
0x140219da0	crypto/tls.(*serverHelloMsg).originalBytes
0x140219dc0	crypto/tls.(*encryptedExtensionsMsg).marshal
0x140219fa0	crypto/tls.(*encryptedExtensionsMsg).marshal.func1
0x14021a000	crypto/tls.(*encryptedExtensionsMsg).marshal.func1.1
0x14021ab80	crypto/tls.(*encryptedExtensionsMsg).marshal.func1.1.3
0x14021ad60	crypto/tls.(*encryptedExtensionsMsg).marshal.func1.1.2
0x14021af40	crypto/tls.(*encryptedExtensionsMsg).marshal.func1.1.1
0x14021afa0	crypto/tls.(*encryptedExtensionsMsg).marshal.func1.1.1.1
0x14021b000	crypto/tls.(*encryptedExtensionsMsg).marshal.func1.1.1.1.1
0x14021b200	crypto/tls.(*encryptedExtensionsMsg).unmarshal
0x14021b8a0	crypto/tls.(*endOfEarlyDataMsg).marshal
0x14021b900	crypto/tls.(*endOfEarlyDataMsg).unmarshal
0x14021b920	crypto/tls.(*keyUpdateMsg).marshal
0x14021bb00	crypto/tls.(*keyUpdateMsg).marshal.func1
0x14021be20	crypto/tls.(*keyUpdateMsg).unmarshal
0x14021bf40	crypto/tls.(*newSessionTicketMsgTLS13).marshal
0x14021c120	crypto/tls.(*newSessionTicketMsgTLS13).marshal.func1
0x14021c200	crypto/tls.(*newSessionTicketMsgTLS13).marshal.func1.3
0x14021c400	crypto/tls.(*newSessionTicketMsgTLS13).marshal.func1.3.1
0x14021c440	crypto/tls.(*newSessionTicketMsgTLS13).marshal.func1.2
0x14021c620	crypto/tls.(*newSessionTicketMsgTLS13).marshal.func1.1
0x14021c800	crypto/tls.(*newSessionTicketMsgTLS13).unmarshal
0x14021cd00	crypto/tls.(*certificateRequestMsgTLS13).marshal
0x14021cee0	crypto/tls.(*certificateRequestMsgTLS13).marshal.func1
0x14021d0c0	crypto/tls.(*certificateRequestMsgTLS13).marshal.func1.1
0x14021dc40	crypto/tls.(*certificateRequestMsgTLS13).marshal.func1.1.3
0x14021dca0	crypto/tls.(*certificateRequestMsgTLS13).marshal.func1.1.3.1
0x14021dd60	crypto/tls.(*certificateRequestMsgTLS13).marshal.func1.1.3.1.1
0x14021df40	crypto/tls.(*certificateRequestMsgTLS13).marshal.func1.1.2
0x14021dfa0	crypto/tls.(*certificateRequestMsgTLS13).marshal.func1.1.2.1
0x14021e1c0	crypto/tls.(*certificateRequestMsgTLS13).marshal.func1.1.1
0x14021e220	crypto/tls.(*certificateRequestMsgTLS13).marshal.func1.1.1.1
0x14021e440	crypto/tls.(*certificateRequestMsgTLS13).unmarshal
0x14021ebe0	crypto/tls.(*certificateMsg).marshal
0x14021eec0	crypto/tls.(*certificateMsg).unmarshal
0x14021f160	crypto/tls.(*certificateMsgTLS13).marshal
0x14021f340	crypto/tls.(*certificateMsgTLS13).marshal.func1
0x14021f620	crypto/tls.(*certificateMsgTLS13).marshal.func1.marshalCertificate.1
0x14021f7a0	crypto/tls.(*certificateMsgTLS13).marshal.func1.marshalCertificate.1.2
0x14021f940	crypto/tls.(*certificateMsgTLS13).marshal.func1.marshalCertificate.1.2.2
0x14021f9e0	crypto/tls.(*certificateMsgTLS13).marshal.func1.marshalCertificate.1.2.2.1
0x14021faa0	crypto/tls.(*certificateMsgTLS13).marshal.func1.marshalCertificate.1.2.2.1.1
0x14021fae0	crypto/tls.(*certificateMsgTLS13).marshal.func1.marshalCertificate.1.2.1
0x14021fbc0	crypto/tls.(*certificateMsgTLS13).marshal.func1.marshalCertificate.1.2.1.1
0x14021fc00	crypto/tls.(*certificateMsgTLS13).marshal.func1.marshalCertificate.1.1
0x14021fc40	crypto/tls.(*certificateMsgTLS13).unmarshal
0x14021fde0	crypto/tls.unmarshalCertificate
0x1402202e0	crypto/tls.(*serverKeyExchangeMsg).marshal
0x1402203a0	crypto/tls.(*serverKeyExchangeMsg).unmarshal
0x140220440	crypto/tls.(*certificateStatusMsg).marshal
0x140220620	crypto/tls.(*certificateStatusMsg).marshal.func1
0x140220800	crypto/tls.(*certificateStatusMsg).marshal.func1.1
0x1402209e0	crypto/tls.(*certificateStatusMsg).unmarshal
0x140220b60	crypto/tls.(*serverHelloDoneMsg).marshal
0x140220bc0	crypto/tls.(*serverHelloDoneMsg).unmarshal
0x140220be0	crypto/tls.(*clientKeyExchangeMsg).marshal
0x140220ca0	crypto/tls.(*clientKeyExchangeMsg).unmarshal
0x140220d60	crypto/tls.(*finishedMsg).marshal
0x140220f40	crypto/tls.(*finishedMsg).marshal.func1
0x140221120	crypto/tls.(*finishedMsg).unmarshal
0x1402211e0	crypto/tls.(*certificateRequestMsg).marshal
0x140221620	crypto/tls.(*certificateRequestMsg).unmarshal
0x140221b00	crypto/tls.(*certificateVerifyMsg).marshal
0x140221ce0	crypto/tls.(*certificateVerifyMsg).marshal.func1
0x140221ee0	crypto/tls.(*certificateVerifyMsg).marshal.func1.1
0x1402220c0	crypto/tls.(*certificateVerifyMsg).unmarshal
0x140222240	crypto/tls.(*newSessionTicketMsg).marshal
0x140222320	crypto/tls.(*newSessionTicketMsg).unmarshal
0x140222400	crypto/tls.(*helloRequestMsg).marshal
0x140222440	crypto/tls.(*helloRequestMsg).unmarshal
0x140222460	crypto/tls.transcriptMsg
0x1402225e0	crypto/tls.(*Conn).serverHandshake
0x1402227c0	crypto/tls.(*serverHandshakeState).handshake
0x140222b80	crypto/tls.(*serverHandshakeState).handshake.ekmFromMasterSecret.func1
0x140223020	crypto/tls.(*Conn).readClientHello
0x140223d00	crypto/tls.(*serverHandshakeState).processClientHello
0x140224a00	crypto/tls.negotiateALPN
0x140224ca0	crypto/tls.supportsECDHE
0x140224e20	crypto/tls.(*serverHandshakeState).pickCipherSuite
0x1402252a0	crypto/tls.(*serverHandshakeState).checkForResumption
0x140225b00	crypto/tls.(*serverHandshakeState).doResumeHandshake
0x140225e20	crypto/tls.(*serverHandshakeState).doFullHandshake
0x140227080	crypto/tls.(*serverHandshakeState).establishKeys
0x1402274a0	crypto/tls.(*serverHandshakeState).readFinished
0x1402277a0	crypto/tls.(*serverHandshakeState).sendSessionTicket
0x140227a20	crypto/tls.(*serverHandshakeState).sendFinished
0x140227c00	crypto/tls.(*Conn).processCertsFromClient
0x140228660	crypto/tls.(*serverHandshakeStateTLS13).handshake
0x1402287a0	crypto/tls.(*serverHandshakeStateTLS13).processClientHello
0x140229be0	crypto/tls.(*serverHandshakeStateTLS13).processClientHello.func4
0x140229c40	crypto/tls.(*serverHandshakeStateTLS13).processClientHello.func3
0x140229ce0	crypto/tls.(*serverHandshakeStateTLS13).processClientHello.func2
0x140229d20	crypto/tls.(*serverHandshakeStateTLS13).processClientHello.func1
0x140229d60	crypto/tls.(*serverHandshakeStateTLS13).checkForResumption
0x14022a9a0	crypto/tls.cloneHash
0x14022ab60	crypto/tls.(*serverHandshakeStateTLS13).pickCertificate
0x14022b060	crypto/tls.(*serverHandshakeStateTLS13).doHelloRetryRequest
0x14022bc80	crypto/tls.illegalClientHelloChange
0x14022c1a0	crypto/tls.(*serverHandshakeStateTLS13).sendServerParameters
0x14022d1c0	crypto/tls.(*serverHandshakeStateTLS13).sendServerCertificate
0x14022db40	crypto/tls.(*serverHandshakeStateTLS13).sendServerFinished
0x14022e180	crypto/tls.(*serverHandshakeStateTLS13).sendSessionTickets
0x14022e400	crypto/tls.(*Conn).sendSessionTicket
0x14022e920	crypto/tls.(*serverHandshakeStateTLS13).readClientCertificate
0x14022f1a0	crypto/tls.(*serverHandshakeStateTLS13).readClientFinished
0x14022f360	crypto/tls.rsaKeyAgreement.generateServerKeyExchange
0x14022f380	crypto/tls.rsaKeyAgreement.processClientKeyExchange
0x14022f5c0	crypto/tls.rsaKeyAgreement.processServerKeyExchange
0x14022f620	crypto/tls.rsaKeyAgreement.generateClientKeyExchange
0x14022f8c0	crypto/tls.sha1Hash
0x14022f9e0	crypto/tls.md5SHA1Hash
0x14022fc00	crypto/tls.hashForServerKeyExchange
0x14022fe00	crypto/tls.(*ecdheKeyAgreement).generateServerKeyExchange
0x140230800	crypto/tls.(*ecdheKeyAgreement).processClientKeyExchange
0x140230920	crypto/tls.(*ecdheKeyAgreement).processServerKeyExchange
0x140231380	crypto/tls.(*ecdheKeyAgreement).generateClientKeyExchange
0x140231420	crypto/tls.(*cipherSuiteTLS13).nextTrafficSecret
0x140231520	crypto/tls.(*cipherSuiteTLS13).trafficKey
0x140231680	crypto/tls.(*cipherSuiteTLS13).finishedHash
0x140231860	crypto/tls.(*cipherSuiteTLS13).exportKeyingMaterial
0x1402319c0	crypto/tls.(*cipherSuiteTLS13).exportKeyingMaterial.func1
0x140231a60	crypto/tls.generateECDHEKey
0x140231b80	crypto/tls.pHash
0x140231e00	crypto/tls.prf10
0x140232100	crypto/tls.prfForVersion
0x1402321c0	crypto/tls.prfForVersion.prfAndHashForVersion.prf12.func2
0x1402322a0	crypto/tls.prfForVersion.prfAndHashForVersion.prf12.func1
0x140232380	crypto/tls.masterFromPreMasterSecret
0x140232600	crypto/tls.masterFromPreMasterSecret.prfForVersion.prfAndHashForVersion.prf12.func2
0x1402326e0	crypto/tls.masterFromPreMasterSecret.prfForVersion.prfAndHashForVersion.prf12.func1
0x1402327c0	crypto/tls.extMasterFromPreMasterSecret
0x140232940	crypto/tls.extMasterFromPreMasterSecret.prfAndHashForVersion.prf12.func2
0x140232a20	crypto/tls.extMasterFromPreMasterSecret.prfAndHashForVersion.prf12.func1
0x140232b00	crypto/tls.keysFromMasterSecret
0x140232fa0	crypto/tls.keysFromMasterSecret.prfForVersion.prfAndHashForVersion.prf12.func2
0x140233080	crypto/tls.keysFromMasterSecret.prfForVersion.prfAndHashForVersion.prf12.func1
0x140233160	crypto/tls.newFinishedHash
0x1402334c0	crypto/tls.newFinishedHash.prfAndHashForVersion.prf12.func2
0x1402335a0	crypto/tls.newFinishedHash.prfAndHashForVersion.prf12.func1
0x140233680	crypto/tls.(*finishedHash).Write
0x140233820	crypto/tls.finishedHash.Sum
0x1402338c0	crypto/tls.finishedHash.clientSum
0x1402339a0	crypto/tls.finishedHash.serverSum
0x140233a80	crypto/tls.finishedHash.hashForClientCertificate
0x140233be0	crypto/tls.noEKMBecauseRenegotiation
0x140233c40	crypto/tls.QUICEncryptionLevel.String
0x140233d20	crypto/tls.(*Conn).quicReadHandshakeBytes
0x140233da0	crypto/tls.(*Conn).quicSetReadSecret
0x140233f80	crypto/tls.(*Conn).quicResumeSession
0x140234120	crypto/tls.(*Conn).quicGetTransportParameters
0x140234280	crypto/tls.(*Conn).quicWaitForSignal
0x140234520	crypto/tls.(*Conn).quicWaitForSignal.deferwrap1
0x140234580	crypto/tls.(*SessionState).Bytes
0x140235660	crypto/tls.(*SessionState).Bytes.func4
0x140235860	crypto/tls.(*SessionState).Bytes.func3
0x140235920	crypto/tls.(*SessionState).Bytes.func3.1
0x140235a40	crypto/tls.(*SessionState).Bytes.func3.1.1
0x140235c20	crypto/tls.(*SessionState).Bytes.marshalCertificate.func5
0x140235da0	crypto/tls.(*SessionState).Bytes.marshalCertificate.func5.2
0x140235f40	crypto/tls.(*SessionState).Bytes.marshalCertificate.func5.2.2
0x140235fe0	crypto/tls.(*SessionState).Bytes.marshalCertificate.func5.2.2.1
0x1402360a0	crypto/tls.(*SessionState).Bytes.marshalCertificate.func5.2.2.1.1
0x1402360e0	crypto/tls.(*SessionState).Bytes.marshalCertificate.func5.2.1
0x1402361c0	crypto/tls.(*SessionState).Bytes.marshalCertificate.func5.2.1.1
0x140236200	crypto/tls.(*SessionState).Bytes.marshalCertificate.func5.1
0x140236240	crypto/tls.(*SessionState).Bytes.func2
0x140236300	crypto/tls.(*SessionState).Bytes.func2.1
0x1402364e0	crypto/tls.(*SessionState).Bytes.func1
0x1402366c0	crypto/tls.ParseSessionState
0x140237580	crypto/tls.(*Conn).sessionState
0x140237760	crypto/tls.(*Config).encryptTicket
0x140237ac0	crypto/tls.(*Config).decryptTicket
0x140237e00	crypto/tls.(*listener).Accept
0x140237f20	crypto/tls.Listen
0x140238060	crypto/tls.dial
0x1402385a0	crypto/tls.(*Dialer).DialContext
0x1402386c0	crypto/tls.defaultCipherSuites.func1
0x1402387a0	crypto/tls.(*Conn).makeClientHello.func1
0x1402387e0	crypto/tls.supportedSignatureAlgorithmsCert.func1
0x140238820	crypto/tls.(*clientHelloMsg).marshalMsg.func7
0x140238c80	crypto/tls.(*Config).curvePreferences.func1
0x140238cc0	crypto/tls.(*Config).cipherSuites.func2
0x140238d00	crypto/tls.aeadAESGCMTLS13
0x140238e80	type:.eq.crypto/tls.keySharePrivateKeys
0x140238ec0	type:.eq.crypto/tls.RecordHeaderError
0x140238f60	type:.eq.crypto/tls.echServerContext
0x140239000	type:.eq.crypto/tls.listener
0x140239080	slices.DeleteFunc[go.shape.[]crypto/tls.CurveID,go.shape.uint16]
0x140239240	slices.pdqsortOrdered[go.shape.uint16]
0x1402396a0	slices.partitionOrdered[go.shape.uint16]
0x1402398a0	slices.partitionEqualOrdered[go.shape.uint16]
0x1402399c0	slices.partialInsertionSortOrdered[go.shape.uint16]
0x140239b80	slices.choosePivotOrdered[go.shape.uint16]
0x140239dc0	slices.medianOrdered[go.shape.uint16]
0x140239ea0	slices.breakPatternsOrdered[go.shape.uint16]
0x140239f80	slices.heapSortOrdered[go.shape.uint16]
0x14023a100	slices.siftDownOrdered[go.shape.uint16]
0x14023a1e0	slices.insertionSortOrdered[go.shape.uint16]
0x14023a260	slices.DeleteFunc[go.shape.[]uint16,go.shape.uint16]
0x14023a420	type:.eq.crypto/tls.atLeastReader
0x14023a4a0	slices.DeleteFunc[go.shape.[]crypto/tls.SignatureScheme,go.shape.uint16]
0x14023a660	type:.eq.crypto/tls.xorNonceAEAD
0x14023a6e0	type:.eq.crypto/tls.prefixNonceAEAD
0x14023a760	runtime.AddCleanup[go.shape.6880e4598856efac32416085c0172278cf0fb9e5050ce6518bd9b7f7d1662440,go.shape.interface {}]
0x14023ab80	runtime.AddCleanup[go.shape.6880e4598856efac32416085c0172278cf0fb9e5050ce6518bd9b7f7d1662440,go.shape.interface {}].func1
0x14023abc0	weak.Make[go.shape.6880e4598856efac32416085c0172278cf0fb9e5050ce6518bd9b7f7d1662440]
0x14023ac60	crypto/tls.(*alert).Error
0x14023acc0	crypto/tls.(*alert).String
0x14023ad20	crypto/tls.(*SignatureScheme).String
0x14023ad80	crypto/tls.(*CurveID).String
0x14023ade0	crypto/tls.(*ClientAuthType).String
0x14023ae40	crypto/tls.(*AlertError).Error
0x14023aea0	crypto/tls.(*QUICEncryptionLevel).String
0x14023af00	crypto/tls.(*halfConn).Lock
0x14023af60	crypto/tls.(*halfConn).Unlock
0x14023afc0	crypto/tls.(*RecordHeaderError).Error
0x14023b060	crypto/tls.(*rsaKeyAgreement).generateClientKeyExchange
0x14023b0e0	crypto/tls.(*rsaKeyAgreement).generateServerKeyExchange
0x14023b120	crypto/tls.(*rsaKeyAgreement).processClientKeyExchange
0x14023b1c0	crypto/tls.(*rsaKeyAgreement).processServerKeyExchange
0x14023b280	crypto/tls.listener.Close
0x14023b300	crypto/tls.(*listener).Close
0x14023b360	crypto/tls.(*Conn).clientHandshake-fm
0x14023b3e0	crypto/tls.(*Conn).serverHandshake-fm
0x14023b460	crypto/tls.(*serverHandshakeState).cipherSuiteOk-fm
0x14023b4e0	crypto/tls.(*cipherSuiteTLS13).finishedHash-fm
0x14023b580	type:.eq.weak.Pointer[crypto/x509.Certificate]
0x14023b5a0	net/http/internal/ascii.ToLower
0x14023b620	bufio.(*Reader).Size
0x14023b640	bufio.(*Reader).fill
0x14023b820	bufio.(*Reader).Peek
0x14023b9c0	bufio.(*Reader).Discard
0x14023bae0	bufio.(*Reader).Read
0x14023be40	bufio.(*Reader).ReadByte
0x14023bf00	bufio.(*Reader).UnreadByte
0x14023bfa0	bufio.(*Reader).ReadRune
0x14023c1c0	bufio.(*Reader).ReadSlice
0x14023c420	bufio.(*Reader).ReadLine
0x14023c5a0	bufio.(*Reader).WriteTo
0x14023c8a0	bufio.(*Reader).writeBuf
0x14023c980	bufio.(*Writer).Size
0x14023c9a0	bufio.(*Writer).Flush
0x14023cb40	bufio.(*Writer).Write
0x14023cd40	bufio.(*Writer).WriteByte
0x14023ce00	bufio.(*Writer).WriteString
0x14023d0c0	bufio.(*Writer).ReadFrom
0x14023d460	net/textproto.MIMEHeader.Get
0x14023d500	net/textproto.(*Reader).readLineSlice
0x14023d740	net/textproto.(*Reader).readContinuedLineSlice
0x14023dd40	net/textproto.(*Reader).skipSpace
0x14023de20	net/textproto.(*dotReader).Read
0x14023e300	net/textproto.mustHaveFieldNameColon
0x14023e400	net/textproto.(*Reader).upcomingHeaderKeys
0x14023e4e0	net/textproto.CanonicalMIMEHeaderKey
0x14023e600	net/textproto.canonicalMIMEHeaderKey
0x14023e7c0	net/textproto.initCommonHeader
0x14023e8e0	net/textproto.ProtocolError.Error
0x14023e900	net/textproto.readMIMEHeader
0x14023f0a0	net/textproto.(*ProtocolError).Error
0x14023f0e0	mime.FormatMediaType
0x140240860	mime.FormatMediaType.Keys[go.shape.map[string]string,go.shape.string,go.shape.string].func1
0x140240900	mime.checkMediaTypeDisposition
0x140240b20	mime.ParseMediaType
0x140241700	mime.decode2231Enc
0x140241800	mime.consumeValue
0x140241be0	mime.consumeMediaParam
0x140242180	mime.percentHexUnescape
0x140242480	mime.setExtensionType
0x1402429e0	mime.setExtensionType.deferwrap1
0x140242a40	mime.init.0
0x140242a80	mime.initMimeWindows
0x140242cc0	mime.init
0x140242d00	path/filepath.init
0x140242da0	path/filepath.abs
0x140242e20	path/filepath.join
0x140243300	mime/multipart.init
0x140243460	mime/multipart.(*Writer).FormDataContentType
0x140243520	mime/multipart.randomBoundary
0x1402435e0	mime/multipart.(*Writer).CreatePart
0x140243980	mime/multipart.(*Writer).CreatePart.Keys[go.shape.map[string][]string,go.shape.string,go.shape.[]string].func1
0x140243a20	mime/multipart.(*Writer).CreateFormFile
0x140243ca0	mime/multipart.(*Writer).CreateFormField
0x140243ea0	mime/multipart.FileContentDisposition
0x140243fc0	mime/multipart.(*Writer).WriteField
0x140244080	mime/multipart.(*Writer).Close
0x140244160	mime/multipart.(*part).Write
0x140244240	type:.eq.mime/multipart.part
0x1402442c0	type:.eq.mime/multipart.Writer
0x140244360	compress/flate.init
0x140244480	compress/flate.(*compressor).fillDeflate
0x1402446e0	compress/flate.(*compressor).writeBlock
0x140244800	compress/flate.(*compressor).fillWindow
0x140244a80	compress/flate.(*compressor).findMatch
0x140244d40	compress/flate.(*compressor).writeStoredBlock
0x140244e00	compress/flate.bulkHash4
0x140244ea0	compress/flate.(*compressor).encSpeed
0x1402451a0	compress/flate.(*compressor).deflate
0x1402459e0	compress/flate.(*compressor).fillStore
0x140245ac0	compress/flate.(*compressor).store
0x140245b80	compress/flate.(*compressor).storeHuff
0x140245c60	compress/flate.(*compressor).write
0x140245da0	compress/flate.(*compressor).init
0x140246560	compress/flate.(*compressor).reset
0x140246740	compress/flate.(*compressor).close
0x1402468c0	compress/flate.NewWriterDict
0x140246ac0	compress/flate.(*dictWriter).Write
0x140246b20	compress/flate.(*Writer).Write
0x140246b80	compress/flate.(*Writer).Close
0x140246bc0	compress/flate.(*Writer).Reset
0x140246c80	compress/flate.(*deflateFast).encode
0x1402475c0	compress/flate.(*deflateFast).matchLen
0x1402477e0	compress/flate.(*dictDecoder).writeCopy
0x1402479e0	compress/flate.(*huffmanBitWriter).flush
0x140247b20	compress/flate.(*huffmanBitWriter).writeBits
0x140247ca0	compress/flate.(*huffmanBitWriter).writeBytes
0x140247ea0	compress/flate.(*huffmanBitWriter).generateCodegen
0x140248200	compress/flate.(*huffmanBitWriter).dynamicSize
0x1402483e0	compress/flate.(*huffmanBitWriter).writeCode
0x140248560	compress/flate.(*huffmanBitWriter).writeDynamicHeader
0x140248880	compress/flate.(*huffmanBitWriter).writeStoredHeader
0x140248920	compress/flate.(*huffmanBitWriter).writeBlock
0x140248f40	compress/flate.(*huffmanBitWriter).writeBlockDynamic
0x140249220	compress/flate.(*huffmanBitWriter).indexTokens
0x140249540	compress/flate.(*huffmanBitWriter).writeTokens
0x140249880	compress/flate.init.0
0x140249980	compress/flate.(*huffmanBitWriter).writeBlockHuff
0x140249de0	compress/flate.generateFixedLiteralEncoding
0x140249f20	compress/flate.(*huffmanEncoder).bitCounts
0x14024a420	compress/flate.(*huffmanEncoder).assignEncodingAndSize
0x14024a620	compress/flate.(*huffmanEncoder).generate
0x14024a8a0	compress/flate.byLiteral.Len
0x14024a8c0	compress/flate.byLiteral.Less
0x14024a920	compress/flate.byLiteral.Swap
0x14024a980	compress/flate.byFreq.Len
0x14024a9a0	compress/flate.byFreq.Less
0x14024aa00	compress/flate.byFreq.Swap
0x14024aa60	compress/flate.CorruptInputError.Error
0x14024aac0	compress/flate.InternalError.Error
0x14024ab20	compress/flate.(*huffmanDecoder).init
0x14024b040	compress/flate.(*decompressor).nextBlock
0x14024b220	compress/flate.(*decompressor).Read
0x14024b460	compress/flate.(*decompressor).Close
0x14024b500	compress/flate.(*decompressor).readHuffman
0x14024ba80	compress/flate.(*decompressor).huffmanBlock
0x14024c3e0	compress/flate.(*decompressor).dataBlock
0x14024c7c0	compress/flate.(*decompressor).copyData
0x14024cba0	compress/flate.(*decompressor).moreBits
0x14024cc60	compress/flate.(*decompressor).huffSym
0x14024ce80	compress/flate.(*decompressor).makeReader
0x14024d260	compress/flate.fixedHuffmanDecoderInit
0x14024d2a0	compress/flate.(*decompressor).Reset
0x14024d640	compress/flate.NewReader
0x14024d8a0	compress/flate.NewReaderDict
0x14024dbc0	compress/flate.fixedHuffmanDecoderInit.func1
0x14024dca0	type:.eq.compress/flate.literalNode
0x14024dcc0	compress/flate.(*byLiteral).Len
0x14024dd00	compress/flate.(*byLiteral).Less
0x14024dd80	compress/flate.(*byLiteral).Swap
0x14024de20	compress/flate.(*byFreq).Len
0x14024de60	compress/flate.(*byFreq).Less
0x14024dee0	compress/flate.(*byFreq).Swap
0x14024df80	compress/flate.(*CorruptInputError).Error
0x14024e000	compress/flate.(*InternalError).Error
0x14024e080	hash/crc32.init
0x14024e240	hash/crc32.init.OnceFunc.func4
0x14024e2a0	hash/crc32.init.OnceFunc.func4.1
0x14024e320	hash/crc32.init.OnceFunc.func4.1.1
0x14024e3a0	hash/crc32.init.OnceFunc.func3
0x14024e400	hash/crc32.init.OnceFunc.func3.1
0x14024e480	hash/crc32.init.OnceFunc.func3.1.1
0x14024e500	hash/crc32.init.func1
0x14024e640	hash/crc32.init.func1.1
0x14024e6a0	hash/crc32.init.func2
0x14024e780	hash/crc32.init.func2.1
0x14024e7e0	hash/crc32.(*digest).Size
0x14024e800	hash/crc32.(*digest).BlockSize
0x14024e820	hash/crc32.(*digest).Reset
0x14024e840	hash/crc32.(*digest).AppendBinary
0x14024e980	hash/crc32.(*digest).MarshalBinary
0x14024e9e0	hash/crc32.(*digest).UnmarshalBinary
0x14024eb00	hash/crc32.update
0x14024ec20	hash/crc32.(*digest).Write
0x14024eca0	hash/crc32.(*digest).Sum32
0x14024ecc0	hash/crc32.(*digest).Sum
0x14024ed60	hash/crc32.ChecksumIEEE
0x14024ede0	hash/crc32.tableSum
0x14024eec0	hash/crc32.archInitCastagnoli
0x14024f0a0	hash/crc32.archUpdateCastagnoli
0x14024f4c0	hash/crc32.archUpdateIEEE
0x14024f620	hash/crc32.slicingMakeTable
0x14024f6e0	hash/crc32.slicingUpdate
0x14024f7a0	hash/crc32.castagnoliSSE42
0x14024f860	hash/crc32.castagnoliSSE42Triple
0x14024f8e0	hash/crc32.ieeeCLMUL
0x14024faa0	type:.eq.hash/crc32.digest
0x14024fac0	compress/gzip.init
0x14024fae0	compress/gzip.(*Reader).Reset
0x14024fee0	compress/gzip.(*Reader).readString
0x140250140	compress/gzip.(*Reader).readHeader
0x140250a20	compress/gzip.(*Reader).Read
0x140250ec0	compress/gzip.(*Reader).Close
0x140250f00	type:.eq.net/http/httptrace.GotConnInfo
0x140250fa0	vendor/golang.org/x/text/unicode/bidi.LookupRune
0x140251020	vendor/golang.org/x/text/unicode/bidi.Lookup
0x140251300	vendor/golang.org/x/text/unicode/bidi.LookupString
0x1402515e0	vendor/golang.org/x/text/secure/bidirule.DirectionString
0x1402516e0	vendor/golang.org/x/text/secure/bidirule.ValidString
0x140251780	vendor/golang.org/x/text/secure/bidirule.init.0
0x1402517e0	vendor/golang.org/x/text/secure/bidirule.(*Transformer).advanceString
0x1402519e0	vendor/golang.org/x/text/unicode/norm.init
0x140251b60	vendor/golang.org/x/text/unicode/norm.(*reorderBuffer).doFlush
0x140251be0	vendor/golang.org/x/text/unicode/norm.appendFlush
0x140251d80	vendor/golang.org/x/text/unicode/norm.(*reorderBuffer).insertFlush
0x140251f60	vendor/golang.org/x/text/unicode/norm.(*reorderBuffer).insertUnsafe
0x140252140	vendor/golang.org/x/text/unicode/norm.(*reorderBuffer).insertDecomposed
0x1402524c0	vendor/golang.org/x/text/unicode/norm.(*reorderBuffer).insertSingle
0x140252700	vendor/golang.org/x/text/unicode/norm.(*reorderBuffer).appendRune
0x140252820	vendor/golang.org/x/text/unicode/norm.(*reorderBuffer).assignRune
0x140252920	vendor/golang.org/x/text/unicode/norm.(*reorderBuffer).runeAt
0x1402529e0	vendor/golang.org/x/text/unicode/norm.decomposeHangul
0x140252be0	vendor/golang.org/x/text/unicode/norm.(*reorderBuffer).decomposeHangul
0x140252cc0	vendor/golang.org/x/text/unicode/norm.(*reorderBuffer).combineHangul
0x140252f00	vendor/golang.org/x/text/unicode/norm.(*reorderBuffer).compose
0x1402531c0	vendor/golang.org/x/text/unicode/norm.buildRecompMap
0x1402532a0	vendor/golang.org/x/text/unicode/norm.lookupInfoNFC
0x1402533a0	vendor/golang.org/x/text/unicode/norm.lookupInfoNFKC
0x1402534a0	vendor/golang.org/x/text/unicode/norm.compInfo
0x1402536a0	vendor/golang.org/x/text/unicode/norm.(*input).charinfoNFC
0x140253760	vendor/golang.org/x/text/unicode/norm.(*input).charinfoNFKC
0x140253820	vendor/golang.org/x/text/unicode/norm.(*input).hangul
0x140253980	vendor/golang.org/x/text/unicode/norm.nextHangul
0x140253c00	vendor/golang.org/x/text/unicode/norm.nextDone
0x140253c20	vendor/golang.org/x/text/unicode/norm.nextMulti
0x140253e40	vendor/golang.org/x/text/unicode/norm.nextMultiNorm
0x140254300	vendor/golang.org/x/text/unicode/norm.nextDecomposed
0x1402555e0	vendor/golang.org/x/text/unicode/norm.doNormDecomposed
0x1402559e0	vendor/golang.org/x/text/unicode/norm.nextCGJDecompose
0x140255aa0	vendor/golang.org/x/text/unicode/norm.nextComposed
0x140256320	vendor/golang.org/x/text/unicode/norm.doNormComposed
0x140256720	vendor/golang.org/x/text/unicode/norm.nextCGJCompose
0x140256860	vendor/golang.org/x/text/unicode/norm.Form.Bytes
0x140256b00	vendor/golang.org/x/text/unicode/norm.Form.String
0x140256d80	vendor/golang.org/x/text/unicode/norm.Form.IsNormalString
0x1402570e0	vendor/golang.org/x/text/unicode/norm.Form.IsNormalString.func1
0x1402571c0	vendor/golang.org/x/text/unicode/norm.appendQuick
0x1402574a0	vendor/golang.org/x/text/unicode/norm.doAppendInner
0x140257540	vendor/golang.org/x/text/unicode/norm.(*formInfo).quickSpan
0x140257920	vendor/golang.org/x/text/unicode/norm.decomposeSegment
0x140257ee0	vendor/golang.org/x/text/unicode/norm.(*nfcTrie).lookup
0x140258160	vendor/golang.org/x/text/unicode/norm.(*nfcTrie).lookupString
0x1402583c0	vendor/golang.org/x/text/unicode/norm.(*nfcTrie).lookupValue
0x140258440	vendor/golang.org/x/text/unicode/norm.(*nfkcTrie).lookup
0x1402586c0	vendor/golang.org/x/text/unicode/norm.(*nfkcTrie).lookupString
0x140258920	vendor/golang.org/x/text/unicode/norm.(*nfkcTrie).lookupValue
0x1402589a0	vendor/golang.org/x/text/unicode/norm.(*sparseBlocks).lookup
0x140258aa0	vendor/golang.org/x/net/idna.init
0x140258b40	vendor/golang.org/x/net/idna.labelError.Error
0x140258be0	vendor/golang.org/x/net/idna.runeError.Error
0x140258c40	vendor/golang.org/x/net/idna.(*Profile).process
0x140259720	vendor/golang.org/x/net/idna.info.isBidi
0x1402597c0	vendor/golang.org/x/net/idna.validateAndMap
0x14025a240	vendor/golang.org/x/net/idna.(*labelIter).label
0x14025a360	vendor/golang.org/x/net/idna.(*labelIter).set
0x14025a460	vendor/golang.org/x/net/idna.validateFromPunycode
0x14025a6c0	vendor/golang.org/x/net/idna.(*Profile).validateLabel
0x14025ab40	vendor/golang.org/x/net/idna.decode
0x14025b480	vendor/golang.org/x/net/idna.encode
0x14025bd20	vendor/golang.org/x/net/idna.(*idnaTrie).lookupString
0x14025bf80	vendor/golang.org/x/net/idna.(*idnaTrie).lookupValue
0x14025c000	vendor/golang.org/x/net/idna.(*sparseBlocks).lookup
0x14025c100	vendor/golang.org/x/net/idna.info.appendMapping
0x14025c3e0	type:.eq.vendor/golang.org/x/net/idna.labelError
0x14025c460	vendor/golang.org/x/net/idna.(*labelError).Error
0x14025c500	vendor/golang.org/x/net/idna.(*runeError).Error
0x14025c5a0	vendor/golang.org/x/net/http/httpguts.headerValueContainsToken
0x14025c980	vendor/golang.org/x/net/http/httpguts.PunycodeHostPort
0x14025cb40	vendor/golang.org/x/net/http/httpguts.init
0x14025cb60	vendor/golang.org/x/net/http2/hpack.init
0x14025ccc0	vendor/golang.org/x/net/http2/hpack.init.func1
0x14025cd00	vendor/golang.org/x/net/http2/hpack.NewEncoder
0x14025ce00	vendor/golang.org/x/net/http2/hpack.(*Encoder).WriteField
0x14025d5c0	vendor/golang.org/x/net/http2/hpack.(*Encoder).searchTable
0x14025d6c0	vendor/golang.org/x/net/http2/hpack.(*Encoder).SetMaxDynamicTableSize
0x14025d720	vendor/golang.org/x/net/http2/hpack.appendNewName
0x14025d840	vendor/golang.org/x/net/http2/hpack.appendIndexedName
0x14025dac0	vendor/golang.org/x/net/http2/hpack.appendHpackString
0x14025de80	vendor/golang.org/x/net/http2/hpack.DecodingError.Error
0x14025df00	vendor/golang.org/x/net/http2/hpack.InvalidIndexError.Error
0x14025df60	vendor/golang.org/x/net/http2/hpack.HeaderField.String
0x14025e0a0	vendor/golang.org/x/net/http2/hpack.NewDecoder
0x14025e1a0	vendor/golang.org/x/net/http2/hpack.(*Decoder).SetEmitFunc
0x14025e200	vendor/golang.org/x/net/http2/hpack.(*dynamicTable).add
0x14025e480	vendor/golang.org/x/net/http2/hpack.(*dynamicTable).evict
0x14025e540	vendor/golang.org/x/net/http2/hpack.(*Decoder).Close
0x14025e600	vendor/golang.org/x/net/http2/hpack.(*Decoder).Write
0x14025e820	vendor/golang.org/x/net/http2/hpack.(*Decoder).parseHeaderFieldRepr
0x14025e940	vendor/golang.org/x/net/http2/hpack.(*Decoder).parseFieldIndexed
0x14025eba0	vendor/golang.org/x/net/http2/hpack.(*Decoder).parseFieldLiteral
0x14025f080	vendor/golang.org/x/net/http2/hpack.(*Decoder).callEmit
0x14025f160	vendor/golang.org/x/net/http2/hpack.(*Decoder).parseDynamicTableSizeUpdate
0x14025f300	vendor/golang.org/x/net/http2/hpack.readVarInt
0x14025f4e0	vendor/golang.org/x/net/http2/hpack.(*Decoder).readString
0x14025f640	vendor/golang.org/x/net/http2/hpack.(*Decoder).decodeString
0x14025f800	vendor/golang.org/x/net/http2/hpack.huffmanDecode
0x14025fae0	vendor/golang.org/x/net/http2/hpack.buildRootHuffmanNode
0x14025fd80	vendor/golang.org/x/net/http2/hpack.AppendHuffmanString
0x140260020	vendor/golang.org/x/net/http2/hpack.(*headerFieldTable).evictOldest
0x140260400	vendor/golang.org/x/net/http2/hpack.(*headerFieldTable).search
0x140260540	vendor/golang.org/x/net/http2/hpack.(*headerFieldTable).idToIndex
0x140260620	vendor/golang.org/x/net/http2/hpack.(*DecodingError).Error
0x1402606c0	vendor/golang.org/x/net/http2/hpack.(*HeaderField).String
0x140260760	vendor/golang.org/x/net/http2/hpack.(*InvalidIndexError).Error
0x140260800	type:.eq.vendor/golang.org/x/net/http2/hpack.HeaderField
0x1402608a0	type:.eq.vendor/golang.org/x/net/http2/hpack.pairNameValue
0x140260920	type:.hash.vendor/golang.org/x/net/http2/hpack.pairNameValue
0x140260980	net/http/internal/httpcommon.asciiToLower
0x140260a00	net/http/internal/httpcommon.buildCommonHeaderMaps
0x140260bc0	net/http/internal/httpcommon.LowerHeader
0x140260c80	net/http/internal/httpcommon.CanonicalHeader
0x140260d40	net/http/internal/httpcommon.EncodeHeaders
0x140261540	net/http/internal/httpcommon.EncodeHeaders.func3
0x140261660	net/http/internal/httpcommon.EncodeHeaders.func2
0x140261680	net/http/internal/httpcommon.EncodeHeaders.func1
0x140261ee0	net/http/internal/httpcommon.checkConnHeaders
0x140262180	net/http/internal/httpcommon.commaSeparatedTrailers
0x1402624c0	net/http/internal/httpcommon.validateHeaders
0x1402626a0	net/http/internal.(*chunkedReader).beginChunk
0x140262880	net/http/internal.(*chunkedReader).chunkHeaderAvailable
0x140262900	net/http/internal.(*chunkedReader).Read
0x140262ca0	net/http/internal.readChunkLine
0x140262ea0	net/http/internal.(*chunkedWriter).Write
0x140263040	net/http/internal.(*chunkedWriter).Close
0x1402630a0	net/http/internal.parseHexUint
0x1402631e0	type:.eq.net/http/internal.chunkedReader
0x1402632a0	net/http/internal.FlushAfterChunkWriter.ReadFrom
0x140263320	net/http/internal.(*FlushAfterChunkWriter).ReadFrom
0x140263340	net/http/internal.FlushAfterChunkWriter.Size
0x140263380	net/http/internal.(*FlushAfterChunkWriter).Size
0x1402633c0	net/http/internal.FlushAfterChunkWriter.Write
0x140263440	net/http/internal.(*FlushAfterChunkWriter).Write
0x140263460	net/http/internal.FlushAfterChunkWriter.WriteByte
0x1402634c0	net/http/internal.(*FlushAfterChunkWriter).WriteByte
0x1402634e0	net/http/internal.FlushAfterChunkWriter.WriteString
0x140263560	net/http/internal.(*FlushAfterChunkWriter).WriteString
0x140263580	vendor/golang.org/x/net/http/httpproxy.init
0x1402636a0	vendor/golang.org/x/net/http/httpproxy.FromEnvironment
0x140263940	vendor/golang.org/x/net/http/httpproxy.(*config).proxyForURL
0x140263a40	vendor/golang.org/x/net/http/httpproxy.parseProxy
0x140263ba0	vendor/golang.org/x/net/http/httpproxy.(*config).useProxy
0x140263ec0	vendor/golang.org/x/net/http/httpproxy.(*config).init
0x140264580	vendor/golang.org/x/net/http/httpproxy.canonicalAddr
0x140264700	vendor/golang.org/x/net/http/httpproxy.idnaASCII
0x140264780	vendor/golang.org/x/net/http/httpproxy.allMatch.match
0x1402647a0	vendor/golang.org/x/net/http/httpproxy.cidrMatch.match
0x140264840	vendor/golang.org/x/net/http/httpproxy.ipMatch.match
0x140264960	vendor/golang.org/x/net/http/httpproxy.domainMatch.match
0x140264b40	type:.eq.vendor/golang.org/x/net/http/httpproxy.domainMatch
0x140264be0	vendor/golang.org/x/net/http/httpproxy.(*config).proxyForURL-fm
0x140264c40	vendor/golang.org/x/net/http/httpproxy.(*allMatch).match
0x140264c80	vendor/golang.org/x/net/http/httpproxy.(*cidrMatch).match
0x140264d40	vendor/golang.org/x/net/http/httpproxy.(*ipMatch).match
0x140264e80	vendor/golang.org/x/net/http/httpproxy.(*domainMatch).match
0x140265080	type:.eq.vendor/golang.org/x/net/http/httpproxy.Config
0x140265140	net/http.init
0x140265dc0	net/http.init.func1
0x140265e00	net/http.init.func2
0x140265e40	net/http.init.func3
0x140265e80	net/http.init.func4
0x140265ec0	net/http.init.func5
0x140265f00	net/http.init.func14
0x140265f40	net/http.init.func15
0x140265f80	net/http.map.init.0
0x140266360	net/http.map.init.1
0x140266860	net/http.map.init.2
0x140266aa0	net/http.refererForURL
0x140266ba0	net/http.(*Client).send
0x140266d40	net/http.(*Client).deadline
0x140266da0	net/http.send
0x140267980	net/http.send.Printf.func2
0x1402679e0	net/http.timeBeforeContextDeadline
0x140267aa0	net/http.knownRoundTripperImpl
0x140267c00	net/http.setRequestCancel
0x1402681c0	net/http.setRequestCancel.func4
0x1402682e0	net/http.setRequestCancel.OnceFunc.func5
0x140268340	net/http.setRequestCancel.OnceFunc.func5.1
0x1402683c0	net/http.setRequestCancel.OnceFunc.func5.1.1
0x140268440	net/http.setRequestCancel.func3
0x1402684a0	net/http.setRequestCancel.func2
0x140268560	net/http.setRequestCancel.func1
0x1402685c0	net/http.alwaysFalse
0x1402685e0	net/http.urlErrorOp
0x1402686a0	net/http.(*Client).do
0x140269840	net/http.(*Client).do.func2
0x1402699c0	net/http.(*Client).do.func1
0x140269a00	net/http.(*Client).makeHeadersCopier
0x140269c20	net/http.(*Client).makeHeadersCopier.func1
0x14026a320	net/http.defaultCheckRedirect
0x14026a3c0	net/http.(*Client).CloseIdleConnections
0x14026a480	net/http.(*cancelTimerBody).Read
0x14026a5e0	net/http.(*cancelTimerBody).Close
0x14026a640	net/http.shouldCopyHeaderOnRedirect
0x14026a6a0	net/http.isDomainOrSubdomain
0x14026a800	net/http.stripPassword
0x14026a960	net/http.cookieNumWithinMax
0x14026aa20	net/http.ParseSetCookie
0x14026b5e0	net/http.readSetCookies
0x14026b7a0	net/http.(*Cookie).String
0x14026caa0	net/http.(*Cookie).String.Printf.func1
0x14026cb00	net/http.readCookies
0x14026d0c0	net/http.validCookieDomain
0x14026d1a0	net/http.isCookieDomainName
0x14026d280	net/http.sanitizeCookieValue
0x14026d360	net/http.validCookieValueByte
0x14026d380	net/http.validCookiePathByte
0x14026d3a0	net/http.sanitizeOrWarn
0x14026d700	net/http.sanitizeOrWarn.Printf.func1
0x14026d760	net/http.parseCookieValue
0x14026d800	net/http.(*http2clientConnPool).GetClientConn
0x14026d860	net/http.(*http2clientConnPool).getClientConn
0x14026dc00	net/http.(*http2clientConnPool).getStartDialLocked
0x14026de20	net/http.(*http2clientConnPool).getStartDialLocked.gowrap1
0x14026de80	net/http.(*http2dialCall).dial
0x14026e220	net/http.(*http2clientConnPool).addConnIfNeeded
0x14026e580	net/http.(*http2clientConnPool).addConnIfNeeded.gowrap1
0x14026e5e0	net/http.(*http2addConnCall).run
0x14026e9c0	net/http.(*http2clientConnPool).MarkDead
0x14026ed20	net/http.(*http2clientConnPool).MarkDead.deferwrap1
0x14026ed80	net/http.(*http2clientConnPool).closeIdleConnections
0x14026eee0	net/http.(*http2clientConnPool).closeIdleConnections.deferwrap1
0x14026ef40	net/http.http2noDialClientConnPool.GetClientConn
0x14026efa0	net/http.http2shouldRetryDial
0x14026f0c0	net/http.http2configFromTransport
0x14026f260	net/http.http2setConfigDefaults
0x14026f320	net/http.http2fillNetHTTPConfig
0x14026f420	net/http.http2getDataBufferChunk
0x14026f5c0	net/http.http2putDataBufferChunk
0x14026f740	net/http.(*http2dataBuffer).Read
0x14026fa80	net/http.(*http2dataBuffer).Len
0x14026faa0	net/http.(*http2dataBuffer).Write
0x14026fbe0	net/http.(*http2dataBuffer).lastChunkOrAlloc
0x14026fd20	net/http.http2ErrCode.String
0x14026fdc0	net/http.http2ConnectionError.Error
0x14026fe20	net/http.http2StreamError.Error
0x14026ffa0	net/http.http2connError.Error
0x140270060	net/http.http2pseudoHeaderError.Error
0x1402700e0	net/http.http2duplicatePseudoHeaderError.Error
0x140270160	net/http.http2headerFieldNameError.Error
0x1402701e0	net/http.http2headerFieldValueError.Error
0x140270260	net/http.http2FrameType.String
0x140270300	net/http.http2FrameHeader.Header
0x140270360	net/http.http2FrameHeader.String
0x140270480	net/http.http2FrameHeader.writeDebug
0x140270740	net/http.(*http2FrameHeader).invalidate
0x140270760	net/http.http2invalidHTTP1LookingFrameHeader
0x140270840	net/http.http2readFrameHeader
0x1402709c0	net/http.(*http2Framer).endWrite
0x140270ac0	net/http.(*http2Framer).logWrite
0x140270da0	net/http.(*http2Framer).logWrite.http2NewFramer.func2
0x140270e40	net/http.(*http2Framer).ReadFrame
0x140271480	net/http.(*http2Framer).checkFrameOrder
0x140271940	net/http.(*http2DataFrame).Data
0x1402719a0	net/http.http2parseDataFrame
0x140271bc0	net/http.(*http2Framer).WriteDataPadded
0x140271c80	net/http.(*http2Framer).startWriteDataPadded
0x1402720a0	net/http.http2parseSettingsFrame
0x1402722a0	net/http.(*http2SettingsFrame).Value
0x1402723e0	net/http.(*http2SettingsFrame).ForeachSetting
0x140272560	net/http.(*http2Framer).WriteSettings
0x1402727c0	net/http.(*http2Framer).WriteSettingsAck
0x140272880	net/http.http2parsePingFrame
0x1402729c0	net/http.(*http2Framer).WritePing
0x140272b00	net/http.http2parseGoAwayFrame
0x140272cc0	net/http.(*http2Framer).WriteGoAway
0x140272fc0	net/http.http2parseUnknownFrame
0x1402730a0	net/http.http2parseWindowUpdateFrame
0x140273240	net/http.(*http2Framer).WriteWindowUpdate
0x140273400	net/http.(*http2HeadersFrame).HeaderBlockFragment
0x140273460	net/http.(*http2HeadersFrame).HeadersEnded
0x140273480	net/http.http2parseHeadersFrame
0x140273820	net/http.(*http2Framer).WriteHeaders
0x140273d60	net/http.http2PriorityParam.IsZero
0x140273da0	net/http.http2parsePriorityFrame
0x140273f80	net/http.http2parseRSTStreamFrame
0x1402740a0	net/http.(*http2Framer).WriteRSTStream
0x140274240	net/http.http2parseContinuationFrame
0x140274360	net/http.(*http2ContinuationFrame).HeaderBlockFragment
0x1402743c0	net/http.(*http2ContinuationFrame).HeadersEnded
0x1402743e0	net/http.(*http2Framer).WriteContinuation
0x140274600	net/http.(*http2PushPromiseFrame).HeaderBlockFragment
0x140274660	net/http.(*http2PushPromiseFrame).HeadersEnded
0x140274680	net/http.http2parsePushPromise
0x140274920	net/http.(*http2MetaHeadersFrame).checkPseudos
0x140274c40	net/http.(*http2Framer).readMetaFrame
0x1402756a0	net/http.(*http2Framer).readMetaFrame.Printf.func6
0x140275700	net/http.(*http2Framer).readMetaFrame.Printf.func5
0x140275760	net/http.(*http2Framer).readMetaFrame.Printf.func4
0x1402757c0	net/http.(*http2Framer).readMetaFrame.Printf.func3
0x140275820	net/http.(*http2Framer).readMetaFrame.deferwrap1
0x140275880	net/http.(*http2Framer).readMetaFrame.func1
0x140275da0	net/http.http2summarizeFrame
0x1402763c0	net/http.http2summarizeFrame.func1
0x1402764c0	net/http.init.0
0x1402765a0	net/http.http2Setting.String
0x140276640	net/http.http2SettingID.String
0x1402766e0	net/http.http2writeWithByteTimeout
0x140276900	net/http.(*http2httpError).Error
0x140276920	net/http.(*http2httpError).Timeout
0x140276940	net/http.(*http2httpError).Temporary
0x140276960	net/http.(*http2pipe).setBuffer
0x140276a80	net/http.(*http2pipe).setBuffer.deferwrap1
0x140276ae0	net/http.(*http2pipe).Len
0x140276be0	net/http.(*http2pipe).Len.deferwrap1
0x140276c40	net/http.(*http2pipe).Read
0x140276f00	net/http.(*http2pipe).Read.deferwrap1
0x140276f60	net/http.(*http2pipe).Write
0x1402771c0	net/http.(*http2pipe).Write.deferwrap2
0x140277220	net/http.(*http2pipe).Write.deferwrap1
0x140277280	net/http.(*http2pipe).closeWithError
0x140277500	net/http.(*http2pipe).closeWithError.deferwrap2
0x140277560	net/http.(*http2pipe).closeWithError.deferwrap1
0x1402775c0	net/http.(*http2pipe).Err
0x1402776c0	net/http.(*http2pipe).Err.deferwrap1
0x140277720	net/http.(*http2pipe).Done
0x140277860	net/http.(*http2pipe).Done.deferwrap1
0x1402778c0	net/http.http2foreachHeaderElement
0x140277aa0	net/http.http2timeTimer.C
0x140277ac0	net/http.(*http2Transport).now
0x140277b20	net/http.(*http2Transport).timeSince
0x140277bc0	net/http.(*http2Transport).newTimer
0x140277c40	net/http.(*http2Transport).afterFunc
0x140277cc0	net/http.(*http2Transport).contextWithTimeout
0x140277d40	net/http.http2configureTransports
0x1402782e0	net/http.http2configureTransports.func3
0x140278400	net/http.http2configureTransports.func3.gowrap1
0x140278460	net/http.http2configureTransports.func2
0x1402784e0	net/http.http2configureTransports.func1
0x1402786e0	net/http.http2configureTransports.func1.gowrap2
0x140278740	net/http.http2configureTransports.func1.gowrap1
0x1402787a0	net/http.(*http2unencryptedTransport).RoundTrip
0x1402787e0	net/http.(*http2clientStream).abortStream
0x1402788e0	net/http.(*http2clientStream).abortStream.deferwrap1
0x140278940	net/http.(*http2clientStream).abortStreamLocked
0x140278a00	net/http.(*http2clientStream).abortStreamLocked.func1
0x140278a60	net/http.(*http2clientStream).abortRequestBodyWrite
0x140278b40	net/http.(*http2clientStream).abortRequestBodyWrite.deferwrap1
0x140278ba0	net/http.(*http2clientStream).closeReqBodyLocked
0x140278c80	net/http.(*http2clientStream).closeReqBodyLocked.func1
0x140278d00	net/http.http2stickyErrWriter.Write
0x140278e20	net/http.http2noCachedConnError.Error
0x140278e40	net/http.(*http2Transport).RoundTrip
0x140278e80	net/http.http2authorityAddr
0x1402790c0	net/http.(*http2Transport).RoundTripOpt
0x1402797c0	net/http.(*http2Transport).CloseIdleConnections
0x1402798a0	net/http.http2shouldRetryRequest
0x140279bc0	net/http.(*http2Transport).dialClientConn
0x140279d00	net/http.(*http2Transport).newTLSConfig
0x140279f80	net/http.(*http2Transport).dialTLS
0x14027a1c0	net/http.(*http2Transport).NewClientConn
0x14027a240	net/http.(*http2Transport).newClientConn
0x14027b160	net/http.(*http2Transport).newClientConn.gowrap1
0x14027b1c0	net/http.(*http2Transport).newClientConn.http2NewFramer.func2
0x14027b260	net/http.(*http2ClientConn).healthCheck
0x14027b3c0	net/http.(*http2ClientConn).SetDoNotReuse
0x14027b480	net/http.(*http2ClientConn).SetDoNotReuse.deferwrap1
0x14027b4e0	net/http.(*http2ClientConn).setGoAway
0x14027b7a0	net/http.(*http2ClientConn).setGoAway.deferwrap1
0x14027b800	net/http.(*http2ClientConn).CanTakeNewRequest
0x14027b8c0	net/http.(*http2ClientConn).CanTakeNewRequest.deferwrap1
0x14027b920	net/http.(*http2ClientConn).ReserveNewRequest
0x14027ba20	net/http.(*http2ClientConn).ReserveNewRequest.deferwrap1
0x14027ba80	net/http.(*http2ClientConn).idleStateLocked
0x14027bbc0	net/http.(*http2ClientConn).tooIdleLocked
0x14027bca0	net/http.(*http2ClientConn).closeConn
0x14027bd80	net/http.(*http2ClientConn).closeConn.deferwrap1
0x14027bde0	net/http.(*http2ClientConn).forceCloseConn
0x14027be40	net/http.(*http2ClientConn).closeIfIdle
0x14027bfe0	net/http.(*http2ClientConn).closeForError
0x14027c140	net/http.(*http2ClientConn).Close
0x14027c1c0	net/http.(*http2ClientConn).closeForLostPing
0x14027c260	net/http.(*http2ClientConn).decrStreamReservations
0x14027c320	net/http.(*http2ClientConn).decrStreamReservations.deferwrap1
0x14027c380	net/http.(*http2ClientConn).RoundTrip
0x14027c3c0	net/http.(*http2ClientConn).roundTrip
0x14027cfc0	net/http.(*http2ClientConn).roundTrip.gowrap1
0x14027d020	net/http.(*http2clientStream).doRequest
0x14027d0c0	net/http.(*http2clientStream).writeRequest
0x14027e000	net/http.(*http2clientStream).writeRequest.deferwrap1
0x14027e060	net/http.(*http2clientStream).encodeAndWriteHeaders
0x14027e480	net/http.(*http2clientStream).encodeAndWriteHeaders.func1
0x14027e500	net/http.(*http2clientStream).encodeAndWriteHeaders.deferwrap1
0x14027e560	net/http.http2encodeRequestHeaders
0x14027e780	net/http.(*http2clientStream).cleanupWriteRequest
0x14027ed60	net/http.(*http2ClientConn).awaitOpenSlotForStreamLocked
0x14027ef20	net/http.(*http2ClientConn).writeHeaders
0x14027f120	net/http.(*http2clientStream).writeRequestBody
0x14027fd20	net/http.(*http2clientStream).writeRequestBody.deferwrap3
0x14027fd80	net/http.(*http2clientStream).writeRequestBody.deferwrap2
0x14027fde0	net/http.(*http2clientStream).writeRequestBody.deferwrap1
0x14027fe40	net/http.(*http2clientStream).awaitFlowControl
0x140280280	net/http.(*http2clientStream).awaitFlowControl.deferwrap1
0x1402802e0	net/http.(*http2ClientConn).encodeTrailers
0x140280560	net/http.(*http2ClientConn).writeHeader
0x140280700	net/http.(*http2ClientConn).writeHeader.Printf.func1
0x140280760	net/http.(*http2ClientConn).forgetStreamID
0x140280ae0	net/http.(*http2ClientConn).forgetStreamID.deferwrap1
0x140280b40	net/http.(*http2ClientConn).readLoop
0x140280cc0	net/http.(*http2ClientConn).readLoop.deferwrap1
0x140280d20	net/http.http2GoAwayError.Error
0x140280e00	net/http.(*http2clientConnReadLoop).cleanup
0x1402813e0	net/http.(*http2clientConnReadLoop).cleanup.func1
0x140281460	net/http.(*http2clientConnReadLoop).cleanup.deferwrap2
0x1402814c0	net/http.(*http2clientConnReadLoop).cleanup.deferwrap1
0x140281520	net/http.(*http2ClientConn).countReadFrameError
0x140281760	net/http.(*http2clientConnReadLoop).run
0x1402820c0	net/http.(*http2clientConnReadLoop).processHeaders
0x140282340	net/http.(*http2clientConnReadLoop).handleResponse
0x140283180	net/http.(*http2clientConnReadLoop).handleResponse.Printf.func2
0x1402831e0	net/http.(*http2clientConnReadLoop).handleResponse.func1
0x140283260	net/http.(*http2clientConnReadLoop).processTrailers
0x140283640	net/http.http2transportResponseBody.Read
0x140283b80	net/http.http2transportResponseBody.Read.deferwrap1
0x140283be0	net/http.http2transportResponseBody.Close
0x140283e80	net/http.(*http2clientConnReadLoop).processData
0x1402847c0	net/http.(*http2clientConnReadLoop).endStream
0x140284920	net/http.(*http2clientConnReadLoop).endStream.deferwrap1
0x140284980	net/http.(*http2clientConnReadLoop).streamByID
0x140284ae0	net/http.(*http2clientConnReadLoop).streamByID.deferwrap1
0x140284b40	net/http.(*http2clientConnReadLoop).processGoAway
0x140284d20	net/http.(*http2clientConnReadLoop).processSettings
0x140284e80	net/http.(*http2clientConnReadLoop).processSettings.deferwrap1
0x140284ee0	net/http.(*http2clientConnReadLoop).processSettingsNoWrite
0x1402850e0	net/http.(*http2clientConnReadLoop).processSettingsNoWrite.func1
0x1402853e0	net/http.(*http2clientConnReadLoop).processSettingsNoWrite.deferwrap1
0x140285440	net/http.(*http2clientConnReadLoop).processWindowUpdate
0x140285660	net/http.(*http2clientConnReadLoop).processWindowUpdate.deferwrap1
0x1402856c0	net/http.(*http2clientConnReadLoop).processResetStream
0x140285900	net/http.(*http2ClientConn).Ping
0x140285c80	net/http.(*http2ClientConn).Ping.func1
0x140285e40	net/http.(*http2ClientConn).Ping.func1.deferwrap1
0x140285ea0	net/http.(*http2clientConnReadLoop).processPing
0x140286100	net/http.(*http2clientConnReadLoop).processPing.deferwrap2
0x140286160	net/http.(*http2clientConnReadLoop).processPing.deferwrap1
0x1402861c0	net/http.(*http2ClientConn).writeStreamReset
0x140286300	net/http.(*http2Transport).logf
0x1402863c0	net/http.(*http2Transport).logf.Printf.func1
0x140286420	net/http.http2noBodyReader.Close
0x140286440	net/http.http2noBodyReader.Read
0x140286460	net/http.http2missingBody.Close
0x140286480	net/http.http2missingBody.Read
0x1402864a0	net/http.http2erringRoundTripper.RoundTripErr
0x1402864c0	net/http.http2erringRoundTripper.RoundTrip
0x1402864e0	net/http.(*http2gzipReader).Read
0x1402866a0	net/http.(*http2gzipReader).Close
0x140286720	net/http.http2isConnectionCloseRequest
0x1402867e0	net/http.http2registerHTTPSProtocol
0x1402868a0	net/http.http2registerHTTPSProtocol.func1
0x140286940	net/http.http2noDialH2RoundTripper.RoundTrip
0x140286a40	net/http.http2traceGetConn
0x140286b00	net/http.http2traceGotConn
0x140286d40	net/http.(*http2Transport).dialTLSWithContext
0x140286e20	net/http.http2unencryptedNetConnFromTLSConn
0x140286f00	net/http.http2StreamError.As
0x1402873a0	net/http.stringWriter.WriteString
0x140287440	net/http.Header.sortedKeyValues
0x140287800	net/http.Header.writeSubset
0x140287e00	net/http.hasToken
0x140287fe0	net/http.Protocols.String
0x140288140	net/http.hasPort
0x1402881c0	net/http.removeEmptyPort
0x140288260	net/http.noBody.Read
0x140288280	net/http.noBody.Close
0x1402882a0	net/http.noBody.WriteTo
0x1402882c0	net/http.(*pattern).String
0x1402882e0	net/http.(*Request).AddCookie
0x140288600	net/http.(*Request).write
0x140289480	net/http.(*Request).write.func2
0x140289520	net/http.(*Request).write.func1
0x140289560	net/http.idnaASCII
0x1402895e0	net/http.removeZone
0x140289700	net/http.ParseHTTPVersion
0x140289860	net/http.NewRequestWithContext
0x14028a060	net/http.NewRequestWithContext.func3
0x14028a1c0	net/http.NewRequestWithContext.func2
0x14028a300	net/http.NewRequestWithContext.func1
0x14028a460	net/http.parseRequestLine
0x14028a520	net/http.newTextprotoReader
0x14028a5e0	net/http.putTextprotoReader
0x14028a640	net/http.ReadRequest
0x14028a6c0	net/http.readRequest.func1
0x14028a740	net/http.readRequest.deferwrap1
0x14028a7c0	net/http.(*Request).expectsContinue
0x14028a840	net/http.(*Request).wantsClose
0x14028a8e0	net/http.(*Request).requiresHTTP1
0x14028a9c0	net/http.ReadResponse
0x14028afe0	net/http.(*Response).Write
0x14028b800	net/http.isProtocolSwitchHeader
0x14028b8e0	net/http.init.1
0x14028b940	net/http.putCopyBuf
0x14028b9c0	net/http.foreachHeaderElement
0x14028bc60	net/http.unencryptedNetConnInTLSConn.UnencryptedNetConn
0x14028bc80	net/http.adjustNextProtos
0x14028be80	net/http.adjustNextProtos.func1
0x14028bee0	net/http.DetectContentType
0x14028c000	net/http.(*exactSig).match
0x14028c0a0	net/http.(*maskedSig).match
0x14028c140	net/http.htmlSig.match
0x14028c220	net/http.mp4Sig.match
0x14028c3a0	net/http.textSig.match
0x14028c420	net/http.(*socksDialer).connect
0x14028dc00	net/http.(*socksDialer).connect.func2
0x14028dd20	net/http.(*socksDialer).connect.func1
0x14028ddc0	net/http.(*socksDialer).connect.deferwrap1
0x14028de20	net/http.sockssplitHostPort
0x14028df60	net/http.socksReply.String
0x14028e080	net/http.(*socksAddr).Network
0x14028e0a0	net/http.(*socksAddr).String
0x14028e280	net/http.(*socksDialer).DialWithConn
0x14028e980	net/http.(*socksDialer).pathAddrs
0x14028ebc0	net/http.(*socksUsernamePassword).Authenticate
0x14028f020	net/http.StatusText
0x14028f620	net/http.errorReader.Read
0x14028f640	net/http.(*byteReader).Read
0x14028f6a0	net/http.newTransferWriter
0x14028fe00	net/http.(*transferWriter).shouldSendChunkedRequestBody
0x14028ff40	net/http.(*transferWriter).probeRequestBody
0x140290560	net/http.(*transferWriter).probeRequestBody.gowrap1
0x1402905c0	net/http.(*transferWriter).probeRequestBody.func1
0x1402906a0	net/http.(*transferWriter).shouldSendContentLength
0x1402907a0	net/http.(*transferWriter).writeHeader
0x140290f00	net/http.(*transferWriter).writeBody
0x140291660	net/http.(*transferWriter).writeBody.func1
0x1402916e0	net/http.(*transferWriter).doBodyCopy
0x1402918e0	net/http.(*transferWriter).doBodyCopy.deferwrap1
0x140291960	net/http.(*transferWriter).unwrapBody
0x140291a40	net/http.readTransfer
0x140292280	net/http.(*unsupportedTEError).Error
0x1402922a0	net/http.(*transferReader).parseTransferEncoding
0x140292520	net/http.fixLength
0x140292aa0	net/http.shouldClose
0x140292c80	net/http.fixTrailer
0x140292e00	net/http.fixTrailer.func1
0x140292fe0	net/http.(*body).Read
0x140293160	net/http.(*body).Read.deferwrap1
0x1402931c0	net/http.(*body).readLocked
0x1402933e0	net/http.seeUpcomingDoubleCRLF
0x1402934c0	net/http.(*body).readTrailer
0x140293940	net/http.(*body).Close
0x140293b80	net/http.(*body).Close.deferwrap1
0x140293be0	net/http.bodyLocked.Read
0x140293c60	net/http.parseContentLength
0x140293e80	net/http.finishAsyncByteRead.Read
0x140293f60	net/http.unwrapNopCloser
0x1402940c0	net/http.isKnownInMemoryReader
0x140294220	net/http.bufioFlushWriter.Write
0x140294320	net/http.(*Transport).onceSetNextProtoDefaults
0x140294800	net/http.(*Transport).onceSetNextProtoDefaults.Printf.func1
0x140294860	net/http.(*Transport).protocols
0x140294960	net/http.ProxyFromEnvironment
0x1402949c0	net/http.(*transportRequest).setError
0x140294aa0	net/http.(*Transport).alternateRoundTripper
0x140294ba0	net/http.validateHeaders
0x140294d60	net/http.(*Transport).roundTrip
0x140295e00	net/http.(*Transport).roundTrip.func1
0x140295e40	net/http.(*Transport).roundTrip.gowrap1
0x140295ea0	net/http.awaitLegacyCancel
0x140295f80	net/http.(*readTrackingBody).Read
0x140295fe0	net/http.(*readTrackingBody).Close
0x140296020	net/http.rewindBody
0x140296220	net/http.(*persistConn).shouldRetryRequest
0x140296580	net/http.(*Transport).RegisterProtocol
0x140296820	net/http.(*Transport).RegisterProtocol.deferwrap1
0x140296880	net/http.(*Transport).CloseIdleConnections
0x140296c20	net/http.(*Transport).prepareTransportCancel
0x140296dc0	net/http.(*Transport).prepareTransportCancel.func1
0x140296ea0	net/http.(*Transport).CancelRequest
0x140296f80	net/http.envProxyFunc
0x140296fe0	net/http.(*Transport).connectMethodForRequest
0x1402970e0	net/http.(*connectMethod).proxyAuth
0x1402971a0	net/http.transportReadFromServerError.Unwrap
0x1402971c0	net/http.transportReadFromServerError.Error
0x140297240	net/http.(*Transport).putOrCloseIdleConn
0x1402972a0	net/http.(*Transport).tryPutIdleConn
0x140297da0	net/http.(*Transport).tryPutIdleConn.deferwrap1
0x140297e00	net/http.(*Transport).queueForIdleConn
0x140298500	net/http.(*Transport).queueForIdleConn.gowrap2
0x140298560	net/http.(*Transport).queueForIdleConn.deferwrap1
0x1402985c0	net/http.(*Transport).removeIdleConn
0x1402986a0	net/http.(*Transport).removeIdleConn.deferwrap1
0x140298700	net/http.(*Transport).removeIdleConnLocked
0x140298a20	net/http.(*Transport).dial
0x140298ba0	net/http.(*wantConn).waiting
0x140298c60	net/http.(*wantConn).waiting.deferwrap1
0x140298cc0	net/http.(*wantConn).getCtxForDial
0x140298da0	net/http.(*wantConn).getCtxForDial.deferwrap1
0x140298e00	net/http.(*wantConn).tryDeliver
0x140299040	net/http.(*wantConn).tryDeliver.deferwrap1
0x1402990a0	net/http.(*wantConn).cancel
0x140299220	net/http.(*wantConnQueue).cleanFrontNotWaiting
0x140299380	net/http.(*wantConnQueue).cleanFrontCanceled
0x1402994c0	net/http.(*Transport).customDialTLS
0x1402995e0	net/http.(*Transport).getConn
0x140299e40	net/http.(*Transport).getConn.func1
0x140299e80	net/http.(*Transport).queueForDial
0x14029a200	net/http.(*Transport).queueForDial.deferwrap1
0x14029a260	net/http.(*Transport).startDialConnForLocked
0x14029a3a0	net/http.(*Transport).startDialConnForLocked.func1
0x14029a480	net/http.(*Transport).startDialConnForLocked.func1.deferwrap1
0x14029a4e0	net/http.(*Transport).dialConnFor
0x14029a740	net/http.(*Transport).decConnsPerHost
0x14029ab60	net/http.(*Transport).decConnsPerHost.deferwrap1
0x14029abc0	net/http.(*persistConn).addTLS
0x14029b140	net/http.(*persistConn).addTLS.func2
0x14029b240	net/http.(*persistConn).addTLS.func1
0x14029b2a0	net/http.(*Transport).dialConn
0x14029d7c0	net/http.(*Transport).dialConn.gowrap3
0x14029d820	net/http.(*Transport).dialConn.gowrap2
0x14029d880	net/http.(*Transport).dialConn.func3
0x14029dbe0	net/http.(*Transport).dialConn.func3.deferwrap1
0x14029dc40	net/http.(*Transport).dialConn.func2
0x14029dd40	net/http.(*Transport).dialConn.gowrap1
0x14029dda0	net/http.persistConnWriter.Write
0x14029de20	net/http.persistConnWriter.ReadFrom
0x14029df20	net/http.(*connectMethod).key
0x14029e0a0	net/http.(*connectMethod).tlsHost
0x14029e120	net/http.connectMethodKey.String
0x14029e2c0	net/http.(*persistConn).Read
0x14029e420	net/http.(*persistConn).isBroken
0x14029e4e0	net/http.(*persistConn).canceled
0x14029e5c0	net/http.(*persistConn).canceled.deferwrap1
0x14029e620	net/http.(*persistConn).isReused
0x14029e6c0	net/http.(*persistConn).cancelRequest
0x14029e800	net/http.(*persistConn).cancelRequest.deferwrap1
0x14029e860	net/http.(*persistConn).closeConnIfStillIdle
0x14029e980	net/http.(*persistConn).closeConnIfStillIdle.deferwrap1
0x14029e9e0	net/http.(*persistConn).mapRoundTripError
0x14029eca0	net/http.(*persistConn).readLoop
0x14029fb40	net/http.(*persistConn).readLoop.func4
0x14029fc20	net/http.(*persistConn).readLoop.func3
0x14029fc80	net/http.(*persistConn).readLoop.deferwrap1
0x14029fce0	net/http.(*persistConn).readLoop.func2
0x14029fde0	net/http.(*persistConn).readLoop.func1
0x14029fe40	net/http.(*persistConn).readLoopPeekFailLocked
0x1402a00c0	net/http.(*persistConn).readLoopPeekFailLocked.Printf.func1
0x1402a0120	net/http.(*persistConn).readResponse
0x1402a0540	net/http.(*readWriteCloserBody).Read
0x1402a0620	net/http.nothingWrittenError.Unwrap
0x1402a0640	net/http.(*persistConn).writeLoop
0x1402a0960	net/http.(*persistConn).writeLoop.(*persistConn).waitForContinue.func1
0x1402a0ae0	net/http.(*persistConn).writeLoop.(*persistConn).waitForContinue.func1.deferwrap1
0x1402a0b40	net/http.(*persistConn).writeLoop.deferwrap1
0x1402a0ba0	net/http.(*persistConn).wroteRequest
0x1402a0d20	net/http.(*persistConn).wroteRequest.deferwrap1
0x1402a0d80	net/http.(*timeoutError).Error
0x1402a0da0	net/http.(*timeoutError).Timeout
0x1402a0dc0	net/http.(*timeoutError).Temporary
0x1402a0de0	net/http.(*timeoutError).Is
0x1402a0e60	net/http.nop
0x1402a0e80	net/http.(*persistConn).roundTrip
0x1402a1c00	net/http.(*persistConn).roundTrip.deferwrap2
0x1402a1c60	net/http.(*persistConn).roundTrip.deferwrap1
0x1402a1cc0	net/http.(*persistConn).markReused
0x1402a1d60	net/http.(*persistConn).close
0x1402a1e60	net/http.(*persistConn).close.deferwrap1
0x1402a1ec0	net/http.(*persistConn).closeLocked
0x1402a2080	net/http.idnaASCIIFromURL
0x1402a20e0	net/http.canonicalAddr
0x1402a2280	net/http.(*bodyEOFSignal).Read
0x1402a2580	net/http.(*bodyEOFSignal).Read.deferwrap1
0x1402a25e0	net/http.(*bodyEOFSignal).Close
0x1402a27a0	net/http.(*bodyEOFSignal).Close.deferwrap1
0x1402a2800	net/http.(*gzipReader).Read
0x1402a29e0	net/http.(*gzipReader).Close
0x1402a2a20	net/http.tlsHandshakeTimeoutError.Timeout
0x1402a2a40	net/http.tlsHandshakeTimeoutError.Temporary
0x1402a2a60	net/http.tlsHandshakeTimeoutError.Error
0x1402a2a80	net/http.fakeLocker.Lock
0x1402a2aa0	net/http.fakeLocker.Unlock
0x1402a2ac0	net/http.(*connLRU).add
0x1402a2d00	net/http.envProxyFunc.func1
0x1402a2de0	net/http.NewRequestWithContext.func4
0x1402a2e00	net/http.(*http2ClientConn).roundTrip.func3
0x1402a2ee0	net/http.(*http2Framer).readMetaFrame.func2
0x1402a2f00	net/http.Header.sortedKeyValues.func1
0x1402a2fa0	net/http.(*http2Framer).logWrite.http2NewFramer.func1
0x1402a2fc0	net/http.(*http2Transport).newClientConn.http2NewFramer.func1
0x1402a2fe0	net/http.cloneOrMakeHeader
0x1402a32a0	net/http.readRequest
0x1402a3ce0	net/http.(*Transport).RoundTrip
0x1402a3d40	type:.eq.net/http.http2PriorityParam
0x1402a3d60	type:.eq.net/http.http2FrameHeader
0x1402a3da0	type:.eq.net/http.http2Setting
0x1402a3dc0	type:.eq.net/http.segment
0x1402a3e20	type:.eq.net/http.http2PingFrame
0x1402a3e60	type:.eq.net/http.http2PriorityFrame
0x1402a3ec0	type:.eq.net/http.http2RSTStreamFrame
0x1402a3f00	type:.eq.net/http.http2WindowUpdateFrame
0x1402a3f40	type:.eq.net/http.http2StreamError
0x1402a3fc0	type:.eq.struct { io.Reader; io.WriterTo }
0x1402a4040	type:.eq.net/http.readTrackingBody
0x1402a40c0	slices.DeleteFunc[go.shape.[]string,go.shape.string]
0x1402a42e0	type:.eq.net/http.unencryptedNetConnInTLSConn
0x1402a4360	type:.eq.net/http.connectMethodKey
0x1402a4420	type:.hash.net/http.connectMethodKey
0x1402a44a0	type:.eq.net/http.connOrError
0x1402a4560	type:.eq.net/http.http2GoAwayError
0x1402a45c0	type:.eq.net/http.http2connError
0x1402a4620	type:.eq.net/http.http2stickyErrWriter
0x1402a46e0	type:.eq.struct { io.Reader; io.Closer }
0x1402a4760	slices.pdqsortCmpFunc[go.shape.struct { net/http.key string; net/http.values []string }]
0x1402a5180	slices.partitionCmpFunc[go.shape.struct { net/http.key string; net/http.values []string }]
0x1402a5d60	slices.partitionEqualCmpFunc[go.shape.struct { net/http.key string; net/http.values []string }]
0x1402a6340	slices.partialInsertionSortCmpFunc[go.shape.struct { net/http.key string; net/http.values []string }]
0x1402a6c00	slices.choosePivotCmpFunc[go.shape.struct { net/http.key string; net/http.values []string }]
0x1402a6e80	slices.medianCmpFunc[go.shape.struct { net/http.key string; net/http.values []string }]
0x1402a72c0	slices.breakPatternsCmpFunc[go.shape.struct { net/http.key string; net/http.values []string }]
0x1402a7540	slices.heapSortCmpFunc[go.shape.struct { net/http.key string; net/http.values []string }]
0x1402a7820	slices.siftDownCmpFunc[go.shape.struct { net/http.key string; net/http.values []string }]
0x1402a7cc0	net/http.(*connectMethodKey).String
0x1402a7d60	net/http.(*Protocols).String
0x1402a7dc0	net/http.(*http2FrameType).String
0x1402a7ea0	net/http.(*http2FrameHeader).Header
0x1402a7f20	net/http.(*http2FrameHeader).String
0x1402a7fa0	net/http.(*http2ErrCode).String
0x1402a8080	net/http.http2GoAwayFrame.Header
0x1402a80e0	net/http.(*http2GoAwayFrame).Header
0x1402a8160	net/http.http2GoAwayFrame.String
0x1402a81c0	net/http.(*http2GoAwayFrame).String
0x1402a8240	net/http.(*http2GoAwayFrame).invalidate
0x1402a8260	net/http.http2DataFrame.Header
0x1402a8300	net/http.(*http2DataFrame).Header
0x1402a8380	net/http.http2DataFrame.String
0x1402a8460	net/http.(*http2DataFrame).String
0x1402a84e0	net/http.(*http2DataFrame).invalidate
0x1402a8500	net/http.(*http2SettingID).String
0x1402a85e0	net/http.(*http2Setting).String
0x1402a86c0	net/http.(*http2PriorityParam).IsZero
0x1402a8720	net/http.http2HeadersFrame.Header
0x1402a8780	net/http.(*http2HeadersFrame).Header
0x1402a8800	net/http.http2HeadersFrame.String
0x1402a8860	net/http.(*http2HeadersFrame).String
0x1402a88e0	net/http.(*http2HeadersFrame).invalidate
0x1402a8900	net/http.(*http2noDialClientConnPool).GetClientConn
0x1402a8980	net/http.http2noDialClientConnPool.MarkDead
0x1402a89e0	net/http.(*http2noDialClientConnPool).MarkDead
0x1402a8a00	net/http.http2noDialClientConnPool.closeIdleConnections
0x1402a8a60	net/http.(*http2noDialClientConnPool).closeIdleConnections
0x1402a8a80	net/http.(*http2StreamError).As
0x1402a8b20	net/http.(*http2StreamError).Error
0x1402a8b80	net/http.http2PingFrame.Header
0x1402a8be0	net/http.(*http2PingFrame).Header
0x1402a8c60	net/http.http2PingFrame.String
0x1402a8cc0	net/http.(*http2PingFrame).String
0x1402a8d40	net/http.(*http2PingFrame).invalidate
0x1402a8d60	net/http.http2WindowUpdateFrame.Header
0x1402a8de0	net/http.(*http2WindowUpdateFrame).Header
0x1402a8e60	net/http.http2WindowUpdateFrame.String
0x1402a8f00	net/http.(*http2WindowUpdateFrame).String
0x1402a8f80	net/http.(*http2WindowUpdateFrame).invalidate
0x1402a8fa0	net/http.http2RSTStreamFrame.Header
0x1402a9020	net/http.(*http2RSTStreamFrame).Header
0x1402a90a0	net/http.http2RSTStreamFrame.String
0x1402a9140	net/http.(*http2RSTStreamFrame).String
0x1402a91c0	net/http.(*http2RSTStreamFrame).invalidate
0x1402a91e0	net/http.http2SettingsFrame.Header
0x1402a9280	net/http.(*http2SettingsFrame).Header
0x1402a9300	net/http.http2SettingsFrame.String
0x1402a93e0	net/http.(*http2SettingsFrame).String
0x1402a9460	net/http.(*http2SettingsFrame).invalidate
0x1402a9480	net/http.http2MetaHeadersFrame.Header
0x1402a9520	net/http.(*http2MetaHeadersFrame).Header
0x1402a95a0	net/http.http2MetaHeadersFrame.HeaderBlockFragment
0x1402a9660	net/http.(*http2MetaHeadersFrame).HeaderBlockFragment
0x1402a96e0	net/http.http2MetaHeadersFrame.HeadersEnded
0x1402a9740	net/http.(*http2MetaHeadersFrame).HeadersEnded
0x1402a9780	net/http.http2MetaHeadersFrame.String
0x1402a9840	net/http.(*http2MetaHeadersFrame).String
0x1402a98c0	net/http.http2MetaHeadersFrame.invalidate
0x1402a9900	net/http.(*http2MetaHeadersFrame).invalidate
0x1402a9940	net/http.http2PriorityFrame.Header
0x1402a99e0	net/http.(*http2PriorityFrame).Header
0x1402a9a60	net/http.http2PriorityFrame.IsZero
0x1402a9ae0	net/http.(*http2PriorityFrame).IsZero
0x1402a9b40	net/http.http2PriorityFrame.String
0x1402a9c20	net/http.(*http2PriorityFrame).String
0x1402a9ca0	net/http.(*http2PriorityFrame).invalidate
0x1402a9cc0	net/http.(*http2noCachedConnError).Error
0x1402a9d00	net/http.(*http2noBodyReader).Close
0x1402a9d40	net/http.(*http2noBodyReader).Read
0x1402a9d80	net/http.(*noBody).Close
0x1402a9dc0	net/http.(*noBody).Read
0x1402a9e00	net/http.(*noBody).WriteTo
0x1402a9e40	net/http.(*htmlSig).match
0x1402a9f40	net/http.(*mp4Sig).match
0x1402a9fe0	net/http.(*textSig).match
0x1402aa0a0	go:struct { io.Reader; io.WriterTo }.Read
0x1402aa160	go:(*struct { io.Reader; io.WriterTo }).Read
0x1402aa1e0	go:struct { io.Reader; io.WriterTo }.WriteTo
0x1402aa2a0	go:(*struct { io.Reader; io.WriterTo }).WriteTo
0x1402aa320	net/http.(*persistConnWriter).ReadFrom
0x1402aa3a0	net/http.(*persistConnWriter).Write
0x1402aa440	net/http.(*fakeLocker).Lock
0x1402aa480	net/http.(*fakeLocker).Unlock
0x1402aa4c0	net/http.(*http2ConnectionError).Error
0x1402aa560	net/http.(*http2connError).Error
0x1402aa640	net/http.(*http2pseudoHeaderError).Error
0x1402aa6e0	net/http.(*http2duplicatePseudoHeaderError).Error
0x1402aa780	net/http.(*http2headerFieldNameError).Error
0x1402aa820	net/http.(*http2headerFieldValueError).Error
0x1402aa8c0	net/http.http2UnknownFrame.Header
0x1402aa960	net/http.(*http2UnknownFrame).Header
0x1402aa9e0	net/http.http2UnknownFrame.String
0x1402aaac0	net/http.(*http2UnknownFrame).String
0x1402aab40	net/http.(*http2UnknownFrame).invalidate
0x1402aab60	net/http.http2ContinuationFrame.Header
0x1402aac00	net/http.(*http2ContinuationFrame).Header
0x1402aac80	net/http.http2ContinuationFrame.String
0x1402aad60	net/http.(*http2ContinuationFrame).String
0x1402aade0	net/http.(*http2ContinuationFrame).invalidate
0x1402aae00	net/http.http2PushPromiseFrame.Header
0x1402aaea0	net/http.(*http2PushPromiseFrame).Header
0x1402aaf20	net/http.http2PushPromiseFrame.String
0x1402ab000	net/http.(*http2PushPromiseFrame).String
0x1402ab080	net/http.(*http2PushPromiseFrame).invalidate
0x1402ab0a0	net/http.(*http2timeTimer).C
0x1402ab0e0	net/http.http2timeTimer.Reset
0x1402ab140	net/http.(*http2timeTimer).Reset
0x1402ab160	net/http.http2timeTimer.Stop
0x1402ab1e0	net/http.(*http2timeTimer).Stop
0x1402ab260	net/http.(*http2stickyErrWriter).Write
0x1402ab340	net/http.(*http2GoAwayError).Error
0x1402ab460	net/http.(*http2transportResponseBody).Close
0x1402ab4c0	net/http.(*http2transportResponseBody).Read
0x1402ab540	net/http.(*http2missingBody).Close
0x1402ab580	net/http.(*http2missingBody).Read
0x1402ab5c0	net/http.(*http2erringRoundTripper).RoundTrip
0x1402ab600	net/http.(*http2erringRoundTripper).RoundTripErr
0x1402ab640	net/http.http2noDialH2RoundTripper.CloseIdleConnections
0x1402ab6a0	net/http.(*http2noDialH2RoundTripper).CloseIdleConnections
0x1402ab6c0	net/http.(*http2noDialH2RoundTripper).RoundTrip
0x1402ab740	net/http.(*http2Transport).initConnPool-fm
0x1402ab820	net/http.(*stringWriter).WriteString
0x1402ab8e0	net/http.requestBodyReadError.Error
0x1402ab940	net/http.(*requestBodyReadError).Error
0x1402ab9a0	net/http.unencryptedNetConnInTLSConn.Close
0x1402aba20	net/http.(*unencryptedNetConnInTLSConn).Close
0x1402aba80	net/http.unencryptedNetConnInTLSConn.Read
0x1402abb40	net/http.(*unencryptedNetConnInTLSConn).Read
0x1402abbc0	net/http.unencryptedNetConnInTLSConn.RemoteAddr
0x1402abc40	net/http.(*unencryptedNetConnInTLSConn).RemoteAddr
0x1402abca0	net/http.unencryptedNetConnInTLSConn.SetDeadline
0x1402abd60	net/http.(*unencryptedNetConnInTLSConn).SetDeadline
0x1402abde0	net/http.unencryptedNetConnInTLSConn.SetReadDeadline
0x1402abea0	net/http.(*unencryptedNetConnInTLSConn).SetReadDeadline
0x1402abf20	net/http.unencryptedNetConnInTLSConn.SetWriteDeadline
0x1402abfe0	net/http.(*unencryptedNetConnInTLSConn).SetWriteDeadline
0x1402ac060	net/http.(*unencryptedNetConnInTLSConn).UnencryptedNetConn
0x1402ac0a0	net/http.unencryptedNetConnInTLSConn.Write
0x1402ac160	net/http.(*unencryptedNetConnInTLSConn).Write
0x1402ac1e0	net/http.(*errorReader).Read
0x1402ac220	net/http.(*bodyLocked).Read
0x1402ac2e0	net/http.(*finishAsyncByteRead).Read
0x1402ac3e0	net/http.(*bufioFlushWriter).Write
0x1402ac480	net/http.(*transportReadFromServerError).Error
0x1402ac520	net/http.(*transportReadFromServerError).Unwrap
0x1402ac560	net/http.readWriteCloserBody.Close
0x1402ac5e0	net/http.(*readWriteCloserBody).Close
0x1402ac640	net/http.readWriteCloserBody.Write
0x1402ac6e0	net/http.(*readWriteCloserBody).Write
0x1402ac760	net/http.nothingWrittenError.Error
0x1402ac7c0	net/http.(*nothingWrittenError).Error
0x1402ac820	net/http.(*nothingWrittenError).Unwrap
0x1402ac860	net/http.(*tlsHandshakeTimeoutError).Error
0x1402ac8a0	net/http.(*tlsHandshakeTimeoutError).Temporary
0x1402ac8e0	net/http.(*tlsHandshakeTimeoutError).Timeout
0x1402ac920	go:struct { io.Reader; io.Closer }.Close
0x1402ac9a0	go:(*struct { io.Reader; io.Closer }).Close
0x1402aca00	go:struct { io.Reader; io.Closer }.Read
0x1402acac0	go:(*struct { io.Reader; io.Closer }).Read
0x1402acb40	net/http.(*http2clientStream).copyTrailers-fm
0x1402acce0	net/http.(*http2ClientConn).healthCheck-fm
0x1402acd40	sync/atomic.(*Bool).Load-fm
0x1402acd80	net.(*Dialer).DialContext-fm
0x1402ace40	net/http.(*http2ClientConn).forceCloseConn-fm
0x1402acea0	net/http.(*http2ClientConn).onIdleTimeout-fm
0x1402acf00	net/http.(*socksUsernamePassword).Authenticate-fm
0x1402acfa0	net/http.(*persistConn).closeConnIfStillIdle-fm
0x1402ad000	net/http.(*Transport).onceSetNextProtoDefaults-fm
0x1402ad060	type:.eq.net/http.socksUsernamePassword
0x1402ad0e0	runtime/debug.ReadBuildInfo
0x1402ad180	runtime/debug.ParseBuildInfo
0x1402ae420	runtime/debug.ParseBuildInfo.func1
0x1402ae500	type:.eq.runtime/debug.Module
0x1402ae5c0	type:.eq.runtime/debug.BuildSetting
0x1402ae640	encoding/xml.init
0x1402ae9e0	encoding/xml.map.init.0
0x1402aeae0	encoding/xml.Marshal
0x1402aec80	encoding/xml.(*Encoder).Encode
0x1402aed60	encoding/xml.(*Encoder).Close
0x1402aeda0	encoding/xml.(*printer).createAttrPrefix
0x1402af2c0	encoding/xml.(*printer).marshalValue
0x1402b0860	encoding/xml.(*printer).marshalAttr
0x1402b1ca0	encoding/xml.defaultStart
0x1402b1f20	encoding/xml.(*printer).marshalInterface
0x1402b21c0	encoding/xml.(*printer).marshalTextInterface
0x1402b22a0	encoding/xml.(*printer).writeStart
0x1402b26c0	encoding/xml.(*printer).writeEnd
0x1402b2b80	encoding/xml.(*printer).marshalSimple
0x1402b3040	encoding/xml.indirect
0x1402b3160	encoding/xml.(*printer).marshalStruct
0x1402b42e0	encoding/xml.(*printer).Write
0x1402b4420	encoding/xml.(*printer).WriteString
0x1402b4560	encoding/xml.(*printer).WriteByte
0x1402b4680	encoding/xml.(*printer).Close
0x1402b4760	encoding/xml.(*printer).writeIndent
0x1402b4860	encoding/xml.(*parentStack).trim
0x1402b49c0	encoding/xml.(*parentStack).push
0x1402b4b80	encoding/xml.(*UnsupportedTypeError).Error
0x1402b4be0	encoding/xml.isEmptyValue
0x1402b4ca0	encoding/xml.Unmarshal
0x1402b4d80	encoding/xml.(*Decoder).DecodeElement
0x1402b4ee0	encoding/xml.UnmarshalError.Error
0x1402b4f00	encoding/xml.receiverType
0x1402b4fe0	encoding/xml.(*Decoder).unmarshalInterface
0x1402b5360	encoding/xml.(*Decoder).unmarshalTextInterface
0x1402b55c0	encoding/xml.(*Decoder).unmarshalAttr
0x1402b5f80	encoding/xml.(*Decoder).unmarshal
0x1402b8640	encoding/xml.copyValue
0x1402b8e00	encoding/xml.(*Decoder).unmarshalPath
0x1402b9460	encoding/xml.(*Decoder).Skip
0x1402b9560	encoding/xml.getTypeInfo
0x1402b9bc0	encoding/xml.structFieldInfo
0x1402ba760	encoding/xml.lookupXMLName
0x1402ba920	encoding/xml.addFieldInfo
0x1402bb5c0	encoding/xml.(*TagPathError).Error
0x1402bb700	encoding/xml.(*fieldInfo).value
0x1402bb9e0	encoding/xml.(*SyntaxError).Error
0x1402bba60	encoding/xml.NewDecoder
0x1402bbd20	encoding/xml.(*Decoder).Token
0x1402bc860	encoding/xml.(*Decoder).popElement
0x1402bd0a0	encoding/xml.(*Decoder).autoClose
0x1402bd2a0	encoding/xml.(*Decoder).rawToken
0x1402bee40	encoding/xml.(*Decoder).attrval
0x1402bf040	encoding/xml.(*Decoder).space
0x1402bf0c0	encoding/xml.(*Decoder).getc
0x1402bf1e0	encoding/xml.(*Decoder).mustgetc
0x1402bf300	encoding/xml.(*Decoder).text
0x1402c0100	encoding/xml.(*Decoder).nsname
0x1402c01c0	encoding/xml.(*Decoder).name
0x1402c0360	encoding/xml.(*Decoder).readName
0x1402c04c0	encoding/xml.isName
0x1402c0640	encoding/xml.EscapeText
0x1402c06c0	encoding/xml.escapeText
0x1402c0ac0	encoding/xml.(*printer).EscapeString
0x1402c0da0	encoding/xml.emitCDATA
0x1402c0fc0	encoding/xml.procInst
0x1402c1200	type:.eq.encoding/xml.stack
0x1402c12c0	type:.eq.encoding/xml.Name
0x1402c1340	type:.eq.encoding/xml.Attr
0x1402c1400	type:.eq.encoding/xml.EndElement
0x1402c14a0	type:.eq.encoding/xml.TagPathError
0x1402c15e0	type:.eq.encoding/xml.SyntaxError
0x1402c1640	encoding/xml.(*UnmarshalError).Error
0x1402c1680	net/http/httputil.init
0x1402c1880	net/http/httputil.drainBody
0x1402c1c60	net/http/httputil.(*dumpConn).Close
0x1402c1c80	net/http/httputil.(*dumpConn).RemoteAddr
0x1402c1ca0	net/http/httputil.(*dumpConn).SetDeadline
0x1402c1cc0	net/http/httputil.(*dumpConn).SetReadDeadline
0x1402c1ce0	net/http/httputil.(*dumpConn).SetWriteDeadline
0x1402c1d00	net/http/httputil.neverEnding.Read
0x1402c1d20	net/http/httputil.DumpRequestOut
0x1402c2740	net/http/httputil.DumpRequestOut.func2
0x1402c2a40	net/http/httputil.DumpRequestOut.deferwrap3
0x1402c2aa0	net/http/httputil.DumpRequestOut.func1
0x1402c2d80	net/http/httputil.DumpRequestOut.deferwrap2
0x1402c2de0	net/http/httputil.DumpRequestOut.deferwrap1
0x1402c2e40	net/http/httputil.(*delegateReader).Read
0x1402c2f40	net/http/httputil.failureToReadBody.Read
0x1402c2f60	net/http/httputil.failureToReadBody.Close
0x1402c2f80	net/http/httputil.DumpResponse
0x1402c31e0	type:.eq.net/http/httputil.dumpConn
0x1402c3260	type:.eq.net/http/httputil.delegateReader
0x1402c3300	net/http/httputil.dumpConn.Read
0x1402c33c0	net/http/httputil.(*dumpConn).Read
0x1402c3440	net/http/httputil.dumpConn.Write
0x1402c3500	net/http/httputil.(*dumpConn).Write
0x1402c3580	net/http/httputil.(*neverEnding).Read
0x1402c35e0	net/http/httputil.(*failureToReadBody).Close
0x1402c3620	net/http/httputil.(*failureToReadBody).Read
0x1402c3660	regexp/syntax.init
0x1402c3680	regexp/syntax.map.init.0
0x1402c3a00	regexp/syntax.map.init.1
0x1402c48e0	regexp/syntax.Compile
0x1402c4ba0	regexp/syntax.(*compiler).compile
0x1402c6220	regexp/syntax.(*compiler).alt
0x1402c6500	regexp/syntax.(*compiler).quest
0x1402c6740	regexp/syntax.(*compiler).loop
0x1402c6980	regexp/syntax.(*compiler).star
0x1402c6a20	regexp/syntax.(*compiler).rune
0x1402c6d40	regexp/syntax.(*Error).Error
0x1402c6dc0	regexp/syntax.ErrorCode.String
0x1402c6de0	regexp/syntax.(*parser).checkLimits
0x1402c6e60	regexp/syntax.(*parser).checkSize
0x1402c7000	regexp/syntax.(*parser).calcSize
0x1402c72c0	regexp/syntax.(*parser).checkHeight
0x1402c73c0	regexp/syntax.(*parser).calcHeight
0x1402c74e0	regexp/syntax.(*parser).push
0x1402c7820	regexp/syntax.(*parser).maybeConcat
0x1402c7a80	regexp/syntax.(*parser).literal
0x1402c7be0	regexp/syntax.minFoldRune
0x1402c7c60	regexp/syntax.(*parser).op
0x1402c7d60	regexp/syntax.(*parser).repeat
0x1402c82c0	regexp/syntax.repeatIsValid
0x1402c83c0	regexp/syntax.(*parser).concat
0x1402c8540	regexp/syntax.(*parser).alternate
0x1402c86e0	regexp/syntax.cleanAlt
0x1402c88a0	regexp/syntax.(*parser).collapse
0x1402c8d60	regexp/syntax.(*parser).factor
0x1402ca260	regexp/syntax.(*parser).removeLeadingString
0x1402ca540	regexp/syntax.(*parser).removeLeadingRegexp
0x1402ca820	regexp/syntax.parse
0x1402cbac0	regexp/syntax.parse.func1
0x1402cbc80	regexp/syntax.(*parser).parseRepeat
0x1402cbe20	regexp/syntax.(*parser).parsePerlFlags
0x1402cc420	regexp/syntax.(*parser).parseInt
0x1402cc520	regexp/syntax.(*parser).parseVerticalBar
0x1402cc580	regexp/syntax.mergeCharClass
0x1402cc860	regexp/syntax.(*parser).swapVerticalBar
0x1402ccac0	regexp/syntax.(*parser).parseRightParen
0x1402ccc80	regexp/syntax.(*parser).parseEscape
0x1402cd0e0	regexp/syntax.(*parser).parseClassChar
0x1402cd1e0	regexp/syntax.(*parser).parsePerlClassEscape
0x1402cd320	regexp/syntax.(*parser).parseNamedClass
0x1402cd540	regexp/syntax.(*parser).appendGroup
0x1402cd6c0	regexp/syntax.initCategoryAliases
0x1402cd800	regexp/syntax.canonicalName
0x1402cda20	regexp/syntax.unicodeTable
0x1402cdce0	regexp/syntax.(*parser).parseUnicodeClass
0x1402ce200	regexp/syntax.(*parser).parseClass
0x1402ce8c0	regexp/syntax.cleanClass
0x1402cea00	regexp/syntax.appendLiteral
0x1402cea80	regexp/syntax.appendRange
0x1402ceba0	regexp/syntax.appendFoldedRange
0x1402ced20	regexp/syntax.appendClass
0x1402cede0	regexp/syntax.appendFoldedClass
0x1402ceea0	regexp/syntax.appendNegatedClass
0x1402cefa0	regexp/syntax.appendTable
0x1402cf140	regexp/syntax.appendNegatedTable
0x1402cf360	regexp/syntax.negateClass
0x1402cf4a0	regexp/syntax.ranges.Less
0x1402cf540	regexp/syntax.ranges.Len
0x1402cf560	regexp/syntax.ranges.Swap
0x1402cf600	regexp/syntax.checkUTF8
0x1402cf700	regexp/syntax.nextRune
0x1402cf800	regexp/syntax.InstOp.String
0x1402cf840	regexp/syntax.(*Prog).String
0x1402cf8c0	regexp/syntax.(*Prog).Prefix
0x1402cfa80	regexp/syntax.(*Inst).MatchRunePos
0x1402cfc60	regexp/syntax.(*Inst).String
0x1402cfce0	regexp/syntax.dumpProg
0x1402d0260	regexp/syntax.dumpInst
0x1402d1ea0	regexp/syntax.(*Regexp).Equal
0x1402d21c0	regexp/syntax.(*Regexp).MaxCap
0x1402d2260	regexp/syntax.(*Regexp).CapNames
0x1402d2380	regexp/syntax.(*Regexp).capNames
0x1402d2520	regexp/syntax.(*Regexp).Simplify
0x1402d31c0	type:.eq.regexp/syntax.Error
0x1402d3240	regexp/syntax.(*InstOp).String
0x1402d32a0	regexp/syntax.(*ErrorCode).String
0x1402d32e0	regexp/syntax.(*ranges).Len
0x1402d3320	regexp/syntax.(*ranges).Less
0x1402d3400	regexp/syntax.(*ranges).Swap
0x1402d34c0	regexp.freeBitState
0x1402d35a0	regexp.(*bitState).reset
0x1402d3860	regexp.(*Regexp).tryBacktrack
0x1402d4460	regexp.(*Regexp).backtrack
0x1402d48a0	regexp.lazyFlag.match
0x1402d4980	regexp.(*machine).match
0x1402d4fa0	regexp.(*machine).step
0x1402d56e0	regexp.(*machine).add
0x1402d5c20	regexp.freeOnePassMachine
0x1402d5d00	regexp.(*Regexp).doOnePass
0x1402d65e0	regexp.(*Regexp).doExecute
0x1402d6a60	regexp.onePassPrefix
0x1402d6c60	regexp.onePassNext
0x1402d6ce0	regexp.mergeRuneSets
0x1402d7740	regexp.mergeRuneSets.func1
0x1402d77a0	regexp.onePassCopy
0x1402d7c20	regexp.makeOnePass
0x1402d8140	regexp.makeOnePass.func1
0x1402d9640	regexp.compileOnePass
0x1402d9a60	regexp.(*Regexp).String
0x1402d9a80	regexp.compile
0x1402d9e40	regexp.(*Regexp).get
0x1402da1c0	regexp.(*Regexp).put
0x1402da300	regexp.minInputLen
0x1402da5c0	regexp.MustCompile
0x1402da6a0	regexp.quote
0x1402da7a0	regexp.(*inputString).step
0x1402da840	regexp.(*inputString).canCheckPrefix
0x1402da860	regexp.(*inputString).hasPrefix
0x1402da8c0	regexp.(*inputString).index
0x1402da940	regexp.(*inputString).context
0x1402daa20	regexp.(*inputBytes).step
0x1402daac0	regexp.(*inputBytes).canCheckPrefix
0x1402daae0	regexp.(*inputBytes).hasPrefix
0x1402dab40	regexp.(*inputBytes).index
0x1402dabe0	regexp.(*inputBytes).context
0x1402dacc0	regexp.(*inputReader).step
0x1402dad60	regexp.(*inputReader).canCheckPrefix
0x1402dad80	regexp.(*inputReader).hasPrefix
0x1402dada0	regexp.(*inputReader).index
0x1402dadc0	regexp.(*inputReader).context
0x1402dade0	regexp.(*Regexp).ReplaceAllStringFunc
0x1402dae80	regexp.(*Regexp).ReplaceAllStringFunc.func1
0x1402db020	regexp.(*Regexp).replaceAll
0x1402db7a0	regexp.init.0
0x1402db800	regexp.(*Regexp).MarshalText
0x1402db8a0	regexp.(*Regexp).UnmarshalText
0x1402db980	slices.pdqsortOrdered[go.shape.int32]
0x1402dbdc0	slices.partitionOrdered[go.shape.int32]
0x1402dbfa0	slices.partitionEqualOrdered[go.shape.int32]
0x1402dc0a0	slices.partialInsertionSortOrdered[go.shape.int32]
0x1402dc240	slices.choosePivotOrdered[go.shape.int32]
0x1402dc480	slices.medianOrdered[go.shape.int32]
0x1402dc560	slices.breakPatternsOrdered[go.shape.int32]
0x1402dc640	slices.heapSortOrdered[go.shape.int32]
0x1402dc7c0	slices.siftDownOrdered[go.shape.int32]
0x1402dc8a0	slices.insertionSortOrdered[go.shape.int32]
0x1402dc920	type:.eq.regexp.entry
0x1402dc940	type:.eq.regexp.inputReader
0x1402dc9c0	type:.eq.regexp.job
0x1402dc9e0	regexp.(*onePassInst).String
0x1402dca80	github.com/HON-HCE/tridium-ncs-rsm-agent/internal/rsmclient.init
0x1402dcc60	github.com/HON-HCE/tridium-ncs-rsm-agent/internal/rsmclient.(*DeviceAPIService).DownloadPartExecute
0x1402ddee0	github.com/HON-HCE/tridium-ncs-rsm-agent/internal/rsmclient.(*DeviceAPIService).SyncManifestExecute
0x1402deca0	github.com/HON-HCE/tridium-ncs-rsm-agent/internal/rsmclient.selectHeaderContentType
0x1402ded80	github.com/HON-HCE/tridium-ncs-rsm-agent/internal/rsmclient.selectHeaderAccept
0x1402dee60	github.com/HON-HCE/tridium-ncs-rsm-agent/internal/rsmclient.parameterValueToString
0x1402df0c0	github.com/HON-HCE/tridium-ncs-rsm-agent/internal/rsmclient.(*APIClient).callAPI
0x1402df320	github.com/HON-HCE/tridium-ncs-rsm-agent/internal/rsmclient.(*APIClient).callAPI.Printf.func2
0x1402df380	github.com/HON-HCE/tridium-ncs-rsm-agent/internal/rsmclient.(*APIClient).callAPI.Printf.func1
0x1402df3e0	github.com/HON-HCE/tridium-ncs-rsm-agent/internal/rsmclient.(*APIClient).prepareRequest
0x1402e0680	github.com/HON-HCE/tridium-ncs-rsm-agent/internal/rsmclient.(*APIClient).decode
0x1402e0b20	github.com/HON-HCE/tridium-ncs-rsm-agent/internal/rsmclient.addFile
0x1402e0ce0	github.com/HON-HCE/tridium-ncs-rsm-agent/internal/rsmclient.addFile.deferwrap1
0x1402e0d40	github.com/HON-HCE/tridium-ncs-rsm-agent/internal/rsmclient.setBody
0x1402e1120	github.com/HON-HCE/tridium-ncs-rsm-agent/internal/rsmclient.detectContentType
0x1402e1220	github.com/HON-HCE/tridium-ncs-rsm-agent/internal/rsmclient.GenericOpenAPIError.Error
0x1402e1260	github.com/HON-HCE/tridium-ncs-rsm-agent/internal/rsmclient.formatErrorMessage
0x1402e1540	github.com/HON-HCE/tridium-ncs-rsm-agent/internal/rsmclient.contextKey.String
0x1402e15a0	github.com/HON-HCE/tridium-ncs-rsm-agent/internal/rsmclient.ServerConfigurations.URL
0x1402e1ae0	github.com/HON-HCE/tridium-ncs-rsm-agent/internal/rsmclient.getServerIndex
0x1402e1bc0	github.com/HON-HCE/tridium-ncs-rsm-agent/internal/rsmclient.getServerOperationIndex
0x1402e1ce0	github.com/HON-HCE/tridium-ncs-rsm-agent/internal/rsmclient.getServerVariables
0x1402e1dc0	github.com/HON-HCE/tridium-ncs-rsm-agent/internal/rsmclient.getServerOperationVariables
0x1402e1ee0	github.com/HON-HCE/tridium-ncs-rsm-agent/internal/rsmclient.(*Configuration).ServerURLWithContext
0x1402e2040	github.com/HON-HCE/tridium-ncs-rsm-agent/internal/rsmclient.ErrorResponse.MarshalJSON
0x1402e2140	github.com/HON-HCE/tridium-ncs-rsm-agent/internal/rsmclient.ErrorResponse.ToMap
0x1402e2500	github.com/HON-HCE/tridium-ncs-rsm-agent/internal/rsmclient.Manifest.MarshalJSON
0x1402e2660	github.com/HON-HCE/tridium-ncs-rsm-agent/internal/rsmclient.Manifest.ToMap
0x1402e2780	github.com/HON-HCE/tridium-ncs-rsm-agent/internal/rsmclient.(*Manifest).UnmarshalJSON
0x1402e2aa0	github.com/HON-HCE/tridium-ncs-rsm-agent/internal/rsmclient.ManifestCloud.MarshalJSON
0x1402e2ca0	github.com/HON-HCE/tridium-ncs-rsm-agent/internal/rsmclient.ManifestCloud.ToMap
0x1402e2e80	github.com/HON-HCE/tridium-ncs-rsm-agent/internal/rsmclient.(*ManifestCloud).UnmarshalJSON
0x1402e31e0	github.com/HON-HCE/tridium-ncs-rsm-agent/internal/rsmclient.ManifestDevice.MarshalJSON
0x1402e3340	github.com/HON-HCE/tridium-ncs-rsm-agent/internal/rsmclient.ManifestDevice.ToMap
0x1402e3480	github.com/HON-HCE/tridium-ncs-rsm-agent/internal/rsmclient.(*ManifestDevice).UnmarshalJSON
0x1402e3780	github.com/HON-HCE/tridium-ncs-rsm-agent/internal/rsmclient.ManifestPart.MarshalJSON
0x1402e3aa0	github.com/HON-HCE/tridium-ncs-rsm-agent/internal/rsmclient.ManifestPart.ToMap
0x1402e3d40	github.com/HON-HCE/tridium-ncs-rsm-agent/internal/rsmclient.(*ManifestPart).UnmarshalJSON
0x1402e40e0	github.com/HON-HCE/tridium-ncs-rsm-agent/internal/rsmclient.(*PartType).UnmarshalJSON
0x1402e42a0	github.com/HON-HCE/tridium-ncs-rsm-agent/internal/rsmclient.IsNil
0x1402e4480	github.com/HON-HCE/tridium-ncs-rsm-agent/internal/rsmclient.(*APIClient).prepareRequest.func1
0x1402e4560	github.com/HON-HCE/tridium-ncs-rsm-agent/internal/rsmclient.(*contextKey).String
0x1402e45e0	github.com/HON-HCE/tridium-ncs-rsm-agent/internal/rsmclient.(*ErrorResponse).MarshalJSON
0x1402e46a0	github.com/HON-HCE/tridium-ncs-rsm-agent/internal/rsmclient.(*ErrorResponse).ToMap
0x1402e4760	github.com/HON-HCE/tridium-ncs-rsm-agent/internal/rsmclient.(*ManifestPart).MarshalJSON
0x1402e4840	github.com/HON-HCE/tridium-ncs-rsm-agent/internal/rsmclient.(*ManifestPart).ToMap
0x1402e4b80	github.com/HON-HCE/tridium-ncs-rsm-agent/internal/rsmclient.(*ManifestDevice).MarshalJSON
0x1402e4be0	github.com/HON-HCE/tridium-ncs-rsm-agent/internal/rsmclient.(*ManifestDevice).ToMap
0x1402e4d40	github.com/HON-HCE/tridium-ncs-rsm-agent/internal/rsmclient.(*ManifestCloud).MarshalJSON
0x1402e4e00	github.com/HON-HCE/tridium-ncs-rsm-agent/internal/rsmclient.(*ManifestCloud).ToMap
0x1402e5060	github.com/HON-HCE/tridium-ncs-rsm-agent/internal/rsmclient.(*Manifest).MarshalJSON
0x1402e5120	github.com/HON-HCE/tridium-ncs-rsm-agent/internal/rsmclient.(*Manifest).ToMap
0x1402e52c0	github.com/HON-HCE/tridium-ncs-rsm-agent/internal/rsmclient.(*GenericOpenAPIError).Error
0x1402e5320	type:.eq.github.com/HON-HCE/tridium-ncs-rsm-agent/internal/rsmclient.ManifestPart
0x1402e5460	type:.eq.github.com/HON-HCE/tridium-ncs-rsm-agent/internal/rsmclient._ManifestPart
0x1402e55a0	type:.eq.github.com/HON-HCE/tridium-ncs-rsm-agent/internal/rsmclient.ApiDownloadPartRequest
0x1402e5720	type:.eq.github.com/HON-HCE/tridium-ncs-rsm-agent/internal/rsmclient.APIKey
0x1402e57a0	github.com/HON-HCE/tridium-uc-shared/go-packages/ncs/conf.(*ServerInfoStruct).Read
0x1402e5a40	github.com/HON-HCE/tridium-uc-shared/go-packages/ncs/conf.(*ServerInfoStruct).Write
0x1402e5b60	type:.eq.github.com/HON-HCE/tridium-uc-shared/go-packages/ncs/conf.ServerInfoStruct
0x1402e5c00	github.com/HON-HCE/tridium-uc-shared/go-packages/propserializer.(*Properties).Unmarshal
0x1402e7260	github.com/HON-HCE/tridium-uc-shared/go-packages/propserializer.(*Properties).Unmarshal.Println.func6
0x1402e72c0	github.com/HON-HCE/tridium-uc-shared/go-packages/propserializer.(*Properties).Unmarshal.Println.func5
0x1402e7320	github.com/HON-HCE/tridium-uc-shared/go-packages/propserializer.(*Properties).Unmarshal.Println.func4
0x1402e7380	github.com/HON-HCE/tridium-uc-shared/go-packages/propserializer.(*Properties).Unmarshal.Println.func3
0x1402e73e0	github.com/HON-HCE/tridium-uc-shared/go-packages/propserializer.(*Properties).Unmarshal.Println.func2
0x1402e7440	github.com/HON-HCE/tridium-uc-shared/go-packages/propserializer.(*Properties).Unmarshal.Println.func1
0x1402e74a0	github.com/HON-HCE/tridium-ncs-rsm-agent/internal/platform.JREInfo
0x1402e76a0	github.com/HON-HCE/tridium-ncs-rsm-agent/internal/platform.NREInfo
0x1402e77a0	github.com/HON-HCE/tridium-ncs-rsm-agent/internal/platform.BrandId
0x1402e79e0	github.com/HON-HCE/tridium-ncs-rsm-agent/internal/platform.SnapList
0x1402e7ce0	github.com/HON-HCE/tridium-ncs-rsm-agent/internal/platform.SnapList.Println.func2
0x1402e7d40	github.com/HON-HCE/tridium-ncs-rsm-agent/internal/platform.SnapList.Println.func1
0x1402e7da0	github.com/HON-HCE/tridium-ncs-rsm-agent/internal/platform.ReadVersion
0x1402e81e0	github.com/HON-HCE/tridium-ncs-rsm-agent/internal/platform.ReadVersion.Println.func4
0x1402e8240	github.com/HON-HCE/tridium-ncs-rsm-agent/internal/platform.ReadVersion.Println.func3
0x1402e82a0	github.com/HON-HCE/tridium-ncs-rsm-agent/internal/platform.ReadVersion.Println.func2
0x1402e8300	github.com/HON-HCE/tridium-ncs-rsm-agent/internal/platform.ReadVersion.Println.func1
0x1402e8360	github.com/HON-HCE/tridium-ncs-rsm-agent/internal/platform.WriteVersion
0x1402e8660	github.com/HON-HCE/tridium-ncs-rsm-agent/internal/platform.WriteVersion.Println.func2
0x1402e86c0	github.com/HON-HCE/tridium-ncs-rsm-agent/internal/platform.WriteVersion.Println.func1
0x1402e8720	type:.eq.github.com/HON-HCE/tridium-ncs-rsm-agent/internal/platform.JREInfoStruct
0x1402e8820	type:.eq.github.com/HON-HCE/tridium-ncs-rsm-agent/internal/platform.NREInfoStruct
0x1402e88e0	type:.eq.github.com/HON-HCE/tridium-ncs-rsm-agent/internal/platform.PartElem
0x1402e8a40	golang.org/x/sys/windows.init
0x1402edd80	golang.org/x/sys/windows.(*DLLError).Error
0x1402edda0	golang.org/x/sys/windows.(*DLLError).Unwrap
0x1402eddc0	golang.org/x/sys/windows.LoadDLL
0x1402edf80	golang.org/x/sys/windows.(*DLL).FindProc
0x1402ee240	golang.org/x/sys/windows.(*Proc).Call
0x1402ee2c0	golang.org/x/sys/windows.(*LazyDLL).Load
0x1402ee460	golang.org/x/sys/windows.(*LazyDLL).Load.deferwrap1
0x1402ee4c0	golang.org/x/sys/windows.(*LazyProc).Find
0x1402ee640	golang.org/x/sys/windows.(*LazyProc).Find.deferwrap1
0x1402ee6a0	golang.org/x/sys/windows.(*LazyProc).Call
0x1402ee740	golang.org/x/sys/windows.initCanDoSearchSystem32
0x1402ee7c0	golang.org/x/sys/windows.loadLibraryEx
0x1402ee960	golang.org/x/sys/windows.GetSystemDirectory
0x1402eea40	golang.org/x/sys/windows.ByteSliceFromString
0x1402eeb00	golang.org/x/sys/windows.UTF16PtrFromString
0x1402eeb80	golang.org/x/sys/windows.getStdHandle
0x1402eebc0	golang.org/x/sys/windows.GetStdHandle
0x1402eecc0	golang.org/x/sys/windows.getSystemDirectory
0x1402eedc0	golang.org/x/sys/windows.LoadLibraryEx
0x1402eee60	golang.org/x/sys/windows._LoadLibraryEx
0x1402eef80	golang.org/x/sys/windows.LocalFree
0x1402ef080	golang.org/x/sys/windows.LockFileEx
0x1402ef200	golang.org/x/sys/windows.UnlockFileEx
0x1402ef360	type:.eq.golang.org/x/sys/windows.DLLError
0x1402ef420	type:.eq.golang.org/x/sys/windows.DLL
0x1402ef480	type:.eq.golang.org/x/sys/windows.Proc
0x1402ef500	type:.eq.golang.org/x/sys/windows.LazyDLL
0x1402ef580	type:.eq.golang.org/x/sys/windows.LazyProc
0x1402ef600	github.com/HON-HCE/tridium-ncs-rsm-agent/internal/keystore/flock.LockFile
0x1402ef6a0	github.com/HON-HCE/tridium-ncs-rsm-agent/internal/keystore/flock.UnlockFile
0x1402ef7e0	github.com/HON-HCE/tridium-ncs-rsm-agent/internal/keystore/dpapi.init
0x1402ef820	github.com/HON-HCE/tridium-ncs-rsm-agent/internal/keystore/dpapi.Decrypt
0x1402efc40	github.com/HON-HCE/tridium-ncs-rsm-agent/internal/keystore/dpapi.Decrypt.func1
0x1402efc80	type:.eq.github.com/HON-HCE/tridium-ncs-rsm-agent/internal/keystore/dpapi.dataBlob
0x1402efca0	golang.org/x/crypto/pbkdf2.Key
0x1402efdc0	crypto/pbkdf2.Key[go.shape.interface { BlockSize() int; Reset(); Size() int; Sum([]uint8) []uint8; Write([]uint8) (int, error) }]
0x1402f0000	crypto/pbkdf2.Key[go.shape.interface { BlockSize() int; Reset(); Size() int; Sum([]uint8) []uint8; Write([]uint8) (int, error) }].UnwrapNew[go.shape.interface { BlockSize() int; Reset(); Size() int; Sum([]uint8) []uint8; Write([]uint8) (int, error) }].func1
0x1402f00a0	software.sslmate.com/src/go-pkcs12/internal/rc2.(*rc2Cipher).BlockSize
0x1402f00c0	software.sslmate.com/src/go-pkcs12/internal/rc2.expandKey
0x1402f0400	software.sslmate.com/src/go-pkcs12/internal/rc2.(*rc2Cipher).Encrypt
0x1402f0820	software.sslmate.com/src/go-pkcs12/internal/rc2.(*rc2Cipher).Decrypt
0x1402f0d20	software.sslmate.com/src/go-pkcs12.init
0x1402f1220	software.sslmate.com/src/go-pkcs12.bmpString
0x1402f1400	software.sslmate.com/src/go-pkcs12.decodeBMPString
0x1402f16c0	software.sslmate.com/src/go-pkcs12.shaWithTripleDESCBC.create
0x1402f1720	software.sslmate.com/src/go-pkcs12.shaWithTripleDESCBC.deriveKey
0x1402f17e0	software.sslmate.com/src/go-pkcs12.shaWithTripleDESCBC.deriveIV
0x1402f18a0	software.sslmate.com/src/go-pkcs12.shaWith128BitRC2CBC.create
0x1402f1960	software.sslmate.com/src/go-pkcs12.shaWith128BitRC2CBC.deriveKey
0x1402f1a20	software.sslmate.com/src/go-pkcs12.shaWith128BitRC2CBC.deriveIV
0x1402f1ae0	software.sslmate.com/src/go-pkcs12.shaWith40BitRC2CBC.create
0x1402f1ba0	software.sslmate.com/src/go-pkcs12.shaWith40BitRC2CBC.deriveKey
0x1402f1c60	software.sslmate.com/src/go-pkcs12.shaWith40BitRC2CBC.deriveIV
0x1402f1d20	software.sslmate.com/src/go-pkcs12.pbeCipherFor
0x1402f20e0	software.sslmate.com/src/go-pkcs12.pbDecrypterFor
0x1402f21e0	software.sslmate.com/src/go-pkcs12.pbDecrypt
0x1402f2580	software.sslmate.com/src/go-pkcs12.pbes2CipherFor
0x1402f2a00	software.sslmate.com/src/go-pkcs12.pbEncrypterFor
0x1402f2b00	software.sslmate.com/src/go-pkcs12.pbEncrypt
0x1402f2da0	software.sslmate.com/src/go-pkcs12.makePBES2Parameters
0x1402f30c0	software.sslmate.com/src/go-pkcs12.NotImplementedError.Error
0x1402f3120	software.sslmate.com/src/go-pkcs12.makePBMAC1Parameters
0x1402f3340	software.sslmate.com/src/go-pkcs12.doPBMAC1
0x1402f38c0	software.sslmate.com/src/go-pkcs12.doMac
0x1402f3cc0	software.sslmate.com/src/go-pkcs12.verifyMac
0x1402f3dc0	software.sslmate.com/src/go-pkcs12.computeMac
0x1402f3e80	software.sslmate.com/src/go-pkcs12.sha1Sum
0x1402f3f20	software.sslmate.com/src/go-pkcs12.sha256Sum
0x1402f3fc0	software.sslmate.com/src/go-pkcs12.sha512Sum
0x1402f4080	software.sslmate.com/src/go-pkcs12.fillWithRepeats
0x1402f4160	software.sslmate.com/src/go-pkcs12.pbkdf
0x1402f4b40	software.sslmate.com/src/go-pkcs12.encryptedContentInfo.Algorithm
0x1402f4ba0	software.sslmate.com/src/go-pkcs12.encryptedContentInfo.Data
0x1402f4bc0	software.sslmate.com/src/go-pkcs12.(*encryptedContentInfo).SetData
0x1402f4c40	software.sslmate.com/src/go-pkcs12.encryptedPrivateKeyInfo.Algorithm
0x1402f4ca0	software.sslmate.com/src/go-pkcs12.encryptedPrivateKeyInfo.Data
0x1402f4cc0	software.sslmate.com/src/go-pkcs12.(*encryptedPrivateKeyInfo).SetData
0x1402f4d40	software.sslmate.com/src/go-pkcs12.unmarshal
0x1402f4e00	software.sslmate.com/src/go-pkcs12.DecodeChain
0x1402f55c0	software.sslmate.com/src/go-pkcs12.DecodeTrustStore
0x1402f5a80	software.sslmate.com/src/go-pkcs12.getSafeContents
0x1402f6500	software.sslmate.com/src/go-pkcs12.(*Encoder).Encode
0x1402f73e0	software.sslmate.com/src/go-pkcs12.(*Encoder).EncodeTrustStore
0x1402f76c0	software.sslmate.com/src/go-pkcs12.(*Encoder).EncodeTrustStoreEntries
0x1402f8260	software.sslmate.com/src/go-pkcs12.makeCertBag
0x1402f83e0	software.sslmate.com/src/go-pkcs12.makeSafeContents
0x1402f8960	software.sslmate.com/src/go-pkcs12.decodePkcs8ShroudedKeyBag
0x1402f8cc0	software.sslmate.com/src/go-pkcs12.encodePkcs8ShroudedKeyBag
0x1402f9320	software.sslmate.com/src/go-pkcs12.decodeCertBag
0x1402f94a0	software.sslmate.com/src/go-pkcs12.encodeCertBag
0x1402f95e0	software.sslmate.com/src/go-pkcs12.(*shaWithTripleDESCBC).create
0x1402f9660	software.sslmate.com/src/go-pkcs12.(*shaWithTripleDESCBC).deriveIV
0x1402f9760	software.sslmate.com/src/go-pkcs12.(*shaWithTripleDESCBC).deriveKey
0x1402f9860	software.sslmate.com/src/go-pkcs12.(*shaWith128BitRC2CBC).create
0x1402f98e0	software.sslmate.com/src/go-pkcs12.(*shaWith128BitRC2CBC).deriveIV
0x1402f99e0	software.sslmate.com/src/go-pkcs12.(*shaWith128BitRC2CBC).deriveKey
0x1402f9ae0	software.sslmate.com/src/go-pkcs12.(*shaWith40BitRC2CBC).create
0x1402f9b60	software.sslmate.com/src/go-pkcs12.(*shaWith40BitRC2CBC).deriveIV
0x1402f9c60	software.sslmate.com/src/go-pkcs12.(*shaWith40BitRC2CBC).deriveKey
0x1402f9d60	software.sslmate.com/src/go-pkcs12.(*NotImplementedError).Error
0x1402f9de0	software.sslmate.com/src/go-pkcs12.(*encryptedContentInfo).Algorithm
0x1402f9ee0	software.sslmate.com/src/go-pkcs12.(*encryptedContentInfo).Data
0x1402f9f80	software.sslmate.com/src/go-pkcs12.(*encryptedPrivateKeyInfo).Algorithm
0x1402fa080	software.sslmate.com/src/go-pkcs12.(*encryptedPrivateKeyInfo).Data
0x1402fa120	type:.eq.software.sslmate.com/src/go-pkcs12.TrustStoreEntry
0x1402fa180	github.com/HON-HCE/tridium-ncs-rsm-agent/internal/keystore.KeyMaterial
0x1402fa400	github.com/HON-HCE/tridium-ncs-rsm-agent/internal/keystore.KeyMaterial.deferwrap2
0x1402fa460	github.com/HON-HCE/tridium-ncs-rsm-agent/internal/keystore.KeyMaterial.deferwrap1
0x1402fa4c0	github.com/HON-HCE/tridium-ncs-rsm-agent/internal/keystore.keyMaterialBytes
0x1402fa5e0	github.com/HON-HCE/tridium-ncs-rsm-agent/internal/keystore.ReadKeyring
0x1402fac60	github.com/HON-HCE/tridium-ncs-rsm-agent/internal/keystore.ReadKeyring.deferwrap2
0x1402facc0	github.com/HON-HCE/tridium-ncs-rsm-agent/internal/keystore.ReadKeyring.deferwrap1
0x1402fad20	github.com/HON-HCE/tridium-ncs-rsm-agent/internal/keystore.decryptKeyring
0x1402fb820	github.com/HON-HCE/tridium-ncs-rsm-agent/internal/keystore.readKeyRingEntry
0x1402fc220	github.com/HON-HCE/tridium-ncs-rsm-agent/internal/keystore.decryptAESGCM
0x1402fc380	github.com/HON-HCE/tridium-ncs-rsm-agent/internal/keystore.deserialize
0x1402fc800	github.com/HON-HCE/tridium-ncs-rsm-agent/internal/keystore.(*reader).readBytes
0x1402fc920	github.com/HON-HCE/tridium-ncs-rsm-agent/internal/keystore.(*reader).readUTF
0x1402fce40	github.com/HON-HCE/tridium-ncs-rsm-agent/internal/keystore.SaveIdentity
0x1402fd140	github.com/HON-HCE/tridium-ncs-rsm-agent/internal/keystore.SaveTrustStore
0x1402fd380	github.com/HON-HCE/tridium-ncs-rsm-agent/internal/keystore.LoadIdentity
0x1402fd840	github.com/HON-HCE/tridium-ncs-rsm-agent/internal/keystore.LoadTrustStoreCertificates
0x1402fda60	github.com/HON-HCE/tridium-ncs-rsm-agent/internal/keystore.ParseCertificatesPEM
0x1402fdcc0	github.com/HON-HCE/tridium-ncs-rsm-agent/internal/keystore.writeFileAtomic
0x1402fe140	github.com/HON-HCE/tridium-ncs-rsm-agent/internal/keystore.fileBackup
0x1402fe260	github.com/HON-HCE/tridium-ncs-rsm-agent/internal/keystore.restoreFileBackup
0x1402fe320	github.com/HON-HCE/tridium-ncs-rsm-agent/internal/keystore.fileValidate
0x1402fe7c0	github.com/HON-HCE/tridium-ncs-rsm-agent/internal/keystore.fileValidate.deferwrap1
0x1402fe820	github.com/HON-HCE/tridium-ncs-rsm-agent/internal/keystore.fileCopy
0x1402feb40	github.com/HON-HCE/tridium-ncs-rsm-agent/internal/keystore.fileCopy.deferwrap2
0x1402feba0	github.com/HON-HCE/tridium-ncs-rsm-agent/internal/keystore.fileCopy.deferwrap1
0x1402fec00	github.com/HON-HCE/tridium-ncs-rsm-agent/internal/keystore.KMPath
0x1402feca0	github.com/HON-HCE/tridium-ncs-rsm-agent/internal/keystore.KRPath
0x1402fed40	github.com/HON-HCE/tridium-ncs-rsm-agent/internal/ncsauth.FileExists
0x1402feda0	github.com/HON-HCE/tridium-ncs-rsm-agent/internal/ncsauth.InitRegistration
0x1402ff120	github.com/HON-HCE/tridium-ncs-rsm-agent/internal/ncsauth.CheckRegistration
0x1402ff360	github.com/HON-HCE/tridium-ncs-rsm-agent/internal/ncsauth.certSigningRequest
0x1402ff540	github.com/HON-HCE/tridium-ncs-rsm-agent/internal/ncsauth.createCertificateSigningRequest
0x1402ff7e0	github.com/HON-HCE/tridium-ncs-rsm-agent/internal/ncsauth.LoadTLSIdentity
0x1402ffb60	github.com/HON-HCE/tridium-ncs-rsm-agent/internal/ncsauth.DeleteCerts
0x1402ffdc0	github.com/HON-HCE/tridium-ncs-rsm-agent/internal/ncsauth.NeedsCertRenewal
0x1402fff40	github.com/HON-HCE/tridium-ncs-rsm-agent/internal/ncsauth.saveTLSIdentity
0x140300120	github.com/HON-HCE/tridium-ncs-rsm-agent/internal/ncsauth.BootstrapCert
0x140300900	github.com/HON-HCE/tridium-ncs-rsm-agent/internal/ncsauth.RollingCert
0x1403015c0	github.com/HON-HCE/tridium-ncs-rsm-agent/internal/ncsauth.DoPost
0x140301920	github.com/HON-HCE/tridium-ncs-rsm-agent/internal/ncsauth.doJSONPost[go.shape.struct { Message string "json:\"message\""; Response []string "json:\"response\"" }]
0x140302660	github.com/HON-HCE/tridium-ncs-rsm-agent/internal/ncsauth.doJSONPost[go.shape.struct { Message string "json:\"message\""; Response []string "json:\"response\"" }].deferwrap1
0x1403026c0	github.com/HON-HCE/tridium-ncs-rsm-agent/internal/ncsauth.doJSONPost[go.shape.struct { DeviceUUID string "json:\"deviceUuid\"" }]
0x140303400	github.com/HON-HCE/tridium-ncs-rsm-agent/internal/ncsauth.doJSONPost[go.shape.struct { DeviceUUID string "json:\"deviceUuid\"" }].deferwrap1
0x140303460	github.com/HON-HCE/tridium-ncs-rsm-agent/internal/ncsauth.doJSONPost[go.shape.struct { DeviceCode string "json:\"deviceCode\""; UserCode string "json:\"userCode\""; RegistrationUrl string "json:\"registrationUrl\""; DirectRegistrationUrl string "json:\"directRegistrationUrl\""; ExpiryTimeInSeconds int32 "json:\"expirationTimeInSeconds\"" }]
0x1403041a0	github.com/HON-HCE/tridium-ncs-rsm-agent/internal/ncsauth.doJSONPost[go.shape.struct { DeviceCode string "json:\"deviceCode\""; UserCode string "json:\"userCode\""; RegistrationUrl string "json:\"registrationUrl\""; DirectRegistrationUrl string "json:\"directRegistrationUrl\""; ExpiryTimeInSeconds int32 "json:\"expirationTimeInSeconds\"" }].deferwrap1
0x140304200	type:.eq.github.com/HON-HCE/tridium-ncs-rsm-agent/internal/ncsauth.RegRespStruct
0x140304300	type:.eq.github.com/HON-HCE/tridium-ncs-rsm-agent/internal/ncsauth.regReqStruct
0x1403043a0	type:.eq.go.shape.struct { DeviceCode string "json:\"deviceCode\""; UserCode string "json:\"userCode\""; RegistrationUrl string "json:\"registrationUrl\""; DirectRegistrationUrl string "json:\"directRegistrationUrl\""; ExpiryTimeInSeconds int32 "json:\"expirationTimeInSeconds\"" }
0x1403044a0	hash/adler32.(*digest).Reset
0x1403044c0	hash/adler32.(*digest).Size
0x1403044e0	hash/adler32.(*digest).BlockSize
0x140304500	hash/adler32.(*digest).MarshalBinary
0x140304560	hash/adler32.(*digest).UnmarshalBinary
0x140304640	hash/adler32.update
0x140304740	hash/adler32.(*digest).Write
0x1403047c0	hash/adler32.(*digest).Sum32
0x1403047e0	hash/adler32.(*digest).Sum
0x140304880	compress/zlib.NewReaderDict
0x140304940	compress/zlib.(*reader).Read
0x140304c20	compress/zlib.(*reader).Close
0x140304ce0	compress/zlib.(*reader).Reset
0x140305700	compress/zlib.NewWriterLevelDict
0x140305860	compress/zlib.(*Writer).Reset
0x140305940	compress/zlib.(*Writer).writeHeader
0x140305b60	compress/zlib.(*Writer).Write
0x140305cc0	compress/zlib.(*Writer).Close
0x140305e00	type:.eq.compress/zlib.reader
0x140305f00	flag.init.func1
0x140305fe0	flag.sortFlags
0x140306140	flag.(*FlagSet).VisitAll
0x1403061c0	flag.isZeroValue
0x1403063c0	flag.isZeroValue.func1
0x140306540	flag.UnquoteUsage
0x1403067c0	flag.(*FlagSet).PrintDefaults
0x140306940	flag.(*FlagSet).PrintDefaults.func1
0x1403071a0	flag.(*FlagSet).defaultUsage
0x1403072a0	flag.init.0
0x140307440	flag.commandLineUsage
0x140307460	flag.sortFlags.func1
0x1403074c0	flag.(*FlagSet).defaultUsage-fm
0x140307520	type:.eq.flag.Flag
0x140307620	internal/sysinfo.init
0x140307700	internal/sysinfo.init.OnceValue[go.shape.string].func2
0x140307780	internal/sysinfo.init.OnceValue[go.shape.string].func2.1
0x140307840	internal/sysinfo.init.OnceValue[go.shape.string].func2.1.1
0x1403078c0	internal/sysinfo.init.func1
0x140307900	testing.init
0x140307cc0	github.com/apache/thrift/lib/go/thrift.init
0x140307fa0	github.com/apache/thrift/lib/go/thrift.init.newPool[go.shape.struct { bytes.buf []uint8; bytes.off int; bytes.lastRead bytes.readOp }].func6
0x140307fe0	github.com/apache/thrift/lib/go/thrift.init.newPool[go.shape.struct { bytes.buf []uint8; bytes.off int; bytes.lastRead bytes.readOp }].func5
0x140308020	github.com/apache/thrift/lib/go/thrift.init.newPool[go.shape.struct { compress/zlib.w io.Writer; compress/zlib.level int; compress/zlib.dict []uint8; compress/zlib.compressor *compress/flate.Writer; compress/zlib.digest hash.Hash32; compress/zlib.err error; compress/zlib.scratch [4]uint8; compress/zlib.wroteHeader bool }].func4
0x140308060	github.com/apache/thrift/lib/go/thrift.init.func1
0x1403080a0	github.com/apache/thrift/lib/go/thrift.init.func2
0x1403080c0	github.com/apache/thrift/lib/go/thrift.map.init.0
0x140308420	github.com/apache/thrift/lib/go/thrift.map.init.1
0x140308800	github.com/apache/thrift/lib/go/thrift.tApplicationException.TExceptionType
0x140308820	github.com/apache/thrift/lib/go/thrift.tApplicationException.Error
0x1403088c0	github.com/apache/thrift/lib/go/thrift.tApplicationException.Unwrap
0x140308900	github.com/apache/thrift/lib/go/thrift.(*tApplicationException).TypeId
0x140308920	github.com/apache/thrift/lib/go/thrift.(*tApplicationException).Write
0x140308c20	github.com/apache/thrift/lib/go/thrift.NewTBinaryProtocolConf
0x140308e80	github.com/apache/thrift/lib/go/thrift.(*TBinaryProtocolFactory).GetProtocol
0x140308ee0	github.com/apache/thrift/lib/go/thrift.(*TBinaryProtocolFactory).SetTConfiguration
0x140308f40	github.com/apache/thrift/lib/go/thrift.(*TBinaryProtocol).WriteMessageBegin
0x1403090a0	github.com/apache/thrift/lib/go/thrift.(*TBinaryProtocol).WriteMessageEnd
0x1403090c0	github.com/apache/thrift/lib/go/thrift.(*TBinaryProtocol).WriteStructBegin
0x1403090e0	github.com/apache/thrift/lib/go/thrift.(*TBinaryProtocol).WriteStructEnd
0x140309100	github.com/apache/thrift/lib/go/thrift.(*TBinaryProtocol).WriteFieldBegin
0x1403091c0	github.com/apache/thrift/lib/go/thrift.(*TBinaryProtocol).WriteFieldEnd
0x1403091e0	github.com/apache/thrift/lib/go/thrift.(*TBinaryProtocol).WriteFieldStop
0x140309240	github.com/apache/thrift/lib/go/thrift.(*TBinaryProtocol).WriteByte
0x140309300	github.com/apache/thrift/lib/go/thrift.(*TBinaryProtocol).WriteI16
0x1403093e0	github.com/apache/thrift/lib/go/thrift.(*TBinaryProtocol).WriteI32
0x1403094c0	github.com/apache/thrift/lib/go/thrift.(*TBinaryProtocol).WriteString
0x1403095e0	github.com/apache/thrift/lib/go/thrift.(*TBinaryProtocol).ReadMessageBegin
0x140309bc0	github.com/apache/thrift/lib/go/thrift.(*TBinaryProtocol).ReadMessageEnd
0x140309be0	github.com/apache/thrift/lib/go/thrift.(*TBinaryProtocol).ReadStructBegin
0x140309c00	github.com/apache/thrift/lib/go/thrift.(*TBinaryProtocol).ReadStructEnd
0x140309c20	github.com/apache/thrift/lib/go/thrift.(*TBinaryProtocol).ReadFieldBegin
0x140309ce0	github.com/apache/thrift/lib/go/thrift.(*TBinaryProtocol).ReadFieldEnd
0x140309d00	github.com/apache/thrift/lib/go/thrift.(*TBinaryProtocol).ReadMapBegin
0x140309f80	github.com/apache/thrift/lib/go/thrift.(*TBinaryProtocol).ReadMapEnd
0x140309fa0	github.com/apache/thrift/lib/go/thrift.(*TBinaryProtocol).ReadListBegin
0x14030a180	github.com/apache/thrift/lib/go/thrift.(*TBinaryProtocol).ReadListEnd
0x14030a1a0	github.com/apache/thrift/lib/go/thrift.(*TBinaryProtocol).ReadSetBegin
0x14030a360	github.com/apache/thrift/lib/go/thrift.(*TBinaryProtocol).ReadSetEnd
0x14030a380	github.com/apache/thrift/lib/go/thrift.(*TBinaryProtocol).ReadBool
0x14030a3e0	github.com/apache/thrift/lib/go/thrift.(*TBinaryProtocol).ReadByte
0x14030a440	github.com/apache/thrift/lib/go/thrift.(*TBinaryProtocol).ReadI16
0x14030a4c0	github.com/apache/thrift/lib/go/thrift.(*TBinaryProtocol).ReadI32
0x14030a540	github.com/apache/thrift/lib/go/thrift.(*TBinaryProtocol).ReadI64
0x14030a5c0	github.com/apache/thrift/lib/go/thrift.(*TBinaryProtocol).ReadDouble
0x14030a640	github.com/apache/thrift/lib/go/thrift.(*TBinaryProtocol).ReadString
0x14030a8a0	github.com/apache/thrift/lib/go/thrift.(*TBinaryProtocol).ReadUUID
0x14030a940	github.com/apache/thrift/lib/go/thrift.(*TBinaryProtocol).Flush
0x14030aa00	github.com/apache/thrift/lib/go/thrift.(*TBinaryProtocol).Skip
0x14030aa80	github.com/apache/thrift/lib/go/thrift.(*TBinaryProtocol).Transport
0x14030aaa0	github.com/apache/thrift/lib/go/thrift.(*TBinaryProtocol).readAll
0x14030acc0	github.com/apache/thrift/lib/go/thrift.(*TBinaryProtocol).readStringBody
0x14030ae20	github.com/apache/thrift/lib/go/thrift.(*TBinaryProtocol).SetTConfiguration
0x14030afe0	github.com/apache/thrift/lib/go/thrift.safeReadBytes
0x14030b0e0	github.com/apache/thrift/lib/go/thrift.init.0
0x14030b300	github.com/apache/thrift/lib/go/thrift.NewTCompactProtocolConf
0x14030b560	github.com/apache/thrift/lib/go/thrift.(*TCompactProtocol).WriteMessageBegin
0x14030b7c0	github.com/apache/thrift/lib/go/thrift.(*TCompactProtocol).WriteMessageEnd
0x14030b7e0	github.com/apache/thrift/lib/go/thrift.(*TCompactProtocol).WriteStructBegin
0x14030b8c0	github.com/apache/thrift/lib/go/thrift.(*TCompactProtocol).WriteStructEnd
0x14030ba40	github.com/apache/thrift/lib/go/thrift.(*TCompactProtocol).WriteFieldBegin
0x14030bb80	github.com/apache/thrift/lib/go/thrift.(*TCompactProtocol).writeFieldBeginInternal
0x14030bd20	github.com/apache/thrift/lib/go/thrift.(*TCompactProtocol).WriteFieldEnd
0x14030bd40	github.com/apache/thrift/lib/go/thrift.(*TCompactProtocol).WriteFieldStop
0x14030be00	github.com/apache/thrift/lib/go/thrift.(*TCompactProtocol).WriteI16
0x14030bee0	github.com/apache/thrift/lib/go/thrift.(*TCompactProtocol).WriteI32
0x14030bfa0	github.com/apache/thrift/lib/go/thrift.(*TCompactProtocol).WriteString
0x14030c0c0	github.com/apache/thrift/lib/go/thrift.(*TCompactProtocol).ReadMessageBegin
0x14030c600	github.com/apache/thrift/lib/go/thrift.(*TCompactProtocol).ReadMessageEnd
0x14030c620	github.com/apache/thrift/lib/go/thrift.(*TCompactProtocol).ReadStructBegin
0x14030c700	github.com/apache/thrift/lib/go/thrift.(*TCompactProtocol).ReadStructEnd
0x14030c880	github.com/apache/thrift/lib/go/thrift.(*TCompactProtocol).ReadFieldBegin
0x14030ca80	github.com/apache/thrift/lib/go/thrift.(*TCompactProtocol).ReadFieldEnd
0x14030caa0	github.com/apache/thrift/lib/go/thrift.(*TCompactProtocol).ReadMapBegin
0x14030cc60	github.com/apache/thrift/lib/go/thrift.(*TCompactProtocol).ReadMapEnd
0x14030cc80	github.com/apache/thrift/lib/go/thrift.(*TCompactProtocol).ReadListBegin
0x14030ce80	github.com/apache/thrift/lib/go/thrift.(*TCompactProtocol).ReadListEnd
0x14030cea0	github.com/apache/thrift/lib/go/thrift.(*TCompactProtocol).ReadSetBegin
0x14030cf00	github.com/apache/thrift/lib/go/thrift.(*TCompactProtocol).ReadSetEnd
0x14030cf20	github.com/apache/thrift/lib/go/thrift.(*TCompactProtocol).ReadBool
0x14030cfa0	github.com/apache/thrift/lib/go/thrift.(*TCompactProtocol).ReadByte
0x14030d080	github.com/apache/thrift/lib/go/thrift.(*TCompactProtocol).ReadI16
0x14030d0e0	github.com/apache/thrift/lib/go/thrift.(*TCompactProtocol).ReadI32
0x14030d1c0	github.com/apache/thrift/lib/go/thrift.(*TCompactProtocol).ReadI64
0x14030d2a0	github.com/apache/thrift/lib/go/thrift.(*TCompactProtocol).ReadDouble
0x14030d400	github.com/apache/thrift/lib/go/thrift.(*TCompactProtocol).ReadString
0x14030d820	github.com/apache/thrift/lib/go/thrift.(*TCompactProtocol).ReadUUID
0x14030d9a0	github.com/apache/thrift/lib/go/thrift.(*TCompactProtocol).Flush
0x14030da60	github.com/apache/thrift/lib/go/thrift.(*TCompactProtocol).Skip
0x14030dae0	github.com/apache/thrift/lib/go/thrift.(*TCompactProtocol).Transport
0x14030db00	github.com/apache/thrift/lib/go/thrift.(*TCompactProtocol).writeVarint32
0x14030dba0	github.com/apache/thrift/lib/go/thrift.(*TCompactProtocol).readVarint64
0x14030dc40	github.com/apache/thrift/lib/go/thrift.(*TCompactProtocol).getTType
0x14030de00	github.com/apache/thrift/lib/go/thrift.(*TCompactProtocol).SetTConfiguration
0x14030dfc0	github.com/apache/thrift/lib/go/thrift.checkSizeForProtocol
0x14030e280	github.com/apache/thrift/lib/go/thrift.PrependError
0x14030e760	github.com/apache/thrift/lib/go/thrift.WrapTException
0x14030e880	github.com/apache/thrift/lib/go/thrift.wrappedTException.Error
0x14030e8c0	github.com/apache/thrift/lib/go/thrift.wrappedTException.TExceptionType
0x14030e8e0	github.com/apache/thrift/lib/go/thrift.wrappedTException.Unwrap
0x14030e900	github.com/apache/thrift/lib/go/thrift.NewTFramedTransportFactoryConf
0x14030ea60	github.com/apache/thrift/lib/go/thrift.(*tFramedTransportFactory).GetTransport
0x14030ebc0	github.com/apache/thrift/lib/go/thrift.(*tFramedTransportFactory).SetTConfiguration
0x14030ecc0	github.com/apache/thrift/lib/go/thrift.NewTFramedTransportConf
0x14030f020	github.com/apache/thrift/lib/go/thrift.(*TFramedTransport).IsOpen
0x14030f060	github.com/apache/thrift/lib/go/thrift.(*TFramedTransport).Close
0x14030f0a0	github.com/apache/thrift/lib/go/thrift.(*TFramedTransport).Read
0x14030f3a0	github.com/apache/thrift/lib/go/thrift.(*TFramedTransport).Read.func1
0x14030f420	github.com/apache/thrift/lib/go/thrift.(*TFramedTransport).ReadByte
0x14030f480	github.com/apache/thrift/lib/go/thrift.(*TFramedTransport).Write
0x14030f5c0	github.com/apache/thrift/lib/go/thrift.(*TFramedTransport).WriteByte
0x14030f660	github.com/apache/thrift/lib/go/thrift.(*TFramedTransport).WriteString
0x14030f720	github.com/apache/thrift/lib/go/thrift.(*TFramedTransport).Flush
0x14030fae0	github.com/apache/thrift/lib/go/thrift.(*TFramedTransport).Flush.deferwrap1
0x14030fb60	github.com/apache/thrift/lib/go/thrift.(*TFramedTransport).readFrame
0x14030fe60	github.com/apache/thrift/lib/go/thrift.(*TFramedTransport).SetTConfiguration
0x14030ff60	github.com/apache/thrift/lib/go/thrift.AddReadTHeaderToContext
0x140310220	github.com/apache/thrift/lib/go/thrift.(*THeaderProtocol).Transport
0x140310240	github.com/apache/thrift/lib/go/thrift.(*THeaderProtocol).Flush
0x1403102a0	github.com/apache/thrift/lib/go/thrift.(*THeaderProtocol).WriteMessageBegin
0x1403104a0	github.com/apache/thrift/lib/go/thrift.(*THeaderProtocol).WriteMessageEnd
0x140310520	github.com/apache/thrift/lib/go/thrift.(*THeaderProtocol).WriteStructBegin
0x1403105a0	github.com/apache/thrift/lib/go/thrift.(*THeaderProtocol).WriteStructEnd
0x140310600	github.com/apache/thrift/lib/go/thrift.(*THeaderProtocol).WriteFieldBegin
0x1403106a0	github.com/apache/thrift/lib/go/thrift.(*THeaderProtocol).WriteFieldEnd
0x140310700	github.com/apache/thrift/lib/go/thrift.(*THeaderProtocol).WriteFieldStop
0x140310760	github.com/apache/thrift/lib/go/thrift.(*THeaderProtocol).WriteI32
0x1403107c0	github.com/apache/thrift/lib/go/thrift.(*THeaderProtocol).WriteString
0x140310840	github.com/apache/thrift/lib/go/thrift.(*THeaderProtocol).ReadMessageBegin
0x140310ba0	github.com/apache/thrift/lib/go/thrift.(*THeaderProtocol).ReadMessageEnd
0x140310c00	github.com/apache/thrift/lib/go/thrift.(*THeaderProtocol).ReadStructBegin
0x140310c60	github.com/apache/thrift/lib/go/thrift.(*THeaderProtocol).ReadStructEnd
0x140310cc0	github.com/apache/thrift/lib/go/thrift.(*THeaderProtocol).ReadFieldBegin
0x140310d20	github.com/apache/thrift/lib/go/thrift.(*THeaderProtocol).ReadFieldEnd
0x140310d80	github.com/apache/thrift/lib/go/thrift.(*THeaderProtocol).ReadMapBegin
0x140310de0	github.com/apache/thrift/lib/go/thrift.(*THeaderProtocol).ReadMapEnd
0x140310e40	github.com/apache/thrift/lib/go/thrift.(*THeaderProtocol).ReadListBegin
0x140310ea0	github.com/apache/thrift/lib/go/thrift.(*THeaderProtocol).ReadListEnd
0x140310f00	github.com/apache/thrift/lib/go/thrift.(*THeaderProtocol).ReadSetBegin
0x140310f60	github.com/apache/thrift/lib/go/thrift.(*THeaderProtocol).ReadSetEnd
0x140310fc0	github.com/apache/thrift/lib/go/thrift.(*THeaderProtocol).ReadBool
0x140311020	github.com/apache/thrift/lib/go/thrift.(*THeaderProtocol).ReadByte
0x140311080	github.com/apache/thrift/lib/go/thrift.(*THeaderProtocol).ReadI16
0x1403110e0	github.com/apache/thrift/lib/go/thrift.(*THeaderProtocol).ReadI32
0x140311140	github.com/apache/thrift/lib/go/thrift.(*THeaderProtocol).ReadI64
0x1403111a0	github.com/apache/thrift/lib/go/thrift.(*THeaderProtocol).ReadDouble
0x140311200	github.com/apache/thrift/lib/go/thrift.(*THeaderProtocol).ReadString
0x140311260	github.com/apache/thrift/lib/go/thrift.(*THeaderProtocol).ReadUUID
0x1403112e0	github.com/apache/thrift/lib/go/thrift.(*THeaderProtocol).Skip
0x140311340	github.com/apache/thrift/lib/go/thrift.(*THeaderProtocol).SetTConfiguration
0x140311500	github.com/apache/thrift/lib/go/thrift.THeaderProtocolID.GetProtocol
0x1403116c0	github.com/apache/thrift/lib/go/thrift.(*TransformReader).Close
0x140311760	github.com/apache/thrift/lib/go/thrift.(*TransformReader).AddTransform
0x140311aa0	github.com/apache/thrift/lib/go/thrift.NewTransformWriter
0x140311be0	github.com/apache/thrift/lib/go/thrift.(*TransformWriter).Close
0x140311c80	github.com/apache/thrift/lib/go/thrift.(*zlibPoolCloser).Close
0x140311d20	github.com/apache/thrift/lib/go/thrift.(*zlibPoolCloser).Close.func1
0x140311da0	github.com/apache/thrift/lib/go/thrift.(*TransformWriter).AddTransform
0x140312020	github.com/apache/thrift/lib/go/thrift.(*THeaderTransport).IsOpen
0x140312060	github.com/apache/thrift/lib/go/thrift.(*THeaderTransport).ReadFrame
0x1403127c0	github.com/apache/thrift/lib/go/thrift.(*THeaderTransport).endOfFrame
0x140312880	github.com/apache/thrift/lib/go/thrift.(*THeaderTransport).endOfFrame.func1
0x140312900	github.com/apache/thrift/lib/go/thrift.(*THeaderTransport).parseHeaders
0x1403131c0	github.com/apache/thrift/lib/go/thrift.(*THeaderTransport).Read
0x140313360	github.com/apache/thrift/lib/go/thrift.(*THeaderTransport).Write
0x140313440	github.com/apache/thrift/lib/go/thrift.(*THeaderTransport).Flush
0x140314880	github.com/apache/thrift/lib/go/thrift.(*THeaderTransport).Flush.deferwrap2
0x140314900	github.com/apache/thrift/lib/go/thrift.(*THeaderTransport).Flush.deferwrap1
0x140314980	github.com/apache/thrift/lib/go/thrift.(*THeaderTransport).Close
0x1403149e0	github.com/apache/thrift/lib/go/thrift.(*THeaderTransport).SetTConfiguration
0x140314ae0	github.com/apache/thrift/lib/go/thrift.(*TMemoryBuffer).IsOpen
0x140314b00	github.com/apache/thrift/lib/go/thrift.(*TMemoryBuffer).Close
0x140314b20	github.com/apache/thrift/lib/go/thrift.(*TMemoryBuffer).Flush
0x140314b40	github.com/apache/thrift/lib/go/thrift.(*numeric).String
0x140314b60	github.com/apache/thrift/lib/go/thrift.init.1
0x140314d60	github.com/apache/thrift/lib/go/thrift.(*tProcessorFactory).GetProcessor
0x140314d80	github.com/apache/thrift/lib/go/thrift.(*ProcessorError).Unwrap
0x140314fc0	github.com/apache/thrift/lib/go/thrift.(*ProcessorError).Error
0x1403152e0	github.com/apache/thrift/lib/go/thrift.(*ProcessorError).TExceptionType
0x140315320	github.com/apache/thrift/lib/go/thrift.Skip
0x140315b00	github.com/apache/thrift/lib/go/thrift.tProtocolException.TExceptionType
0x140315b20	github.com/apache/thrift/lib/go/thrift.(*tProtocolException).TypeId
0x140315b40	github.com/apache/thrift/lib/go/thrift.(*tProtocolException).String
0x140315b60	github.com/apache/thrift/lib/go/thrift.(*tProtocolException).Error
0x140315b80	github.com/apache/thrift/lib/go/thrift.(*tProtocolException).Unwrap
0x140315ba0	github.com/apache/thrift/lib/go/thrift.NewTProtocolException
0x140315da0	github.com/apache/thrift/lib/go/thrift.prependTProtocolException
0x140315f20	github.com/apache/thrift/lib/go/thrift.(*RichTransport).ReadByte
0x140315fc0	github.com/apache/thrift/lib/go/thrift.(*RichTransport).WriteByte
0x1403160a0	github.com/apache/thrift/lib/go/thrift.(*RichTransport).WriteString
0x140316120	github.com/apache/thrift/lib/go/thrift.readByte
0x140316240	github.com/apache/thrift/lib/go/thrift.init.2
0x1403166c0	github.com/apache/thrift/lib/go/thrift.(*TSimpleServer).innerAccept
0x1403169a0	github.com/apache/thrift/lib/go/thrift.(*TSimpleServer).innerAccept.func2
0x140316ac0	github.com/apache/thrift/lib/go/thrift.(*TSimpleServer).innerAccept.func2.deferwrap1
0x140316b20	github.com/apache/thrift/lib/go/thrift.(*TSimpleServer).innerAccept.func1
0x140316c80	github.com/apache/thrift/lib/go/thrift.(*TSimpleServer).innerAccept.func1.deferwrap1
0x140316ce0	github.com/apache/thrift/lib/go/thrift.(*TSimpleServer).innerAccept.deferwrap1
0x140316d40	github.com/apache/thrift/lib/go/thrift.(*TSimpleServer).Serve
0x140316e00	github.com/apache/thrift/lib/go/thrift.treatEOFErrorsAsNil
0x140316f20	github.com/apache/thrift/lib/go/thrift.(*TSimpleServer).processRequests
0x140317800	github.com/apache/thrift/lib/go/thrift.(*TSimpleServer).processRequests.deferwrap2
0x140317860	github.com/apache/thrift/lib/go/thrift.(*TSimpleServer).processRequests.deferwrap1
0x1403178c0	github.com/apache/thrift/lib/go/thrift.(*TSimpleServer).processRequests.func1
0x140317920	github.com/apache/thrift/lib/go/thrift.abandonRequestError.Error
0x140317940	github.com/apache/thrift/lib/go/thrift.abandonRequestError.Unwrap
0x140317960	github.com/apache/thrift/lib/go/thrift.SlogTStructWrapper.MarshalJSON
0x140317a00	github.com/apache/thrift/lib/go/thrift.SlogTStructWrapper.String
0x140317d00	github.com/apache/thrift/lib/go/thrift.(*socketConn).IsOpen
0x140317d40	github.com/apache/thrift/lib/go/thrift.(*socketConn).Read
0x140317dc0	github.com/apache/thrift/lib/go/thrift.(*socketConn).Close
0x140317e40	github.com/apache/thrift/lib/go/thrift.NewTSSLServerSocketTimeout
0x140317f40	github.com/apache/thrift/lib/go/thrift.(*TSSLServerSocket).Listen
0x140318020	github.com/apache/thrift/lib/go/thrift.(*TSSLServerSocket).Accept
0x140318280	github.com/apache/thrift/lib/go/thrift.(*TSSLServerSocket).Close
0x140318360	github.com/apache/thrift/lib/go/thrift.(*TSSLServerSocket).Close.func1
0x1403183a0	github.com/apache/thrift/lib/go/thrift.NewTSSLSocketFromConnConf
0x1403184c0	github.com/apache/thrift/lib/go/thrift.(*TSSLSocket).SetTConfiguration
0x140318520	github.com/apache/thrift/lib/go/thrift.(*TSSLSocket).pushDeadline
0x140318620	github.com/apache/thrift/lib/go/thrift.(*TSSLSocket).IsOpen
0x140318660	github.com/apache/thrift/lib/go/thrift.(*TSSLSocket).Close
0x1403186a0	github.com/apache/thrift/lib/go/thrift.(*TSSLSocket).Read
0x1403188c0	github.com/apache/thrift/lib/go/thrift.(*TSSLSocket).Write
0x140318a60	github.com/apache/thrift/lib/go/thrift.(*TSSLSocket).Flush
0x140318a80	github.com/apache/thrift/lib/go/thrift.tTransportException.TExceptionType
0x140318aa0	github.com/apache/thrift/lib/go/thrift.(*tTransportException).TypeId
0x140318ac0	github.com/apache/thrift/lib/go/thrift.(*tTransportException).Error
0x140318ae0	github.com/apache/thrift/lib/go/thrift.(*tTransportException).Err
0x140318b00	github.com/apache/thrift/lib/go/thrift.(*tTransportException).Unwrap
0x140318b20	github.com/apache/thrift/lib/go/thrift.(*tTransportException).Timeout
0x140318b80	github.com/apache/thrift/lib/go/thrift.NewTTransportExceptionFromError
0x140318d20	github.com/apache/thrift/lib/go/thrift.prependTTransportException
0x140318ea0	github.com/apache/thrift/lib/go/thrift.isTimeoutError
0x140318f40	github.com/apache/thrift/lib/go/thrift.(*tTransportFactory).GetTransport
0x140318f60	github.com/apache/thrift/lib/go/thrift.TType.String
0x140318fc0	github.com/apache/thrift/lib/go/thrift.Tuuid.String
0x140319260	type:.eq.github.com/apache/thrift/lib/go/thrift.tTransportException
0x140319300	type:.eq.github.com/apache/thrift/lib/go/thrift.TSSLSocket
0x1403193c0	type:.eq.github.com/apache/thrift/lib/go/thrift.socketConn
0x140319440	type:.eq.github.com/apache/thrift/lib/go/thrift.THeaderProtocol
0x1403194e0	type:.eq.github.com/apache/thrift/lib/go/thrift.TBinaryProtocol
0x1403195a0	type:.eq.github.com/apache/thrift/lib/go/thrift.tProtocolException
0x140319640	type:.eq.github.com/apache/thrift/lib/go/thrift.numeric
0x1403196c0	type:.eq.github.com/apache/thrift/lib/go/thrift.tFramedTransportFactory
0x140319740	type:.eq.github.com/apache/thrift/lib/go/thrift.wrappedTException
0x1403197e0	type:.eq.github.com/apache/thrift/lib/go/thrift.tApplicationException
0x140319880	github.com/apache/thrift/lib/go/thrift.(*pool[go.shape.struct { bytes.buf []uint8; bytes.off int; bytes.lastRead bytes.readOp }]).put
0x140319900	github.com/apache/thrift/lib/go/thrift.(*pool[go.shape.struct { bytes.buf []uint8; bytes.off int; bytes.lastRead bytes.readOp }]).get
0x1403199a0	github.com/apache/thrift/lib/go/thrift.(*pool[go.shape.struct { compress/zlib.w io.Writer; compress/zlib.level int; compress/zlib.dict []uint8; compress/zlib.compressor *compress/flate.Writer; compress/zlib.digest hash.Hash32; compress/zlib.err error; compress/zlib.scratch [4]uint8; compress/zlib.wroteHeader bool }]).get
0x140319a40	type:.eq.github.com/apache/thrift/lib/go/thrift.TFramedTransport
0x140319ac0	github.com/apache/thrift/lib/go/thrift.(*TType).String
0x140319b40	github.com/apache/thrift/lib/go/thrift.(*Tuuid).String
0x140319bc0	github.com/apache/thrift/lib/go/thrift.(*tApplicationException).Error
0x140319c80	github.com/apache/thrift/lib/go/thrift.(*tApplicationException).TExceptionType
0x140319cc0	github.com/apache/thrift/lib/go/thrift.(*tApplicationException).Unwrap
0x140319d20	github.com/apache/thrift/lib/go/thrift.(*wrappedTException).Error
0x140319d80	github.com/apache/thrift/lib/go/thrift.(*wrappedTException).TExceptionType
0x140319de0	github.com/apache/thrift/lib/go/thrift.(*wrappedTException).Unwrap
0x140319e40	github.com/apache/thrift/lib/go/thrift.TMemoryBuffer.Len
0x140319e80	github.com/apache/thrift/lib/go/thrift.(*TMemoryBuffer).Len
0x140319ec0	github.com/apache/thrift/lib/go/thrift.TMemoryBuffer.Read
0x14031a000	github.com/apache/thrift/lib/go/thrift.(*TMemoryBuffer).Read
0x14031a140	github.com/apache/thrift/lib/go/thrift.TMemoryBuffer.ReadByte
0x14031a1e0	github.com/apache/thrift/lib/go/thrift.(*TMemoryBuffer).ReadByte
0x14031a280	github.com/apache/thrift/lib/go/thrift.TMemoryBuffer.ReadFrom
0x14031a300	github.com/apache/thrift/lib/go/thrift.(*TMemoryBuffer).ReadFrom
0x14031a320	github.com/apache/thrift/lib/go/thrift.TMemoryBuffer.ReadRune
0x14031a380	github.com/apache/thrift/lib/go/thrift.(*TMemoryBuffer).ReadRune
0x14031a3a0	github.com/apache/thrift/lib/go/thrift.TMemoryBuffer.Reset
0x14031a3e0	github.com/apache/thrift/lib/go/thrift.(*TMemoryBuffer).Reset
0x14031a420	github.com/apache/thrift/lib/go/thrift.TMemoryBuffer.String
0x14031a4e0	github.com/apache/thrift/lib/go/thrift.(*TMemoryBuffer).String
0x14031a580	github.com/apache/thrift/lib/go/thrift.TMemoryBuffer.UnreadByte
0x14031a5e0	github.com/apache/thrift/lib/go/thrift.(*TMemoryBuffer).UnreadByte
0x14031a640	github.com/apache/thrift/lib/go/thrift.TMemoryBuffer.Write
0x14031a6c0	github.com/apache/thrift/lib/go/thrift.(*TMemoryBuffer).Write
0x14031a6e0	github.com/apache/thrift/lib/go/thrift.TMemoryBuffer.WriteByte
0x14031a760	github.com/apache/thrift/lib/go/thrift.(*TMemoryBuffer).WriteByte
0x14031a780	github.com/apache/thrift/lib/go/thrift.TMemoryBuffer.WriteString
0x14031a800	github.com/apache/thrift/lib/go/thrift.(*TMemoryBuffer).WriteString
0x14031a820	github.com/apache/thrift/lib/go/thrift.TMemoryBuffer.WriteTo
0x14031a8a0	github.com/apache/thrift/lib/go/thrift.(*TMemoryBuffer).WriteTo
0x14031a8c0	github.com/apache/thrift/lib/go/thrift.TransformReader.Read
0x14031a9a0	github.com/apache/thrift/lib/go/thrift.(*TransformReader).Read
0x14031aa20	github.com/apache/thrift/lib/go/thrift.TransformWriter.Write
0x14031ab00	github.com/apache/thrift/lib/go/thrift.(*TransformWriter).Write
0x14031ab80	github.com/apache/thrift/lib/go/thrift.(*tProtocolException).TExceptionType
0x14031abc0	github.com/apache/thrift/lib/go/thrift.(*abandonRequestError).Error
0x14031ac00	github.com/apache/thrift/lib/go/thrift.(*abandonRequestError).Unwrap
0x14031ac40	github.com/apache/thrift/lib/go/thrift.(*SlogTStructWrapper).MarshalJSON
0x14031ace0	github.com/apache/thrift/lib/go/thrift.(*SlogTStructWrapper).String
0x14031ad60	github.com/apache/thrift/lib/go/thrift.socketConn.RemoteAddr
0x14031ade0	github.com/apache/thrift/lib/go/thrift.(*socketConn).RemoteAddr
0x14031ae40	github.com/apache/thrift/lib/go/thrift.socketConn.SetDeadline
0x14031af00	github.com/apache/thrift/lib/go/thrift.(*socketConn).SetDeadline
0x14031af80	github.com/apache/thrift/lib/go/thrift.socketConn.SetReadDeadline
0x14031b040	github.com/apache/thrift/lib/go/thrift.(*socketConn).SetReadDeadline
0x14031b0c0	github.com/apache/thrift/lib/go/thrift.socketConn.SetWriteDeadline
0x14031b180	github.com/apache/thrift/lib/go/thrift.(*socketConn).SetWriteDeadline
0x14031b200	github.com/apache/thrift/lib/go/thrift.socketConn.Write
0x14031b2c0	github.com/apache/thrift/lib/go/thrift.(*socketConn).Write
0x14031b340	github.com/apache/thrift/lib/go/thrift.(*tTransportException).TExceptionType
0x14031b380	github.com/apache/thrift/lib/go/thrift.RichTransport.Close
0x14031b3e0	github.com/apache/thrift/lib/go/thrift.(*RichTransport).Close
0x14031b440	github.com/apache/thrift/lib/go/thrift.RichTransport.Flush
0x14031b4e0	github.com/apache/thrift/lib/go/thrift.(*RichTransport).Flush
0x14031b560	github.com/apache/thrift/lib/go/thrift.RichTransport.IsOpen
0x14031b5c0	github.com/apache/thrift/lib/go/thrift.(*RichTransport).IsOpen
0x14031b620	github.com/apache/thrift/lib/go/thrift.RichTransport.Read
0x14031b6c0	github.com/apache/thrift/lib/go/thrift.(*RichTransport).Read
0x14031b740	github.com/apache/thrift/lib/go/thrift.RichTransport.Write
0x14031b7e0	github.com/apache/thrift/lib/go/thrift.(*RichTransport).Write
0x14031b860	type:.eq.github.com/apache/thrift/lib/go/thrift.SlogTStructWrapper
0x14031b8e0	type:.eq.github.com/apache/thrift/lib/go/thrift.alias·1
0x14031b960	type:.eq.github.com/apache/thrift/lib/go/thrift.headerMeta
0x14031b980	type:.eq.github.com/apache/thrift/lib/go/thrift.ProcessorError
0x14031ba00	type:.eq.sync/atomic.Pointer[context.Context]
0x14031ba20	type:.eq.github.com/apache/thrift/lib/go/thrift.TSSLServerSocket
0x14031bae0	type:.eq.[2]error
0x14031bb80	database/sql/driver.init
0x14031bbe0	github.com/HON-HCE/tridium-ncs-rsm-agent/internal/niagaradshim/niagaradshimgen.RegistrationStatus.String
0x14031bc40	github.com/HON-HCE/tridium-ncs-rsm-agent/internal/niagaradshim/niagaradshimgen.RegistrationStatus.MarshalText
0x14031bce0	github.com/HON-HCE/tridium-ncs-rsm-agent/internal/niagaradshim/niagaradshimgen.(*RegistrationStatus).UnmarshalText
0x14031be20	github.com/HON-HCE/tridium-ncs-rsm-agent/internal/niagaradshim/niagaradshimgen.RegistrationErrorCode.String
0x14031be80	github.com/HON-HCE/tridium-ncs-rsm-agent/internal/niagaradshim/niagaradshimgen.RegistrationErrorCode.MarshalText
0x14031bf20	github.com/HON-HCE/tridium-ncs-rsm-agent/internal/niagaradshim/niagaradshimgen.(*RegistrationErrorCode).UnmarshalText
0x14031c040	github.com/HON-HCE/tridium-ncs-rsm-agent/internal/niagaradshim/niagaradshimgen.(*StartRequestStruct).Read
0x14031c420	github.com/HON-HCE/tridium-ncs-rsm-agent/internal/niagaradshim/niagaradshimgen.(*StartRequestStruct).ReadField1
0x14031c4e0	github.com/HON-HCE/tridium-ncs-rsm-agent/internal/niagaradshim/niagaradshimgen.(*StartRequestStruct).ReadField2
0x14031c5a0	github.com/HON-HCE/tridium-ncs-rsm-agent/internal/niagaradshim/niagaradshimgen.(*StartRequestStruct).Write
0x14031c780	github.com/HON-HCE/tridium-ncs-rsm-agent/internal/niagaradshim/niagaradshimgen.(*StartRequestStruct).writeField1
0x14031c9c0	github.com/HON-HCE/tridium-ncs-rsm-agent/internal/niagaradshim/niagaradshimgen.(*StartRequestStruct).writeField2
0x14031cc00	github.com/HON-HCE/tridium-ncs-rsm-agent/internal/niagaradshim/niagaradshimgen.(*StartRequestStruct).String
0x14031cca0	github.com/HON-HCE/tridium-ncs-rsm-agent/internal/niagaradshim/niagaradshimgen.(*StartRequestStruct).LogValue
0x14031cd20	github.com/HON-HCE/tridium-ncs-rsm-agent/internal/niagaradshim/niagaradshimgen.(*StartRespStruct).Write
0x14031cf80	github.com/HON-HCE/tridium-ncs-rsm-agent/internal/niagaradshim/niagaradshimgen.(*StartRespStruct).writeField1
0x14031d1c0	github.com/HON-HCE/tridium-ncs-rsm-agent/internal/niagaradshim/niagaradshimgen.(*StartRespStruct).writeField2
0x14031d400	github.com/HON-HCE/tridium-ncs-rsm-agent/internal/niagaradshim/niagaradshimgen.(*StartRespStruct).writeField3
0x14031d640	github.com/HON-HCE/tridium-ncs-rsm-agent/internal/niagaradshim/niagaradshimgen.(*StartRespStruct).writeField4
0x14031d880	github.com/HON-HCE/tridium-ncs-rsm-agent/internal/niagaradshim/niagaradshimgen.(*StartRespStruct).writeField5
0x14031dac0	github.com/HON-HCE/tridium-ncs-rsm-agent/internal/niagaradshim/niagaradshimgen.(*StartRespStruct).String
0x14031db60	github.com/HON-HCE/tridium-ncs-rsm-agent/internal/niagaradshim/niagaradshimgen.(*StartRespStruct).LogValue
0x14031dbe0	github.com/HON-HCE/tridium-ncs-rsm-agent/internal/niagaradshim/niagaradshimgen.(*StatusResponseStruct).Write
0x14031dde0	github.com/HON-HCE/tridium-ncs-rsm-agent/internal/niagaradshim/niagaradshimgen.(*StatusResponseStruct).writeField1
0x14031e020	github.com/HON-HCE/tridium-ncs-rsm-agent/internal/niagaradshim/niagaradshimgen.(*StatusResponseStruct).writeField2
0x14031e280	github.com/HON-HCE/tridium-ncs-rsm-agent/internal/niagaradshim/niagaradshimgen.(*StatusResponseStruct).writeField3
0x14031e4e0	github.com/HON-HCE/tridium-ncs-rsm-agent/internal/niagaradshim/niagaradshimgen.(*StatusResponseStruct).String
0x14031e580	github.com/HON-HCE/tridium-ncs-rsm-agent/internal/niagaradshim/niagaradshimgen.(*StatusResponseStruct).LogValue
0x14031e600	github.com/HON-HCE/tridium-ncs-rsm-agent/internal/niagaradshim/niagaradshimgen.(*NiagaradshimException).Write
0x14031e7e0	github.com/HON-HCE/tridium-ncs-rsm-agent/internal/niagaradshim/niagaradshimgen.(*NiagaradshimException).writeField1
0x14031ea20	github.com/HON-HCE/tridium-ncs-rsm-agent/internal/niagaradshim/niagaradshimgen.(*NiagaradshimException).writeField2
0x14031ec60	github.com/HON-HCE/tridium-ncs-rsm-agent/internal/niagaradshim/niagaradshimgen.(*NiagaradshimException).String
0x14031ed00	github.com/HON-HCE/tridium-ncs-rsm-agent/internal/niagaradshim/niagaradshimgen.(*NiagaradshimException).Error
0x14031ed80	github.com/HON-HCE/tridium-ncs-rsm-agent/internal/niagaradshim/niagaradshimgen.NiagaradshimException.TExceptionType
0x14031eda0	github.com/HON-HCE/tridium-ncs-rsm-agent/internal/niagaradshim/niagaradshimgen.(*NiagaradshimException).LogValue
0x14031ee20	github.com/HON-HCE/tridium-ncs-rsm-agent/internal/niagaradshim/niagaradshimgen.(*NiagaradshimProcessor).Process
0x14031f160	github.com/HON-HCE/tridium-ncs-rsm-agent/internal/niagaradshim/niagaradshimgen.(*niagaradshimProcessorStartRegistration).Process
0x14031ffe0	github.com/HON-HCE/tridium-ncs-rsm-agent/internal/niagaradshim/niagaradshimgen.(*niagaradshimProcessorStartRegistration).Process.gowrap2
0x140320040	github.com/HON-HCE/tridium-ncs-rsm-agent/internal/niagaradshim/niagaradshimgen.(*niagaradshimProcessorStartRegistration).Process.func2
0x1403201e0	github.com/HON-HCE/tridium-ncs-rsm-agent/internal/niagaradshim/niagaradshimgen.(*niagaradshimProcessorStartRegistration).Process.func2.deferwrap1
0x140320240	github.com/HON-HCE/tridium-ncs-rsm-agent/internal/niagaradshim/niagaradshimgen.(*niagaradshimProcessorStartRegistration).Process.deferwrap1
0x1403202a0	github.com/HON-HCE/tridium-ncs-rsm-agent/internal/niagaradshim/niagaradshimgen.(*niagaradshimProcessorRegistrationStatus).Process
0x1403210e0	github.com/HON-HCE/tridium-ncs-rsm-agent/internal/niagaradshim/niagaradshimgen.(*niagaradshimProcessorRegistrationStatus).Process.gowrap2
0x140321140	github.com/HON-HCE/tridium-ncs-rsm-agent/internal/niagaradshim/niagaradshimgen.(*niagaradshimProcessorRegistrationStatus).Process.func2
0x1403212e0	github.com/HON-HCE/tridium-ncs-rsm-agent/internal/niagaradshim/niagaradshimgen.(*niagaradshimProcessorRegistrationStatus).Process.func2.deferwrap1
0x140321340	github.com/HON-HCE/tridium-ncs-rsm-agent/internal/niagaradshim/niagaradshimgen.(*niagaradshimProcessorRegistrationStatus).Process.deferwrap1
0x1403213a0	github.com/HON-HCE/tridium-ncs-rsm-agent/internal/niagaradshim/niagaradshimgen.(*niagaradshimProcessorDeregister).Process
0x1403221c0	github.com/HON-HCE/tridium-ncs-rsm-agent/internal/niagaradshim/niagaradshimgen.(*niagaradshimProcessorDeregister).Process.gowrap2
0x140322220	github.com/HON-HCE/tridium-ncs-rsm-agent/internal/niagaradshim/niagaradshimgen.(*niagaradshimProcessorDeregister).Process.func2
0x1403223c0	github.com/HON-HCE/tridium-ncs-rsm-agent/internal/niagaradshim/niagaradshimgen.(*niagaradshimProcessorDeregister).Process.func2.deferwrap1
0x140322420	github.com/HON-HCE/tridium-ncs-rsm-agent/internal/niagaradshim/niagaradshimgen.(*niagaradshimProcessorDeregister).Process.deferwrap1
0x140322480	github.com/HON-HCE/tridium-ncs-rsm-agent/internal/niagaradshim/niagaradshimgen.(*NiagaradshimStartRegistrationArgs).Read
0x1403227e0	github.com/HON-HCE/tridium-ncs-rsm-agent/internal/niagaradshim/niagaradshimgen.(*NiagaradshimStartRegistrationArgs).ReadField1
0x140322900	github.com/HON-HCE/tridium-ncs-rsm-agent/internal/niagaradshim/niagaradshimgen.(*NiagaradshimStartRegistrationArgs).Write
0x140322aa0	github.com/HON-HCE/tridium-ncs-rsm-agent/internal/niagaradshim/niagaradshimgen.(*NiagaradshimStartRegistrationArgs).writeField1
0x140322ce0	github.com/HON-HCE/tridium-ncs-rsm-agent/internal/niagaradshim/niagaradshimgen.(*NiagaradshimStartRegistrationArgs).String
0x140322d60	github.com/HON-HCE/tridium-ncs-rsm-agent/internal/niagaradshim/niagaradshimgen.(*NiagaradshimStartRegistrationArgs).LogValue
0x140322de0	github.com/HON-HCE/tridium-ncs-rsm-agent/internal/niagaradshim/niagaradshimgen.(*NiagaradshimStartRegistrationResult).Write
0x140322fc0	github.com/HON-HCE/tridium-ncs-rsm-agent/internal/niagaradshim/niagaradshimgen.(*NiagaradshimStartRegistrationResult).writeField0
0x140323220	github.com/HON-HCE/tridium-ncs-rsm-agent/internal/niagaradshim/niagaradshimgen.(*NiagaradshimStartRegistrationResult).writeField1
0x140323480	github.com/HON-HCE/tridium-ncs-rsm-agent/internal/niagaradshim/niagaradshimgen.(*NiagaradshimStartRegistrationResult).String
0x140323520	github.com/HON-HCE/tridium-ncs-rsm-agent/internal/niagaradshim/niagaradshimgen.(*NiagaradshimStartRegistrationResult).LogValue
0x1403235a0	github.com/HON-HCE/tridium-ncs-rsm-agent/internal/niagaradshim/niagaradshimgen.(*NiagaradshimRegistrationStatusArgs).Read
0x140323860	github.com/HON-HCE/tridium-ncs-rsm-agent/internal/niagaradshim/niagaradshimgen.(*NiagaradshimRegistrationStatusArgs).Write
0x1403239e0	github.com/HON-HCE/tridium-ncs-rsm-agent/internal/niagaradshim/niagaradshimgen.(*NiagaradshimRegistrationStatusArgs).String
0x140323a60	github.com/HON-HCE/tridium-ncs-rsm-agent/internal/niagaradshim/niagaradshimgen.(*NiagaradshimRegistrationStatusArgs).LogValue
0x140323ae0	github.com/HON-HCE/tridium-ncs-rsm-agent/internal/niagaradshim/niagaradshimgen.(*NiagaradshimRegistrationStatusResult).Write
0x140323cc0	github.com/HON-HCE/tridium-ncs-rsm-agent/internal/niagaradshim/niagaradshimgen.(*NiagaradshimRegistrationStatusResult).writeField0
0x140323f20	github.com/HON-HCE/tridium-ncs-rsm-agent/internal/niagaradshim/niagaradshimgen.(*NiagaradshimRegistrationStatusResult).writeField1
0x140324180	github.com/HON-HCE/tridium-ncs-rsm-agent/internal/niagaradshim/niagaradshimgen.(*NiagaradshimRegistrationStatusResult).String
0x140324220	github.com/HON-HCE/tridium-ncs-rsm-agent/internal/niagaradshim/niagaradshimgen.(*NiagaradshimRegistrationStatusResult).LogValue
0x1403242a0	github.com/HON-HCE/tridium-ncs-rsm-agent/internal/niagaradshim/niagaradshimgen.(*NiagaradshimDeregisterArgs).Read
0x140324560	github.com/HON-HCE/tridium-ncs-rsm-agent/internal/niagaradshim/niagaradshimgen.(*NiagaradshimDeregisterArgs).Write
0x1403246e0	github.com/HON-HCE/tridium-ncs-rsm-agent/internal/niagaradshim/niagaradshimgen.(*NiagaradshimDeregisterArgs).String
0x140324760	github.com/HON-HCE/tridium-ncs-rsm-agent/internal/niagaradshim/niagaradshimgen.(*NiagaradshimDeregisterArgs).LogValue
0x1403247e0	github.com/HON-HCE/tridium-ncs-rsm-agent/internal/niagaradshim/niagaradshimgen.(*NiagaradshimDeregisterResult).Write
0x140324980	github.com/HON-HCE/tridium-ncs-rsm-agent/internal/niagaradshim/niagaradshimgen.(*NiagaradshimDeregisterResult).writeField1
0x140324be0	github.com/HON-HCE/tridium-ncs-rsm-agent/internal/niagaradshim/niagaradshimgen.(*NiagaradshimDeregisterResult).String
0x140324c60	github.com/HON-HCE/tridium-ncs-rsm-agent/internal/niagaradshim/niagaradshimgen.(*NiagaradshimDeregisterResult).LogValue
0x140324ce0	github.com/HON-HCE/tridium-ncs-rsm-agent/internal/niagaradshim/niagaradshimgen.(*niagaradshimProcessorDeregister).Process.func1
0x140324d00	github.com/HON-HCE/tridium-ncs-rsm-agent/internal/niagaradshim/niagaradshimgen.(*niagaradshimProcessorRegistrationStatus).Process.func1
0x140324d20	github.com/HON-HCE/tridium-ncs-rsm-agent/internal/niagaradshim/niagaradshimgen.(*niagaradshimProcessorStartRegistration).Process.func1
0x140324d40	type:.eq.github.com/HON-HCE/tridium-ncs-rsm-agent/internal/niagaradshim/niagaradshimgen.NiagaradshimException
0x140324da0	type:.eq.github.com/HON-HCE/tridium-ncs-rsm-agent/internal/niagaradshim/niagaradshimgen.StartRespStruct
0x140324ea0	type:.eq.github.com/HON-HCE/tridium-ncs-rsm-agent/internal/niagaradshim/niagaradshimgen.StartRequestStruct
0x140324f20	github.com/HON-HCE/tridium-ncs-rsm-agent/internal/niagaradshim/niagaradshimgen.(*RegistrationStatus).MarshalText
0x140325000	github.com/HON-HCE/tridium-ncs-rsm-agent/internal/niagaradshim/niagaradshimgen.(*RegistrationStatus).String
0x140325080	github.com/HON-HCE/tridium-ncs-rsm-agent/internal/niagaradshim/niagaradshimgen.(*RegistrationErrorCode).MarshalText
0x140325160	github.com/HON-HCE/tridium-ncs-rsm-agent/internal/niagaradshim/niagaradshimgen.(*RegistrationErrorCode).String
0x1403251e0	github.com/HON-HCE/tridium-ncs-rsm-agent/internal/niagaradshim/niagaradshimgen.(*NiagaradshimException).TExceptionType
0x140325220	github.com/HON-HCE/tridium-ncs-rsm-agent/internal/niagaradmsg.ErrorCode.String
0x140325280	github.com/HON-HCE/tridium-ncs-rsm-agent/internal/niagaradmsg.(*RegistrationErrorStruct).Error
0x1403252a0	github.com/HON-HCE/tridium-ncs-rsm-agent/internal/niagaradmsg.(*ErrorCode).String
0x140325320	type:.eq.github.com/HON-HCE/tridium-ncs-rsm-agent/internal/niagaradmsg.RegistrationErrorStruct
0x140325380	type:.eq.github.com/HON-HCE/tridium-ncs-rsm-agent/internal/niagaradmsg.StartRequestStruct
0x140325400	github.com/HON-HCE/tridium-ncs-rsm-agent/internal/niagaradshim.buildServerTLSConfig
0x1403258c0	github.com/HON-HCE/tridium-ncs-rsm-agent/internal/niagaradshim.buildServerTLSConfig.func1
0x140325d40	github.com/HON-HCE/tridium-ncs-rsm-agent/internal/niagaradshim.loadClientCert
0x1403260a0	github.com/HON-HCE/tridium-ncs-rsm-agent/internal/niagaradshim.saveCertificate
0x1403261c0	github.com/HON-HCE/tridium-ncs-rsm-agent/internal/niagaradshim.isCertificateValid
0x1403263e0	github.com/HON-HCE/tridium-ncs-rsm-agent/internal/niagaradshim.generateCert
0x1403268c0	github.com/HON-HCE/tridium-ncs-rsm-agent/internal/niagaradshim.serverIdentityProfile
0x140326ac0	github.com/HON-HCE/tridium-ncs-rsm-agent/internal/niagaradshim.(*ServiceHandlerStruct).StartRegistration
0x140327140	github.com/HON-HCE/tridium-ncs-rsm-agent/internal/niagaradshim.(*ServiceHandlerStruct).RegistrationStatus
0x140327720	github.com/HON-HCE/tridium-ncs-rsm-agent/internal/niagaradshim.(*ServiceHandlerStruct).Deregister
0x140327ac0	github.com/HON-HCE/tridium-ncs-rsm-agent/internal/niagaradshim.Start
0x140328260	type:.eq.github.com/HON-HCE/tridium-ncs-rsm-agent/internal/niagaradshim.keystorePaths
0x1403282e0	github.com/HON-HCE/tridium-uc-shared/go-packages/fsm.(*Machine).Run
0x140328620	archive/zip.OpenReader
0x1403287c0	archive/zip.(*Reader).init
0x140328de0	archive/zip.(*ReadCloser).Close
0x140328e40	archive/zip.(*File).Open
0x1403292c0	archive/zip.(*dirReader).Read
0x1403292e0	archive/zip.(*dirReader).Close
0x140329300	archive/zip.(*checksumReader).Read
0x1403295e0	archive/zip.(*checksumReader).Close
0x140329620	archive/zip.(*File).findBodyOffset
0x140329700	archive/zip.readDirectoryHeader
0x14032a860	archive/zip.readDataDescriptor
0x14032a980	archive/zip.readDirectoryEnd
0x14032b140	archive/zip.findDirectory64End
0x14032b260	archive/zip.readDirectory64End
0x14032b380	archive/zip.findSignatureInBlock
0x14032b480	archive/zip.(*fileListEntry).Name
0x14032b4c0	archive/zip.(*fileListEntry).Size
0x14032b4e0	archive/zip.(*fileListEntry).Mode
0x14032b500	archive/zip.(*fileListEntry).Type
0x14032b520	archive/zip.(*fileListEntry).IsDir
0x14032b540	archive/zip.(*fileListEntry).ModTime
0x14032b5e0	archive/zip.(*fileListEntry).String
0x14032b620	archive/zip.toValidName
0x14032b700	archive/zip.(*Reader).initFileList
0x14032b760	archive/zip.(*Reader).initFileList.func1
0x14032be60	archive/zip.fileEntryCompare
0x14032bf80	archive/zip.(*Reader).Open
0x14032c260	archive/zip.split
0x14032c380	archive/zip.(*Reader).openLookup
0x14032c540	archive/zip.(*Reader).openLookup.func1
0x14032c660	archive/zip.(*Reader).openReadDir
0x14032c780	archive/zip.(*openDir).Close
0x14032c7a0	archive/zip.(*openDir).Read
0x14032c8a0	archive/zip.newFlateWriter
0x14032c9a0	archive/zip.(*pooledFlateWriter).Write
0x14032cb40	archive/zip.(*pooledFlateWriter).Write.deferwrap1
0x14032cba0	archive/zip.(*pooledFlateWriter).Close
0x14032cce0	archive/zip.(*pooledFlateWriter).Close.deferwrap1
0x14032cd40	archive/zip.newFlateReader
0x14032cee0	archive/zip.(*pooledFlateReader).Read
0x14032d080	archive/zip.(*pooledFlateReader).Read.deferwrap1
0x14032d0e0	archive/zip.(*pooledFlateReader).Close
0x14032d240	archive/zip.(*pooledFlateReader).Close.deferwrap1
0x14032d2a0	archive/zip.init.0
0x14032d3a0	archive/zip.decompressor
0x14032d420	archive/zip.timeZone
0x14032d4a0	archive/zip.msDosTimeToTime
0x14032d520	archive/zip.(*FileHeader).ModTime
0x14032d560	archive/zip.(*FileHeader).Mode
0x14032d6e0	archive/zip.detectUTF8
0x14032d7e0	archive/zip.nopCloser.Close
0x14032d800	archive/zip.init.0.func1
0x14032d8a0	archive/zip.init.0.func2
0x14032d900	archive/zip.(*Reader).openReadDir.func1
0x14032d9e0	archive/zip.(*Reader).openReadDir.func2
0x14032dac0	archive/zip.(*Reader).initFileList.func1.1
0x14032db40	type:.eq.archive/zip.pooledFlateReader
0x14032dbc0	type:.eq.archive/zip.pooledFlateWriter
0x14032dbe0	type:.eq.archive/zip.fileListEntry
0x14032dc60	type:.eq.archive/zip.checksumReader
0x14032dd60	slices.BinarySearchFunc[go.shape.[]archive/zip.fileListEntry,go.shape.struct { archive/zip.name string; archive/zip.file *archive/zip.File; archive/zip.isDir bool; archive/zip.isDup bool },go.shape.string]
0x14032df00	slices.pdqsortCmpFunc[go.shape.struct { archive/zip.name string; archive/zip.file *archive/zip.File; archive/zip.isDir bool; archive/zip.isDup bool }]
0x14032e760	slices.partitionCmpFunc[go.shape.struct { archive/zip.name string; archive/zip.file *archive/zip.File; archive/zip.isDir bool; archive/zip.isDup bool }]
0x14032ef80	slices.partitionEqualCmpFunc[go.shape.struct { archive/zip.name string; archive/zip.file *archive/zip.File; archive/zip.isDir bool; archive/zip.isDup bool }]
0x14032f3c0	slices.partialInsertionSortCmpFunc[go.shape.struct { archive/zip.name string; archive/zip.file *archive/zip.File; archive/zip.isDir bool; archive/zip.isDup bool }]
0x14032fa20	slices.choosePivotCmpFunc[go.shape.struct { archive/zip.name string; archive/zip.file *archive/zip.File; archive/zip.isDir bool; archive/zip.isDup bool }]
0x14032fca0	slices.medianCmpFunc[go.shape.struct { archive/zip.name string; archive/zip.file *archive/zip.File; archive/zip.isDir bool; archive/zip.isDup bool }]
0x14032ffa0	slices.breakPatternsCmpFunc[go.shape.struct { archive/zip.name string; archive/zip.file *archive/zip.File; archive/zip.isDir bool; archive/zip.isDup bool }]
0x1403301c0	slices.heapSortCmpFunc[go.shape.struct { archive/zip.name string; archive/zip.file *archive/zip.File; archive/zip.isDir bool; archive/zip.isDup bool }]
0x140330440	slices.siftDownCmpFunc[go.shape.struct { archive/zip.name string; archive/zip.file *archive/zip.File; archive/zip.isDir bool; archive/zip.isDup bool }]
0x1403307a0	archive/zip.(*File).ModTime
0x140330800	archive/zip.(*File).Mode
0x140330820	archive/zip.(*nopCloser).Close
0x140330860	archive/zip.nopCloser.Write
0x140330900	archive/zip.(*nopCloser).Write
0x140330980	type:.eq.archive/zip.directoryEnd
0x140330a00	github.com/HON-HCE/tridium-uc-shared/go-packages/tridiumarchive.parseModuleInfo
0x140331020	github.com/HON-HCE/tridium-uc-shared/go-packages/tridiumarchive.parseModuleInfo.deferwrap2
0x140331080	github.com/HON-HCE/tridium-uc-shared/go-packages/tridiumarchive.parseModuleInfo.deferwrap1
0x1403310e0	github.com/HON-HCE/tridium-uc-shared/go-packages/tridiumarchive.ModulesList
0x1403315a0	type:.eq.github.com/HON-HCE/tridium-uc-shared/go-packages/tridiumarchive.ModuleStruct
0x140331740	github.com/google/uuid.init
0x140331880	github.com/google/uuid.invalidLengthError.Error
0x1403318e0	github.com/google/uuid.Parse
0x140331d00	github.com/google/uuid.encodeHex
0x140332040	github.com/google/uuid.(*invalidLengthError).Error
0x1403320e0	main.init
0x1403321e0	main.main
0x140332be0	main.logToFile
0x140332f00	main.keystorePath
0x140333020	main.setupTimeoutEvent
0x140333380	main.resetRegistrationState
0x1403334c0	main.setupPeriodicSync
0x1403335e0	main.setupPeriodicSync.func1
0x140333700	main.addScheme
0x1403338c0	main.(*AgentStruct).Validate
0x140335460	main.(*AgentStruct).Validate.gowrap2
0x1403354c0	main.(*AgentStruct).Validate.gowrap1
0x140335520	main.(*AgentStruct).Idle
0x140336260	main.(*AgentStruct).Idle.gowrap1
0x1403362c0	main.(*AgentStruct).Transmit
0x1403373a0	main.(*AgentStruct).InstallSoftware
0x140337780	main.EntryPoint
0x140337ca0	main.EntryPoint.gowrap1
0x140337d00	main.mapNiagaradshimRequests
0x140337ee0	main.EventToPendingAction
0x1403382e0	main.ActionString
0x140338380	main.StateString
0x1403383e0	main.MsgType.String
0x1403384e0	main.DownloadParts
0x140339780	main.DownloadParts.Println.func13
0x1403397e0	main.DownloadParts.Println.func12
0x140339840	main.DownloadParts.Println.func11
0x1403398a0	main.DownloadParts.Println.func10
0x140339900	main.DownloadParts.Println.func9
0x140339960	main.DownloadParts.Println.func8
0x1403399c0	main.DownloadParts.Println.func7
0x140339a20	main.DownloadParts.Println.func6
0x140339a80	main.DownloadParts.Println.func5
0x140339ae0	main.DownloadParts.Println.func4
0x140339b40	main.DownloadParts.Println.func3
0x140339ba0	main.DownloadParts.Printf.func2
0x140339c00	main.DownloadParts.Println.func1
0x140339c60	main.BuildManifest
0x14033bd80	main.BuildManifest.Println.func2
0x14033bde0	main.BuildManifest.Println.func1
0x14033be40	main.BuildManifestDefault
0x14033c2a0	main.(*MsgType).String
0x14033c300	main.(*AgentStruct).Idle-fm
0x14033c360	main.(*AgentStruct).Validate-fm
0x14033c3c0	main.(*AgentStruct).Transmit-fm
0x14033c420	main.(*AgentStruct).InstallSoftware-fm
0x14033c480	type:.eq.main.AuthStruct
0x14033c500	go:textfipsstart
0x14033c520	crypto/internal/fips140.fatal
0x14033c560	crypto/internal/fips140.getIndicator
0x14033c580	crypto/internal/fips140.setIndicator
0x14033c5a0	crypto/internal/fips140.init
0x14033c620	crypto/internal/fips140.CAST
0x14033c800	crypto/internal/fips140.PCT
0x14033c9e0	crypto/internal/fips140.init.0
0x14033cae0	crypto/internal/fips140.RecordApproved
0x14033cb20	crypto/internal/fips140/sha256.init
0x14033cb80	crypto/internal/fips140/sha256.init.0
0x14033cbc0	crypto/internal/fips140/sha256.(*Digest).MarshalBinary
0x14033cc20	crypto/internal/fips140/sha256.(*Digest).AppendBinary
0x14033d120	crypto/internal/fips140/sha256.(*Digest).UnmarshalBinary
0x14033d2a0	crypto/internal/fips140/sha256.(*Digest).Reset
0x14033d320	crypto/internal/fips140/sha256.New
0x14033d360	crypto/internal/fips140/sha256.(*Digest).Size
0x14033d380	crypto/internal/fips140/sha256.(*Digest).BlockSize
0x14033d3a0	crypto/internal/fips140/sha256.(*Digest).Write
0x14033d660	crypto/internal/fips140/sha256.(*Digest).Sum
0x14033d860	crypto/internal/fips140/sha256.(*Digest).checkSum
0x14033da40	crypto/internal/fips140/sha256.blockGeneric
0x14033ddc0	crypto/internal/fips140/sha256.init.1
0x14033de40	crypto/internal/fips140/sha256.block
0x14033df20	crypto/internal/fips140/sha256.init.0.func1
0x14033e060	crypto/internal/fips140/sha256.blockAVX2
0x14033f160	crypto/internal/fips140/sha256.blockSHANI
0x14033f4c0	crypto/internal/fips140/subtle.ConstantTimeLessOrEqBytes
0x14033f680	crypto/internal/fips140/subtle.XORBytes
0x14033f820	crypto/internal/fips140/subtle.xorBytes
0x14033f8c0	crypto/internal/fips140/sha3.init.0
0x14033f900	crypto/internal/fips140/sha3.(*Digest).BlockSize
0x14033f920	crypto/internal/fips140/sha3.(*Digest).Size
0x14033f940	crypto/internal/fips140/sha3.(*Digest).Reset
0x14033f980	crypto/internal/fips140/sha3.(*Digest).padAndPermute
0x14033fa60	crypto/internal/fips140/sha3.(*Digest).Write
0x14033fac0	crypto/internal/fips140/sha3.(*Digest).writeGeneric
0x14033fce0	crypto/internal/fips140/sha3.(*Digest).readGeneric
0x14033fea0	crypto/internal/fips140/sha3.(*Digest).Sum
0x14033ff20	crypto/internal/fips140/sha3.(*Digest).sumGeneric
0x140340100	crypto/internal/fips140/sha3.(*Digest).MarshalBinary
0x140340200	crypto/internal/fips140/sha3.(*Digest).UnmarshalBinary
0x140340480	crypto/internal/fips140/sha3.bytepad
0x140340720	crypto/internal/fips140/sha3.newCShake
0x140340ca0	crypto/internal/fips140/sha3.(*SHAKE).Read
0x140340d20	crypto/internal/fips140/sha3.NewCShake128
0x140340de0	crypto/internal/fips140/sha3.init.0.func1
0x140340f00	crypto/internal/fips140/sha3.keccakF1600
0x140345ba0	crypto/internal/fips140/sha512.init
0x140345be0	crypto/internal/fips140/sha512.init.0
0x140345c20	crypto/internal/fips140/sha512.(*Digest).Reset
0x140345e80	crypto/internal/fips140/sha512.(*Digest).MarshalBinary
0x140345ee0	crypto/internal/fips140/sha512.(*Digest).AppendBinary
0x140346520	crypto/internal/fips140/sha512.(*Digest).UnmarshalBinary
0x140346740	crypto/internal/fips140/sha512.New
0x1403467a0	crypto/internal/fips140/sha512.(*Digest).Size
0x1403467c0	crypto/internal/fips140/sha512.(*Digest).BlockSize
0x1403467e0	crypto/internal/fips140/sha512.(*Digest).Write
0x140346a00	crypto/internal/fips140/sha512.(*Digest).Sum
0x140346c00	crypto/internal/fips140/sha512.(*Digest).checkSum
0x140346ea0	crypto/internal/fips140/sha512.blockGeneric
0x140347260	crypto/internal/fips140/sha512.init.1
0x1403472a0	crypto/internal/fips140/sha512.block
0x140347340	crypto/internal/fips140/sha512.init.0.func1
0x1403474c0	crypto/internal/fips140/sha512.blockAVX2
0x1403482a0	crypto/internal/fips140/hmac.init.0
0x1403482e0	crypto/internal/fips140/hmac.(*HMAC).Sum
0x140348560	crypto/internal/fips140/hmac.(*HMAC).Write
0x1403485c0	crypto/internal/fips140/hmac.(*HMAC).Size
0x140348600	crypto/internal/fips140/hmac.(*HMAC).BlockSize
0x140348640	crypto/internal/fips140/hmac.(*HMAC).Reset
0x140348940	crypto/internal/fips140/hmac.MarkAsUsedInKDF
0x140348960	crypto/internal/fips140/hmac.init.0.func1
0x140348ac0	crypto/internal/fips140/hmac.New[go.shape.*uint8]
0x140348de0	crypto/internal/fips140/hmac.New[go.shape.*uint8].func1
0x140348ea0	crypto/internal/fips140/hmac.New[go.shape.*uint8].func1.1
0x140348ee0	crypto/internal/fips140/check.init.0
0x140349280	crypto/internal/fips140/aes.init
0x1403492c0	crypto/internal/fips140/aes.KeySizeError.Error
0x140349320	crypto/internal/fips140/aes.newOutlined
0x1403493a0	crypto/internal/fips140/aes.(*Block).BlockSize
0x1403493c0	crypto/internal/fips140/aes.(*Block).Encrypt
0x140349520	crypto/internal/fips140/aes.(*Block).Decrypt
0x140349680	crypto/internal/fips140/aes.init.0
0x1403496c0	crypto/internal/fips140/aes.newBlock
0x1403497a0	crypto/internal/fips140/aes.encryptBlock
0x140349880	crypto/internal/fips140/aes.decryptBlock
0x140349960	crypto/internal/fips140/aes.encryptBlockGeneric
0x140349e00	crypto/internal/fips140/aes.decryptBlockGeneric
0x14034a2c0	crypto/internal/fips140/aes.expandKeyGeneric
0x14034a680	crypto/internal/fips140/aes.init.1
0x14034a6c0	crypto/internal/fips140/aes.(*CBCEncrypter).BlockSize
0x14034a6e0	crypto/internal/fips140/aes.(*CBCEncrypter).CryptBlocks
0x14034a880	crypto/internal/fips140/aes.(*CBCEncrypter).SetIV
0x14034a920	crypto/internal/fips140/aes.cryptBlocksEncGeneric
0x14034ab20	crypto/internal/fips140/aes.(*CBCDecrypter).BlockSize
0x14034ab40	crypto/internal/fips140/aes.(*CBCDecrypter).CryptBlocks
0x14034ace0	crypto/internal/fips140/aes.(*CBCDecrypter).SetIV
0x14034ad80	crypto/internal/fips140/aes.cryptBlocksDecGeneric
0x14034b020	crypto/internal/fips140/aes.(*CTR).XORKeyStream
0x14034b100	crypto/internal/fips140/aes.(*CTR).XORKeyStreamAt
0x14034b840	crypto/internal/fips140/aes.ctrBlocks
0x14034bac0	crypto/internal/fips140/aes.ctrBlocks1
0x14034bb80	crypto/internal/fips140/aes.ctrBlocks2
0x14034bc40	crypto/internal/fips140/aes.ctrBlocks4
0x14034bd00	crypto/internal/fips140/aes.ctrBlocks8
0x14034bdc0	crypto/internal/fips140/aes.init.1.func1
0x14034c0e0	_expand_key_128
0x14034c120	_expand_key_192a
0x14034c180	_expand_key_192b
0x14034c1c0	_expand_key_256a
0x14034c1e0	_expand_key_256b
0x14034c220	crypto/internal/fips140/aes.encryptBlockAsm
0x14034c2e0	crypto/internal/fips140/aes.decryptBlockAsm
0x14034c3a0	crypto/internal/fips140/aes.expandKeyAsm
0x14034c580	crypto/internal/fips140/aes.ctrBlocks1Asm
0x14034c660	crypto/internal/fips140/aes.ctrBlocks2Asm
0x14034c7c0	crypto/internal/fips140/aes.ctrBlocks4Asm
0x14034ca00	crypto/internal/fips140/aes.ctrBlocks8Asm
0x14034ce00	crypto/internal/fips140/aes.(*KeySizeError).Error
0x14034ce80	crypto/internal/fips140/drbg.init
0x14034cec0	crypto/internal/fips140/drbg.init.func1
0x14034cf20	crypto/internal/fips140/drbg.init.func1.1
0x14034cf80	crypto/internal/fips140/drbg.init.0
0x14034cfc0	crypto/internal/fips140/drbg.NewCounter
0x14034d1a0	crypto/internal/fips140/drbg.(*Counter).update
0x14034d360	crypto/internal/fips140/drbg.(*Counter).Reseed
0x14034d440	crypto/internal/fips140/drbg.(*Counter).Generate
0x14034d640	crypto/internal/fips140/drbg.Read
0x14034d8a0	crypto/internal/fips140/drbg.Read.func1
0x14034d8e0	crypto/internal/fips140/drbg.Read.deferwrap1
0x14034d940	crypto/internal/fips140/drbg.ReadWithReader
0x14034daa0	crypto/internal/fips140/drbg.ReadWithReaderDeterministic
0x14034dbe0	crypto/internal/fips140/drbg.init.0.func1
0x14034de40	crypto/internal/fips140/aes/gcm.init
0x14034df80	crypto/internal/fips140/aes/gcm.init.0
0x14034dfc0	crypto/internal/fips140/aes/gcm.(*CMAC).deriveSubkeys
0x14034e0a0	crypto/internal/fips140/aes/gcm.(*CMAC).MAC
0x14034e340	crypto/internal/fips140/aes/gcm.(*CounterKDF).DeriveKey
0x14034e480	crypto/internal/fips140/aes/gcm.newGCM
0x14034e5a0	crypto/internal/fips140/aes/gcm.(*GCM).NonceSize
0x14034e5c0	crypto/internal/fips140/aes/gcm.(*GCM).Overhead
0x14034e5e0	crypto/internal/fips140/aes/gcm.(*GCM).Seal
0x14034e720	crypto/internal/fips140/aes/gcm.(*GCM).sealAfterIndicator
0x14034eae0	crypto/internal/fips140/aes/gcm.(*GCM).Open
0x14034ef00	crypto/internal/fips140/aes/gcm.init.1
0x14034ef40	crypto/internal/fips140/aes/gcm.initGCM
0x14034efe0	crypto/internal/fips140/aes/gcm.seal
0x14034f400	crypto/internal/fips140/aes/gcm.open
0x14034f8c0	crypto/internal/fips140/aes/gcm.sealGeneric
0x14034fb20	crypto/internal/fips140/aes/gcm.openGeneric
0x14034fde0	crypto/internal/fips140/aes/gcm.deriveCounterGeneric
0x14034fee0	crypto/internal/fips140/aes/gcm.gcmCounterCryptGeneric
0x140350120	crypto/internal/fips140/aes/gcm.gcmAuthGeneric
0x140350320	crypto/internal/fips140/aes/gcm.NewGCMForTLS12
0x140350400	crypto/internal/fips140/aes/gcm.(*GCMForTLS12).NonceSize
0x140350420	crypto/internal/fips140/aes/gcm.(*GCMForTLS12).Overhead
0x140350440	crypto/internal/fips140/aes/gcm.(*GCMForTLS12).Seal
0x140350640	crypto/internal/fips140/aes/gcm.(*GCMForTLS12).Open
0x140350780	crypto/internal/fips140/aes/gcm.NewGCMForTLS13
0x140350860	crypto/internal/fips140/aes/gcm.(*GCMForTLS13).NonceSize
0x140350880	crypto/internal/fips140/aes/gcm.(*GCMForTLS13).Overhead
0x1403508a0	crypto/internal/fips140/aes/gcm.(*GCMForTLS13).Seal
0x140350ac0	crypto/internal/fips140/aes/gcm.(*GCMForTLS13).Open
0x140350c00	crypto/internal/fips140/aes/gcm.GHASH
0x140350ca0	crypto/internal/fips140/aes/gcm.ghash
0x140350f00	crypto/internal/fips140/aes/gcm.ghashMul
0x140350fc0	crypto/internal/fips140/aes/gcm.updateBlocks
0x1403510e0	crypto/internal/fips140/aes/gcm.ghashUpdate
0x1403511e0	crypto/internal/fips140/aes/gcm.init.0.func1
0x140351440	crypto/internal/fips140/aes/gcm.gcmAesFinish
0x140351540	crypto/internal/fips140/aes/gcm.gcmAesInit
0x140351740	crypto/internal/fips140/aes/gcm.gcmAesData
0x140351ba0	crypto/internal/fips140/aes/gcm.gcmAesEnc
0x140352fe0	crypto/internal/fips140/aes/gcm.gcmAesDec
0x140353be0	crypto/internal/fips140/nistec/fiat.(*P224Element).Equal
0x140353ca0	crypto/internal/fips140/nistec/fiat.(*P224Element).IsZero
0x140353d20	crypto/internal/fips140/nistec/fiat.(*P224Element).bytes
0x140353dc0	crypto/internal/fips140/nistec/fiat.(*P224Element).SetBytes
0x140354020	crypto/internal/fips140/nistec/fiat.p224Mul
0x1403545a0	crypto/internal/fips140/nistec/fiat.p224Square
0x140354a40	crypto/internal/fips140/nistec/fiat.p224Add
0x140354b20	crypto/internal/fips140/nistec/fiat.p224Sub
0x140354ba0	crypto/internal/fips140/nistec/fiat.p224FromMontgomery
0x140354e00	crypto/internal/fips140/nistec/fiat.p224ToMontgomery
0x140355380	crypto/internal/fips140/nistec/fiat.p224Selectznz
0x140355420	crypto/internal/fips140/nistec/fiat.p224ToBytes
0x140355460	crypto/internal/fips140/nistec/fiat.p224FromBytes
0x140355680	crypto/internal/fips140/nistec/fiat.(*P224Element).Invert
0x140355ac0	crypto/internal/fips140/nistec/fiat.(*P384Element).Equal
0x140355ba0	crypto/internal/fips140/nistec/fiat.(*P384Element).IsZero
0x140355c40	crypto/internal/fips140/nistec/fiat.(*P384Element).bytes
0x140355ce0	crypto/internal/fips140/nistec/fiat.(*P384Element).SetBytes
0x140355f80	crypto/internal/fips140/nistec/fiat.p384Mul
0x140356dc0	crypto/internal/fips140/nistec/fiat.p384Square
0x140357a80	crypto/internal/fips140/nistec/fiat.p384Add
0x140357bc0	crypto/internal/fips140/nistec/fiat.p384Sub
0x140357c60	crypto/internal/fips140/nistec/fiat.p384FromMontgomery
0x1403583a0	crypto/internal/fips140/nistec/fiat.p384ToMontgomery
0x140358e80	crypto/internal/fips140/nistec/fiat.p384Selectznz
0x140358fa0	crypto/internal/fips140/nistec/fiat.p384ToBytes
0x140358fe0	crypto/internal/fips140/nistec/fiat.p384FromBytes
0x140359420	crypto/internal/fips140/nistec/fiat.(*P384Element).Invert
0x140359960	crypto/internal/fips140/nistec/fiat.(*P521Element).Equal
0x140359a60	crypto/internal/fips140/nistec/fiat.(*P521Element).IsZero
0x140359b20	crypto/internal/fips140/nistec/fiat.(*P521Element).bytes
0x140359be0	crypto/internal/fips140/nistec/fiat.(*P521Element).SetBytes
0x140359f00	crypto/internal/fips140/nistec/fiat.p521CmovznzU64
0x140359f20	crypto/internal/fips140/nistec/fiat.p521Mul
0x14035c300	crypto/internal/fips140/nistec/fiat.p521Square
0x14035e0e0	crypto/internal/fips140/nistec/fiat.p521Add
0x14035e360	crypto/internal/fips140/nistec/fiat.p521Sub
0x14035e460	crypto/internal/fips140/nistec/fiat.p521FromMontgomery
0x14035f320	crypto/internal/fips140/nistec/fiat.p521ToMontgomery
0x140360120	crypto/internal/fips140/nistec/fiat.p521Selectznz
0x1403602a0	crypto/internal/fips140/nistec/fiat.p521ToBytes
0x140360300	crypto/internal/fips140/nistec/fiat.p521FromBytes
0x140360940	crypto/internal/fips140/nistec/fiat.(*P521Element).Invert
0x140360da0	crypto/internal/fips140/nistec.NewP224Point
0x140360e80	crypto/internal/fips140/nistec.(*P224Point).SetGenerator
0x140360f80	crypto/internal/fips140/nistec.(*P224Point).SetBytes
0x140361420	crypto/internal/fips140/nistec.p224B
0x140361480	crypto/internal/fips140/nistec.p224Polynomial
0x140361560	crypto/internal/fips140/nistec.p224CheckOnCurve
0x140361640	crypto/internal/fips140/nistec.(*P224Point).Bytes
0x1403616a0	crypto/internal/fips140/nistec.(*P224Point).bytes
0x140361940	crypto/internal/fips140/nistec.(*P224Point).BytesX
0x1403619a0	crypto/internal/fips140/nistec.(*P224Point).bytesX
0x140361b40	crypto/internal/fips140/nistec.(*P224Point).Add
0x1403620c0	crypto/internal/fips140/nistec.(*P224Point).Double
0x1403624c0	crypto/internal/fips140/nistec.(*P224Point).Select
0x1403625a0	crypto/internal/fips140/nistec.(*p224Table).Select
0x140362760	crypto/internal/fips140/nistec.(*P224Point).ScalarMult
0x140363400	crypto/internal/fips140/nistec.(*P224Point).generatorTable
0x140363460	crypto/internal/fips140/nistec.(*P224Point).ScalarBaseMult
0x140363780	crypto/internal/fips140/nistec.p224Sqrt
0x140363840	crypto/internal/fips140/nistec.p224SqrtCandidate
0x140363dc0	crypto/internal/fips140/nistec.NewP256Point
0x140363e40	crypto/internal/fips140/nistec.(*P256Point).SetBytes
0x140364560	crypto/internal/fips140/nistec.p256Polynomial
0x140364700	crypto/internal/fips140/nistec.p256CheckOnCurve
0x140364840	crypto/internal/fips140/nistec.p256Add
0x140364940	crypto/internal/fips140/nistec.p256Sqrt
0x140364d40	crypto/internal/fips140/nistec.init.0
0x140364d80	crypto/internal/fips140/nistec.p256OrdReduce
0x140364e20	crypto/internal/fips140/nistec.(*P256Point).Add
0x140365160	crypto/internal/fips140/nistec.(*P256Point).Double
0x140365280	crypto/internal/fips140/nistec.(*P256Point).ScalarBaseMult
0x140365380	crypto/internal/fips140/nistec.(*P256Point).ScalarMult
0x140365500	crypto/internal/fips140/nistec.(*P256Point).Bytes
0x140365560	crypto/internal/fips140/nistec.(*P256Point).bytes
0x1403656e0	crypto/internal/fips140/nistec.(*P256Point).affineFromMont
0x140365860	crypto/internal/fips140/nistec.(*P256Point).BytesX
0x1403658c0	crypto/internal/fips140/nistec.(*P256Point).bytesX
0x140365aa0	crypto/internal/fips140/nistec.p256Inverse
0x140365fa0	crypto/internal/fips140/nistec.(*P256Point).p256BaseMult
0x140366400	crypto/internal/fips140/nistec.(*P256Point).p256ScalarMult
0x140367060	crypto/internal/fips140/nistec.P256OrdInverse
0x140367a80	crypto/internal/fips140/nistec.NewP384Point
0x140367b60	crypto/internal/fips140/nistec.(*P384Point).SetGenerator
0x140367cc0	crypto/internal/fips140/nistec.(*P384Point).SetBytes
0x140368220	crypto/internal/fips140/nistec.p384B
0x140368280	crypto/internal/fips140/nistec.p384Polynomial
0x140368360	crypto/internal/fips140/nistec.p384CheckOnCurve
0x140368440	crypto/internal/fips140/nistec.(*P384Point).Bytes
0x1403684a0	crypto/internal/fips140/nistec.(*P384Point).bytes
0x140368780	crypto/internal/fips140/nistec.(*P384Point).BytesX
0x1403687e0	crypto/internal/fips140/nistec.(*P384Point).bytesX
0x1403689a0	crypto/internal/fips140/nistec.(*P384Point).Add
0x140368f80	crypto/internal/fips140/nistec.(*P384Point).Double
0x140369400	crypto/internal/fips140/nistec.(*P384Point).Select
0x1403694e0	crypto/internal/fips140/nistec.(*p384Table).Select
0x1403696e0	crypto/internal/fips140/nistec.(*P384Point).ScalarMult
0x14036a620	crypto/internal/fips140/nistec.(*P384Point).generatorTable
0x14036a680	crypto/internal/fips140/nistec.(*P384Point).ScalarBaseMult
0x14036aa00	crypto/internal/fips140/nistec.p384Sqrt
0x14036aae0	crypto/internal/fips140/nistec.p384SqrtCandidate
0x14036af60	crypto/internal/fips140/nistec.NewP521Point
0x14036b040	crypto/internal/fips140/nistec.(*P521Point).SetGenerator
0x14036b200	crypto/internal/fips140/nistec.(*P521Point).SetBytes
0x14036b860	crypto/internal/fips140/nistec.p521B
0x14036b8c0	crypto/internal/fips140/nistec.p521Polynomial
0x14036b9a0	crypto/internal/fips140/nistec.p521CheckOnCurve
0x14036bac0	crypto/internal/fips140/nistec.(*P521Point).Bytes
0x14036bb20	crypto/internal/fips140/nistec.(*P521Point).bytes
0x14036be60	crypto/internal/fips140/nistec.(*P521Point).BytesX
0x14036bec0	crypto/internal/fips140/nistec.(*P521Point).bytesX
0x14036c0e0	crypto/internal/fips140/nistec.(*P521Point).Add
0x14036c7e0	crypto/internal/fips140/nistec.(*P521Point).Double
0x14036cd60	crypto/internal/fips140/nistec.(*P521Point).Select
0x14036ce40	crypto/internal/fips140/nistec.(*p521Table).Select
0x14036d0a0	crypto/internal/fips140/nistec.(*P521Point).ScalarMult
0x14036e280	crypto/internal/fips140/nistec.(*P521Point).generatorTable
0x14036e2e0	crypto/internal/fips140/nistec.(*P521Point).ScalarBaseMult
0x14036e6e0	crypto/internal/fips140/nistec.p521Sqrt
0x14036e800	crypto/internal/fips140/nistec.p521SqrtCandidate
0x14036e880	crypto/internal/fips140/nistec.p521B.func1
0x14036e9a0	crypto/internal/fips140/nistec.(*P521Point).generatorTable.func1
0x14036ee20	crypto/internal/fips140/nistec.p384B.func1
0x14036eee0	crypto/internal/fips140/nistec.(*P384Point).generatorTable.func1
0x14036f320	crypto/internal/fips140/nistec.p224SqrtCandidate.func1
0x14036f420	crypto/internal/fips140/nistec.p224B.func1
0x14036f4c0	crypto/internal/fips140/nistec.(*P224Point).generatorTable.func1
0x14036f880	crypto/internal/fips140/nistec.p256MovCond
0x14036f980	crypto/internal/fips140/nistec.p256NegCond
0x14036fa00	crypto/internal/fips140/nistec.p256Sqr
0x14036fbe0	crypto/internal/fips140/nistec.p256Mul
0x14036fe40	crypto/internal/fips140/nistec.p256FromMont
0x14036ff40	crypto/internal/fips140/nistec.p256Select
0x140370020	crypto/internal/fips140/nistec.p256SelectAffine
0x140370120	crypto/internal/fips140/nistec.p256OrdMul
0x1403704a0	crypto/internal/fips140/nistec.p256OrdSqr
0x1403707a0	crypto/internal/fips140/nistec.p256PointAddAffineAsm
0x140370ee0	crypto/internal/fips140/nistec.p256PointAddAsm
0x140371620	crypto/internal/fips140/nistec.p256PointDoubleAsm
0x140371bc0	crypto/internal/fips140/ecdh.init
0x140371ea0	crypto/internal/fips140/ecdh.init.OnceFunc.func2
0x140371f00	crypto/internal/fips140/ecdh.init.OnceFunc.func2.1
0x140371f80	crypto/internal/fips140/ecdh.init.OnceFunc.func2.1.1
0x140372000	crypto/internal/fips140/ecdh.init.func1
0x140372040	crypto/internal/fips140/ecdh.init.func1.1
0x140372300	crypto/internal/fips140/ecdh.isLess
0x1403724c0	crypto/internal/fips140/ecdh.ecdh[go.shape.*crypto/internal/fips140/nistec.P256Point]
0x1403726e0	crypto/internal/fips140/edwards25519/field.init
0x140372800	crypto/internal/fips140/edwards25519/field.(*Element).reduce
0x140372920	crypto/internal/fips140/edwards25519/field.(*Element).Add
0x1403729e0	crypto/internal/fips140/edwards25519/field.(*Element).Subtract
0x140372ac0	crypto/internal/fips140/edwards25519/field.(*Element).Invert
0x140373340	crypto/internal/fips140/edwards25519/field.(*Element).SetBytes
0x140373420	crypto/internal/fips140/edwards25519/field.(*Element).bytes
0x140373500	crypto/internal/fips140/edwards25519/field.(*Element).Equal
0x1403735c0	crypto/internal/fips140/edwards25519/field.(*Element).Swap
0x140373640	crypto/internal/fips140/edwards25519/field.(*Element).Absolute
0x140373780	crypto/internal/fips140/edwards25519/field.(*Element).Mult32
0x140373880	crypto/internal/fips140/edwards25519/field.(*Element).Pow22523
0x140373f40	crypto/internal/fips140/edwards25519/field.(*Element).SqrtRatio
0x140374420	crypto/internal/fips140/edwards25519/field.feMul
0x140374680	crypto/internal/fips140/edwards25519/field.feSquare
0x140374860	crypto/internal/fips140/ecdh.ECDH[go.shape.*crypto/internal/fips140/nistec.P521Point]
0x140374900	crypto/internal/fips140/ecdh.ecdh[go.shape.*crypto/internal/fips140/nistec.P521Point]
0x140374b20	crypto/internal/fips140/ecdh.NewPublicKey[go.shape.*crypto/internal/fips140/nistec.P521Point]
0x140374ce0	crypto/internal/fips140/ecdh.NewPrivateKey[go.shape.*crypto/internal/fips140/nistec.P521Point]
0x140374fa0	crypto/internal/fips140/ecdh.GenerateKey[go.shape.*crypto/internal/fips140/nistec.P521Point]
0x140375160	crypto/internal/fips140/ecdh.GenerateKey[go.shape.*crypto/internal/fips140/nistec.P521Point].func1
0x140375260	crypto/internal/fips140/ecdh.ECDH[go.shape.*crypto/internal/fips140/nistec.P384Point]
0x140375300	crypto/internal/fips140/ecdh.ecdh[go.shape.*crypto/internal/fips140/nistec.P384Point]
0x140375520	crypto/internal/fips140/ecdh.NewPublicKey[go.shape.*crypto/internal/fips140/nistec.P384Point]
0x1403756e0	crypto/internal/fips140/ecdh.NewPrivateKey[go.shape.*crypto/internal/fips140/nistec.P384Point]
0x1403759a0	crypto/internal/fips140/ecdh.GenerateKey[go.shape.*crypto/internal/fips140/nistec.P384Point]
0x140375b60	crypto/internal/fips140/ecdh.GenerateKey[go.shape.*crypto/internal/fips140/nistec.P384Point].func1
0x140375c60	crypto/internal/fips140/ecdh.ECDH[go.shape.*crypto/internal/fips140/nistec.P256Point]
0x140375d00	crypto/internal/fips140/ecdh.NewPublicKey[go.shape.*crypto/internal/fips140/nistec.P256Point]
0x140375ec0	crypto/internal/fips140/ecdh.NewPrivateKey[go.shape.*crypto/internal/fips140/nistec.P256Point]
0x140376180	crypto/internal/fips140/ecdh.GenerateKey[go.shape.*crypto/internal/fips140/nistec.P256Point]
0x140376340	crypto/internal/fips140/ecdh.GenerateKey[go.shape.*crypto/internal/fips140/nistec.P256Point].func1
0x140376440	crypto/internal/fips140/bigmod.init
0x140376460	crypto/internal/fips140/bigmod.(*Nat).resetToBytes
0x140376620	crypto/internal/fips140/bigmod.(*Nat).Bytes
0x140376760	crypto/internal/fips140/bigmod.(*Nat).SetBytes
0x140376960	crypto/internal/fips140/bigmod.(*Nat).SetOverflowingBytes
0x140376ba0	crypto/internal/fips140/bigmod.(*Nat).setBytes
0x140376ce0	crypto/internal/fips140/bigmod.(*Nat).Equal
0x140376d60	crypto/internal/fips140/bigmod.(*Nat).IsOne
0x140376de0	crypto/internal/fips140/bigmod.rr
0x140377140	crypto/internal/fips140/bigmod.NewModulus
0x140377200	crypto/internal/fips140/bigmod.newModulus
0x1403773a0	crypto/internal/fips140/bigmod.(*Modulus).Size
0x140377400	crypto/internal/fips140/bigmod.(*Nat).shiftIn
0x1403776c0	crypto/internal/fips140/bigmod.(*Nat).Mod
0x1403778a0	crypto/internal/fips140/bigmod.(*Nat).maybeSubtractModulus
0x140377b20	crypto/internal/fips140/bigmod.(*Nat).Sub
0x140377de0	crypto/internal/fips140/bigmod.(*Nat).SubOne
0x140377fc0	crypto/internal/fips140/bigmod.(*Nat).Add
0x140378060	crypto/internal/fips140/bigmod.(*Nat).montgomeryReduction
0x140378240	crypto/internal/fips140/bigmod.(*Nat).montgomeryMul
0x140378da0	crypto/internal/fips140/bigmod.(*Nat).Mul
0x1403794a0	crypto/internal/fips140/bigmod.(*Nat).Exp
0x14037a0e0	crypto/internal/fips140/bigmod.(*Nat).ExpShortVarTime
0x14037a4e0	crypto/internal/fips140/bigmod.init.0
0x14037a520	crypto/internal/fips140/bigmod.addMulVVW1024
0x14037a8c0	crypto/internal/fips140/bigmod.addMulVVW1536
0x14037ae80	crypto/internal/fips140/bigmod.addMulVVW2048
0x14037b680	crypto/internal/fips140/ecdsa.init
0x14037bc40	crypto/internal/fips140/ecdsa.init.OnceFunc.func12
0x14037bca0	crypto/internal/fips140/ecdsa.init.OnceFunc.func12.1
0x14037bd20	crypto/internal/fips140/ecdsa.init.OnceFunc.func12.1.1
0x14037bda0	crypto/internal/fips140/ecdsa.init.OnceFunc.func11
0x14037be00	crypto/internal/fips140/ecdsa.init.OnceFunc.func11.1
0x14037be80	crypto/internal/fips140/ecdsa.init.OnceFunc.func11.1.1
0x14037bf00	crypto/internal/fips140/ecdsa.init.OnceValue[go.shape.*uint8].func10
0x14037bf80	crypto/internal/fips140/ecdsa.init.OnceValue[go.shape.*uint8].func10.1
0x14037c040	crypto/internal/fips140/ecdsa.init.OnceValue[go.shape.*uint8].func10.1.1
0x14037c0c0	crypto/internal/fips140/ecdsa.init.OnceValue[go.shape.*uint8].func9
0x14037c140	crypto/internal/fips140/ecdsa.init.OnceValue[go.shape.*uint8].func9.1
0x14037c200	crypto/internal/fips140/ecdsa.init.OnceValue[go.shape.*uint8].func9.1.1
0x14037c280	crypto/internal/fips140/ecdsa.init.OnceValue[go.shape.*uint8].func8
0x14037c300	crypto/internal/fips140/ecdsa.init.OnceValue[go.shape.*uint8].func8.1
0x14037c3c0	crypto/internal/fips140/ecdsa.init.OnceValue[go.shape.*uint8].func8.1.1
0x14037c440	crypto/internal/fips140/ecdsa.init.OnceValue[go.shape.*uint8].func7
0x14037c4c0	crypto/internal/fips140/ecdsa.init.OnceValue[go.shape.*uint8].func7.1
0x14037c580	crypto/internal/fips140/ecdsa.init.OnceValue[go.shape.*uint8].func7.1.1
0x14037c600	crypto/internal/fips140/ecdsa.init.func1
0x14037c680	crypto/internal/fips140/ecdsa.init.func2
0x14037c700	crypto/internal/fips140/ecdsa.init.func3
0x14037c780	crypto/internal/fips140/ecdsa.init.func4
0x14037c800	crypto/internal/fips140/ecdsa.init.func5
0x14037c840	crypto/internal/fips140/ecdsa.init.func5.1
0x14037cc20	crypto/internal/fips140/ecdsa.init.func6
0x14037cc60	crypto/internal/fips140/ecdsa.init.func6.1
0x14037cfe0	crypto/internal/fips140/ecdsa.testPrivateKey
0x14037d160	crypto/internal/fips140/ecdsa.testHash
0x14037d220	crypto/internal/fips140/ecdsa.P256
0x14037d240	crypto/internal/fips140/ecdsa.pad000
0x14037d300	crypto/internal/fips140/ecdsa.(*hmacDRBG).Generate
0x14037d620	crypto/internal/fips140/ecdsa.bits2octets[go.shape.*crypto/internal/fips140/nistec.P256Point]
0x14037d720	crypto/internal/fips140/ecdsa.hashToNat[go.shape.*crypto/internal/fips140/nistec.P256Point]
0x14037d9c0	crypto/internal/fips140/ecdsa.verifyGeneric[go.shape.*crypto/internal/fips140/nistec.P256Point]
0x14037e020	crypto/internal/fips140/ecdsa.inverse[go.shape.*crypto/internal/fips140/nistec.P256Point]
0x14037e120	crypto/internal/fips140/ecdsa.sign[go.shape.*crypto/internal/fips140/nistec.P256Point]
0x14037e1a0	crypto/internal/fips140/ecdsa.signGeneric[go.shape.*crypto/internal/fips140/nistec.P256Point]
0x14037e720	crypto/internal/fips140/ecdsa.signGeneric[go.shape.*crypto/internal/fips140/nistec.P256Point].func1
0x14037e780	crypto/internal/fips140/ecdsa.randomPoint[go.shape.*crypto/internal/fips140/nistec.P256Point]
0x14037ebe0	crypto/internal/fips140/ecdsa.newDRBG[go.shape.*uint8]
0x14037f3c0	crypto/internal/fips140/ecdsa.newDRBG[go.shape.*uint8].func1
0x14037f420	crypto/internal/fips140/ecdsa.precomputeParams[go.shape.*crypto/internal/fips140/nistec.P521Point]
0x14037f720	crypto/internal/fips140/ecdsa.precomputeParams[go.shape.*crypto/internal/fips140/nistec.P384Point]
0x14037fa20	crypto/internal/fips140/ecdsa.precomputeParams[go.shape.*crypto/internal/fips140/nistec.P256Point]
0x14037fd20	crypto/internal/fips140/ecdsa.precomputeParams[go.shape.*crypto/internal/fips140/nistec.P224Point]
0x140380020	crypto/internal/fips140/ecdsa.Verify[go.shape.*crypto/internal/fips140/nistec.P521Point]
0x140380140	crypto/internal/fips140/ecdsa.verifyGeneric[go.shape.*crypto/internal/fips140/nistec.P521Point]
0x1403807a0	crypto/internal/fips140/ecdsa.inverse[go.shape.*crypto/internal/fips140/nistec.P521Point]
0x1403808a0	crypto/internal/fips140/ecdsa.hashToNat[go.shape.*crypto/internal/fips140/nistec.P521Point]
0x140380b20	crypto/internal/fips140/ecdsa.NewPublicKey[go.shape.*crypto/internal/fips140/nistec.P521Point]
0x140380c20	crypto/internal/fips140/ecdsa.Verify[go.shape.*crypto/internal/fips140/nistec.P384Point]
0x140380d40	crypto/internal/fips140/ecdsa.verifyGeneric[go.shape.*crypto/internal/fips140/nistec.P384Point]
0x1403813a0	crypto/internal/fips140/ecdsa.inverse[go.shape.*crypto/internal/fips140/nistec.P384Point]
0x1403814a0	crypto/internal/fips140/ecdsa.hashToNat[go.shape.*crypto/internal/fips140/nistec.P384Point]
0x140381720	crypto/internal/fips140/ecdsa.NewPublicKey[go.shape.*crypto/internal/fips140/nistec.P384Point]
0x140381820	crypto/internal/fips140/ecdsa.Verify[go.shape.*crypto/internal/fips140/nistec.P256Point]
0x140381940	crypto/internal/fips140/ecdsa.NewPublicKey[go.shape.*crypto/internal/fips140/nistec.P256Point]
0x140381a40	crypto/internal/fips140/ecdsa.Verify[go.shape.*crypto/internal/fips140/nistec.P224Point]
0x140381b60	crypto/internal/fips140/ecdsa.verifyGeneric[go.shape.*crypto/internal/fips140/nistec.P224Point]
0x1403821c0	crypto/internal/fips140/ecdsa.inverse[go.shape.*crypto/internal/fips140/nistec.P224Point]
0x1403822c0	crypto/internal/fips140/ecdsa.hashToNat[go.shape.*crypto/internal/fips140/nistec.P224Point]
0x140382540	crypto/internal/fips140/ecdsa.NewPublicKey[go.shape.*crypto/internal/fips140/nistec.P224Point]
0x140382640	crypto/internal/fips140/ecdsa.SignDeterministic[go.shape.*crypto/internal/fips140/nistec.P521Point,go.shape.interface { BlockSize() int; Reset(); Size() int; Sum([]uint8) []uint8; Write([]uint8) (int, error) }]
0x1403827e0	crypto/internal/fips140/ecdsa.sign[go.shape.*crypto/internal/fips140/nistec.P521Point]
0x140382860	crypto/internal/fips140/ecdsa.signGeneric[go.shape.*crypto/internal/fips140/nistec.P521Point]
0x140382de0	crypto/internal/fips140/ecdsa.signGeneric[go.shape.*crypto/internal/fips140/nistec.P521Point].func1
0x140382e40	crypto/internal/fips140/ecdsa.randomPoint[go.shape.*crypto/internal/fips140/nistec.P521Point]
0x140383280	crypto/internal/fips140/ecdsa.bits2octets[go.shape.*crypto/internal/fips140/nistec.P521Point]
0x140383380	crypto/internal/fips140/ecdsa.newDRBG[go.shape.interface { BlockSize() int; Reset(); Size() int; Sum([]uint8) []uint8; Write([]uint8) (int, error) }]
0x140383b60	crypto/internal/fips140/ecdsa.newDRBG[go.shape.interface { BlockSize() int; Reset(); Size() int; Sum([]uint8) []uint8; Write([]uint8) (int, error) }].func1
0x140383bc0	crypto/internal/fips140/hmac.New[go.shape.interface { BlockSize() int; Reset(); Size() int; Sum([]uint8) []uint8; Write([]uint8) (int, error) }]
0x140383f80	crypto/internal/fips140/hmac.New[go.shape.interface { BlockSize() int; Reset(); Size() int; Sum([]uint8) []uint8; Write([]uint8) (int, error) }].func1
0x140384040	crypto/internal/fips140/hmac.New[go.shape.interface { BlockSize() int; Reset(); Size() int; Sum([]uint8) []uint8; Write([]uint8) (int, error) }].func1.1
0x140384080	crypto/internal/fips140/ecdsa.NewPrivateKey[go.shape.*crypto/internal/fips140/nistec.P521Point]
0x1403842e0	crypto/internal/fips140/ecdsa.SignDeterministic[go.shape.*crypto/internal/fips140/nistec.P384Point,go.shape.interface { BlockSize() int; Reset(); Size() int; Sum([]uint8) []uint8; Write([]uint8) (int, error) }]
0x140384480	crypto/internal/fips140/ecdsa.sign[go.shape.*crypto/internal/fips140/nistec.P384Point]
0x140384500	crypto/internal/fips140/ecdsa.signGeneric[go.shape.*crypto/internal/fips140/nistec.P384Point]
0x140384a80	crypto/internal/fips140/ecdsa.signGeneric[go.shape.*crypto/internal/fips140/nistec.P384Point].func1
0x140384ae0	crypto/internal/fips140/ecdsa.randomPoint[go.shape.*crypto/internal/fips140/nistec.P384Point]
0x140384f20	crypto/internal/fips140/ecdsa.bits2octets[go.shape.*crypto/internal/fips140/nistec.P384Point]
0x140385020	crypto/internal/fips140/ecdsa.NewPrivateKey[go.shape.*crypto/internal/fips140/nistec.P384Point]
0x140385280	crypto/internal/fips140/ecdsa.SignDeterministic[go.shape.*crypto/internal/fips140/nistec.P256Point,go.shape.interface { BlockSize() int; Reset(); Size() int; Sum([]uint8) []uint8; Write([]uint8) (int, error) }]
0x140385420	crypto/internal/fips140/ecdsa.NewPrivateKey[go.shape.*crypto/internal/fips140/nistec.P256Point]
0x140385680	crypto/internal/fips140/ecdsa.SignDeterministic[go.shape.*crypto/internal/fips140/nistec.P224Point,go.shape.interface { BlockSize() int; Reset(); Size() int; Sum([]uint8) []uint8; Write([]uint8) (int, error) }]
0x140385820	crypto/internal/fips140/ecdsa.sign[go.shape.*crypto/internal/fips140/nistec.P224Point]
0x1403858a0	crypto/internal/fips140/ecdsa.signGeneric[go.shape.*crypto/internal/fips140/nistec.P224Point]
0x140385e20	crypto/internal/fips140/ecdsa.signGeneric[go.shape.*crypto/internal/fips140/nistec.P224Point].func1
0x140385e80	crypto/internal/fips140/ecdsa.randomPoint[go.shape.*crypto/internal/fips140/nistec.P224Point]
0x1403862c0	crypto/internal/fips140/ecdsa.bits2octets[go.shape.*crypto/internal/fips140/nistec.P224Point]
0x1403863c0	crypto/internal/fips140/ecdsa.NewPrivateKey[go.shape.*crypto/internal/fips140/nistec.P224Point]
0x140386620	crypto/internal/fips140/ecdsa.Sign[go.shape.*crypto/internal/fips140/nistec.P521Point,go.shape.interface { BlockSize() int; Reset(); Size() int; Sum([]uint8) []uint8; Write([]uint8) (int, error) }]
0x140386920	crypto/internal/fips140/ecdsa.Sign[go.shape.*crypto/internal/fips140/nistec.P384Point,go.shape.interface { BlockSize() int; Reset(); Size() int; Sum([]uint8) []uint8; Write([]uint8) (int, error) }]
0x140386c20	crypto/internal/fips140/ecdsa.Sign[go.shape.*crypto/internal/fips140/nistec.P256Point,go.shape.interface { BlockSize() int; Reset(); Size() int; Sum([]uint8) []uint8; Write([]uint8) (int, error) }]
0x140386f20	crypto/internal/fips140/ecdsa.Sign[go.shape.*crypto/internal/fips140/nistec.P224Point,go.shape.interface { BlockSize() int; Reset(); Size() int; Sum([]uint8) []uint8; Write([]uint8) (int, error) }]
0x140387220	crypto/internal/fips140/ecdsa.GenerateKey[go.shape.*crypto/internal/fips140/nistec.P521Point]
0x140387420	crypto/internal/fips140/ecdsa.GenerateKey[go.shape.*crypto/internal/fips140/nistec.P521Point].fipsPCT[go.shape.*crypto/internal/fips140/nistec.P521Point].func2
0x140387540	crypto/internal/fips140/ecdsa.GenerateKey[go.shape.*crypto/internal/fips140/nistec.P521Point].func1
0x1403875a0	crypto/internal/fips140/ecdsa.GenerateKey[go.shape.*crypto/internal/fips140/nistec.P384Point]
0x1403877a0	crypto/internal/fips140/ecdsa.GenerateKey[go.shape.*crypto/internal/fips140/nistec.P384Point].fipsPCT[go.shape.*crypto/internal/fips140/nistec.P384Point].func2
0x1403878c0	crypto/internal/fips140/ecdsa.GenerateKey[go.shape.*crypto/internal/fips140/nistec.P384Point].func1
0x140387920	crypto/internal/fips140/ecdsa.GenerateKey[go.shape.*crypto/internal/fips140/nistec.P256Point]
0x140387b20	crypto/internal/fips140/ecdsa.GenerateKey[go.shape.*crypto/internal/fips140/nistec.P256Point].fipsPCT[go.shape.*crypto/internal/fips140/nistec.P256Point].func2
0x140387c40	crypto/internal/fips140/ecdsa.GenerateKey[go.shape.*crypto/internal/fips140/nistec.P256Point].func1
0x140387ca0	crypto/internal/fips140/ecdsa.GenerateKey[go.shape.*crypto/internal/fips140/nistec.P224Point]
0x140387ea0	crypto/internal/fips140/ecdsa.GenerateKey[go.shape.*crypto/internal/fips140/nistec.P224Point].fipsPCT[go.shape.*crypto/internal/fips140/nistec.P224Point].func2
0x140387fc0	crypto/internal/fips140/ecdsa.GenerateKey[go.shape.*crypto/internal/fips140/nistec.P224Point].func1
0x140388020	crypto/internal/fips140/edwards25519.init
0x1403882a0	crypto/internal/fips140/edwards25519.(*Point).bytes
0x140388560	crypto/internal/fips140/edwards25519.(*Point).SetBytes
0x140388900	crypto/internal/fips140/edwards25519.(*projP2).FromP1xP1
0x140388a20	crypto/internal/fips140/edwards25519.(*Point).fromP1xP1
0x140388b80	crypto/internal/fips140/edwards25519.(*Point).fromP2
0x140388cc0	crypto/internal/fips140/edwards25519.(*projCached).FromP3
0x140388da0	crypto/internal/fips140/edwards25519.(*affineCached).FromP3
0x140388f20	crypto/internal/fips140/edwards25519.(*Point).Add
0x140389120	crypto/internal/fips140/edwards25519.(*projP1xP1).Add
0x140389420	crypto/internal/fips140/edwards25519.(*projP1xP1).Sub
0x140389720	crypto/internal/fips140/edwards25519.(*projP1xP1).AddAffine
0x1403899e0	crypto/internal/fips140/edwards25519.(*projP1xP1).SubAffine
0x140389ca0	crypto/internal/fips140/edwards25519.(*projP1xP1).Double
0x140389ee0	crypto/internal/fips140/edwards25519.(*Point).Negate
0x14038a080	crypto/internal/fips140/edwards25519.(*affineCached).Select
0x14038a1e0	crypto/internal/fips140/edwards25519.(*affineCached).CondNeg
0x14038a300	crypto/internal/fips140/edwards25519.(*Scalar).MultiplyAdd
0x14038a3a0	crypto/internal/fips140/edwards25519.(*Scalar).SetUniformBytes
0x14038a520	crypto/internal/fips140/edwards25519.(*Scalar).setShortBytes
0x14038a600	crypto/internal/fips140/edwards25519.(*Scalar).SetCanonicalBytes
0x14038a700	crypto/internal/fips140/edwards25519.isReduced
0x14038a780	crypto/internal/fips140/edwards25519.(*Scalar).SetBytesWithClamping
0x14038a880	crypto/internal/fips140/edwards25519.(*Scalar).bytes
0x14038a900	crypto/internal/fips140/edwards25519.(*Scalar).nonAdjacentForm
0x14038ac20	crypto/internal/fips140/edwards25519.(*Scalar).signedRadix16
0x14038adc0	crypto/internal/fips140/edwards25519.fiatScalarMul
0x14038b360	crypto/internal/fips140/edwards25519.fiatScalarAdd
0x14038b440	crypto/internal/fips140/edwards25519.fiatScalarFromMontgomery
0x14038b6a0	crypto/internal/fips140/edwards25519.fiatScalarToMontgomery
0x14038bc40	crypto/internal/fips140/edwards25519.fiatScalarToBytes
0x14038bc60	crypto/internal/fips140/edwards25519.fiatScalarFromBytes
0x14038bf00	crypto/internal/fips140/edwards25519.basepointTable
0x14038bf60	crypto/internal/fips140/edwards25519.(*Point).ScalarBaseMult
0x14038c360	crypto/internal/fips140/edwards25519.basepointNafTable
0x14038c3c0	crypto/internal/fips140/edwards25519.(*Point).VarTimeDoubleScalarBaseMult
0x14038ca60	crypto/internal/fips140/edwards25519.(*affineLookupTable).FromP3
0x14038cb80	crypto/internal/fips140/edwards25519.(*nafLookupTable5).FromP3
0x14038cce0	crypto/internal/fips140/edwards25519.(*nafLookupTable8).FromP3
0x14038ce40	crypto/internal/fips140/edwards25519.(*affineLookupTable).SelectInto
0x14038cf60	crypto/internal/fips140/edwards25519.basepointNafTable.func1
0x14038cfe0	crypto/internal/fips140/edwards25519.basepointTable.func1
0x14038d0c0	crypto/internal/fips140/ed25519.init
0x14038d180	crypto/internal/fips140/ed25519.init.OnceFunc.func2
0x14038d1e0	crypto/internal/fips140/ed25519.init.OnceFunc.func2.1
0x14038d260	crypto/internal/fips140/ed25519.init.OnceFunc.func2.1.1
0x14038d2e0	crypto/internal/fips140/ed25519.init.func1
0x14038d320	crypto/internal/fips140/ed25519.init.func1.1
0x14038d5e0	crypto/internal/fips140/ed25519.newPrivateKeyFromSeed
0x14038d700	crypto/internal/fips140/ed25519.precomputePrivateKey
0x14038d960	crypto/internal/fips140/ed25519.newPrivateKey
0x14038dc40	crypto/internal/fips140/ed25519.newPublicKey
0x14038dda0	crypto/internal/fips140/ed25519.sign
0x14038dea0	crypto/internal/fips140/ed25519.signPH
0x14038e100	crypto/internal/fips140/ed25519.signCtx
0x14038e2e0	crypto/internal/fips140/ed25519.signWithDom
0x14038e920	crypto/internal/fips140/ed25519.verify
0x14038ea20	crypto/internal/fips140/ed25519.VerifyPH
0x14038ec60	crypto/internal/fips140/ed25519.VerifyCtx
0x14038ee20	crypto/internal/fips140/ed25519.verifyWithDom
0x14038f340	crypto/internal/fips140/rsa.init
0x14038f5a0	crypto/internal/fips140/rsa.init.OnceFunc.func2
0x14038f600	crypto/internal/fips140/rsa.init.OnceFunc.func2.1
0x14038f680	crypto/internal/fips140/rsa.init.OnceFunc.func2.1.1
0x14038f700	crypto/internal/fips140/rsa.init.func1
0x14038f740	crypto/internal/fips140/rsa.init.func1.1
0x14038fb00	crypto/internal/fips140/rsa.map.init.0
0x1403902c0	crypto/internal/fips140/rsa.testPrivateKey
0x140390ea0	crypto/internal/fips140/rsa.SignPKCS1v15
0x1403910c0	crypto/internal/fips140/rsa.signPKCS1v15
0x140391160	crypto/internal/fips140/rsa.pkcs1v15ConstructEM
0x140391420	crypto/internal/fips140/rsa.VerifyPKCS1v15
0x1403916a0	crypto/internal/fips140/rsa.verifyPKCS1v15
0x1403918c0	crypto/internal/fips140/rsa.mgf1XOR
0x140391ae0	crypto/internal/fips140/rsa.emsaPSSEncode
0x140391f60	crypto/internal/fips140/rsa.emsaPSSVerify
0x140392520	crypto/internal/fips140/rsa.PSSMaxSaltLength
0x140392660	crypto/internal/fips140/rsa.SignPSS
0x140392a80	crypto/internal/fips140/rsa.verifyPSS
0x140392d80	crypto/internal/fips140/rsa.DecryptOAEP
0x1403933a0	crypto/internal/fips140/rsa.(*PublicKey).Size
0x140393400	crypto/internal/fips140/rsa.NewPrivateKey
0x1403935c0	crypto/internal/fips140/rsa.newPrivateKey
0x140394200	crypto/internal/fips140/rsa.NewPrivateKeyWithPrecomputation
0x140394560	crypto/internal/fips140/rsa.NewPrivateKeyWithoutCRT
0x140394700	crypto/internal/fips140/rsa.(*PrivateKey).Export
0x140395000	crypto/internal/fips140/rsa.checkPrivateKey
0x140396e20	crypto/internal/fips140/rsa.checkPublicKey
0x1403971c0	crypto/internal/fips140/rsa.Encrypt
0x140397280	crypto/internal/fips140/rsa.encrypt
0x1403973e0	crypto/internal/fips140/rsa.DecryptWithoutCheck
0x140397460	crypto/internal/fips140/rsa.decrypt
0x140397d40	crypto/internal/fips140/hkdf.init.0
0x140397d80	crypto/internal/fips140/hkdf.init.0.func1
0x140397ee0	crypto/internal/fips140/hkdf.Key[go.shape.*uint8]
0x140397fc0	crypto/internal/fips140/hkdf.Expand[go.shape.*uint8]
0x140398300	crypto/internal/fips140/hkdf.Extract[go.shape.*uint8]
0x140398480	crypto/internal/fips140/hkdf.Expand[go.shape.interface { BlockSize() int; Reset(); Size() int; Sum([]uint8) []uint8; Write([]uint8) (int, error) }]
0x1403987c0	crypto/internal/fips140/hkdf.Extract[go.shape.interface { BlockSize() int; Reset(); Size() int; Sum([]uint8) []uint8; Write([]uint8) (int, error) }]
0x140398940	crypto/internal/fips140/mlkem.init.0
0x140398980	crypto/internal/fips140/mlkem.ringCompressAndEncode1
0x140398b20	crypto/internal/fips140/mlkem.ringCompressAndEncode4
0x140398ce0	crypto/internal/fips140/mlkem.ringDecodeAndDecompress4
0x140398e40	crypto/internal/fips140/mlkem.ringCompressAndEncode10
0x140399140	crypto/internal/fips140/mlkem.ringDecodeAndDecompress10
0x140399360	crypto/internal/fips140/mlkem.samplePolyCBD
0x140399620	crypto/internal/fips140/mlkem.nttMul
0x140399800	crypto/internal/fips140/mlkem.ntt
0x140399a40	crypto/internal/fips140/mlkem.inverseNTT
0x140399cc0	crypto/internal/fips140/mlkem.sampleNTT
0x140399fc0	crypto/internal/fips140/mlkem.(*EncapsulationKey768).bytes
0x14039a160	crypto/internal/fips140/mlkem.newKeyFromSeed
0x14039a200	crypto/internal/fips140/mlkem.kemKeyGen
0x14039aa60	crypto/internal/fips140/mlkem.(*EncapsulationKey768).encapsulate
0x14039aae0	crypto/internal/fips140/mlkem.kemEncaps
0x14039ac60	crypto/internal/fips140/mlkem.parseEK
0x14039b000	crypto/internal/fips140/mlkem.pkeEncrypt
0x14039bb40	crypto/internal/fips140/mlkem.(*DecapsulationKey768).Decapsulate
0x14039bbe0	crypto/internal/fips140/mlkem.kemDecaps
0x14039bf40	crypto/internal/fips140/mlkem.pkeDecrypt
0x14039c420	crypto/internal/fips140/mlkem.init.0.func1
0x14039c740	crypto/internal/fips140/mlkem.polyByteDecode[go.shape.[256]crypto/internal/fips140/mlkem.fieldElement]
0x14039ca20	crypto/internal/fips140/mlkem.polyByteEncode[go.shape.[256]crypto/internal/fips140/mlkem.fieldElement]
0x14039cba0	crypto/internal/fips140/tls13.init.0
0x14039cbe0	crypto/internal/fips140/tls13.(*EarlySecret).HandshakeSecret
0x14039cd20	crypto/internal/fips140/tls13.(*HandshakeSecret).MasterSecret
0x14039ce20	crypto/internal/fips140/tls13.(*ExporterMasterSecret).Exporter
0x14039cfa0	crypto/internal/fips140/tls13.init.0.func1
0x14039d120	crypto/internal/fips140/tls13.deriveSecret[go.shape.interface { BlockSize() int; Reset(); Size() int; Sum([]uint8) []uint8; Write([]uint8) (int, error) }]
0x14039d300	crypto/internal/fips140/tls13.ExpandLabel[go.shape.interface { BlockSize() int; Reset(); Size() int; Sum([]uint8) []uint8; Write([]uint8) (int, error) }]
0x14039d740	crypto/internal/fips140/tls13.extract[go.shape.interface { BlockSize() int; Reset(); Size() int; Sum([]uint8) []uint8; Write([]uint8) (int, error) }]
0x14039d860	crypto/internal/fips140/tls13.NewEarlySecret[go.shape.*uint8]
0x14039d9a0	crypto/internal/fips140/tls13.NewEarlySecret[go.shape.*uint8].func1
0x14039d9e0	crypto/internal/fips140/tls13.extract[go.shape.*uint8]
0x14039db00	crypto/internal/fips140/tls12.init.0
0x14039db40	crypto/internal/fips140/tls12.init.0.func1
0x14039dca0	crypto/internal/fips140/tls12.MasterSecret[go.shape.*uint8]
0x14039de60	crypto/internal/fips140/tls12.PRF[go.shape.*uint8]
0x14039e020	crypto/internal/fips140/tls12.pHash[go.shape.*uint8]
0x14039e280	crypto/internal/fips140/tls12.MasterSecret[go.shape.interface { BlockSize() int; Reset(); Size() int; Sum([]uint8) []uint8; Write([]uint8) (int, error) }]
0x14039e460	crypto/internal/fips140/tls12.PRF[go.shape.interface { BlockSize() int; Reset(); Size() int; Sum([]uint8) []uint8; Write([]uint8) (int, error) }]
0x14039e620	crypto/internal/fips140/tls12.pHash[go.shape.interface { BlockSize() int; Reset(); Size() int; Sum([]uint8) []uint8; Write([]uint8) (int, error) }]
0x14039e880	crypto/internal/fips140/tls13.NewEarlySecret[go.shape.interface { BlockSize() int; Reset(); Size() int; Sum([]uint8) []uint8; Write([]uint8) (int, error) }]
0x14039e9c0	crypto/internal/fips140/tls13.NewEarlySecret[go.shape.interface { BlockSize() int; Reset(); Size() int; Sum([]uint8) []uint8; Write([]uint8) (int, error) }].func1
0x14039ea40	crypto/internal/fips140/pbkdf2.init.0
0x14039ea80	crypto/internal/fips140/pbkdf2.divRoundUp
0x14039eac0	crypto/internal/fips140/pbkdf2.setServiceIndicator
0x14039eb40	crypto/internal/fips140/pbkdf2.init.0.func1
0x14039ec40	crypto/internal/fips140/pbkdf2.Key[go.shape.*uint8]
0x14039f200	crypto/internal/fips140/pbkdf2.Key[go.shape.interface { BlockSize() int; Reset(); Size() int; Sum([]uint8) []uint8; Write([]uint8) (int, error) }]
0x14039f720	go:textfipsend
