module	id	bytes	class	readable	tier	alias	deps_equal
ace	nmodule/ace/rc/aceComponentMenuAgent	388	SEMANTIC-MATCH	ace/extracted/rc/aceComponentMenuAgent.js	compress		True
ace	nmodule/ace/rc/AcePointManager	434	SEMANTIC-MATCH	ace/extracted/rc/AcePointManager.js	uglify-expr		True
ace	nmodule/ace/rc/acePointManagerMenuAgent	414	SEMANTIC-MATCH	ace/extracted/rc/acePointManagerMenuAgent.js	compress		True
alarm	nmodule/alarm/rc/Alarm	2613	SEMANTIC-MATCH	alarm/extracted/rc/Alarm.js	uglify-expr		True
alarm	nmodule/alarm/rc/baja/AlarmInstructions	949	SEMANTIC-MATCH	alarm/extracted/rc/baja/AlarmInstructions.js	uglify-expr		True
alarm	nmodule/alarm/rc/baja/AlarmPriorities	1350	SEMANTIC-MATCH	alarm/extracted/rc/baja/AlarmPriorities.js	uglify-expr		True
alarm	nmodule/alarm/rc/baja/AlarmTransitionBits	1934	SEMANTIC-MATCH	alarm/extracted/rc/baja/AlarmTransitionBits.js	uglify-expr		True
alarm	nmodule/alarm/rc/baja/ext/AlarmAlgorithm	635	SEMANTIC-MATCH	alarm/extracted/rc/baja/ext/AlarmAlgorithm.js	uglify-expr		True
alarm	nmodule/alarm/rc/baja/ext/BooleanChangeOfStateAlgorithm	418	SEMANTIC-MATCH	alarm/extracted/rc/baja/ext/BooleanChangeOfStateAlgorithm.js	uglify-expr		True
alarm	nmodule/alarm/rc/baja/ext/ConsoleRecipient	3083	SEMANTIC-MATCH	alarm/extracted/rc/baja/ext/ConsoleRecipient.js	uglify-expr		True
alarm	nmodule/alarm/rc/baja/ext/EnumChangeOfStateAlgorithm	441	SEMANTIC-MATCH	alarm/extracted/rc/baja/ext/EnumChangeOfStateAlgorithm.js	uglify-expr		True
alarm	nmodule/alarm/rc/baja/ext/EnumCommandFailureAlgorithm	444	SEMANTIC-MATCH	alarm/extracted/rc/baja/ext/EnumCommandFailureAlgorithm.js	uglify-expr		True
alarm	nmodule/alarm/rc/baja/ext/EnumFaultAlgorithm	433	SEMANTIC-MATCH	alarm/extracted/rc/baja/ext/EnumFaultAlgorithm.js	uglify-expr		True
alarm	nmodule/alarm/rc/baja/ext/OutOfRangeAlgorithm	528	SEMANTIC-MATCH	alarm/extracted/rc/baja/ext/OutOfRangeAlgorithm.js	uglify-expr		True
alarm	nmodule/alarm/rc/baja/ext/OutOfRangeFaultAlgorithm	533	SEMANTIC-MATCH	alarm/extracted/rc/baja/ext/OutOfRangeFaultAlgorithm.js	uglify-expr		True
alarm	nmodule/alarm/rc/console/support/AlarmConsoleSupport	1545	SEMANTIC-MATCH	alarm/extracted/rc/console/support/AlarmConsoleSupport.js	compress		True
alarm	nmodule/alarm/rc/console/support/AlarmConsoleAudioSupport	271	SEMANTIC-MATCH	alarm/extracted/rc/console/support/AlarmConsoleAudioSupport.js	compress		True
alarm	nmodule/alarm/rc/console/audio/AlarmAudioHandler	1234	SEMANTIC-MATCH	alarm/extracted/rc/console/audio/AlarmAudioHandler.js	compress		True
alarm	nmodule/alarm/rc/console/audio/AlarmAudioQueue	1352	SKELETON-MATCH	alarm/extracted/rc/console/audio/AlarmAudioQueue.js	skeleton		True
alarm	nmodule/alarm/rc/console/baja/BajaDataChannel	6402	SEMANTIC-MATCH	alarm/extracted/rc/console/baja/BajaDataChannel.js	uglify-expr		True
alarm	nmodule/alarm/rc/console/table/columns/DefaultColumn	639	SEMANTIC-MATCH	alarm/extracted/rc/console/table/columns/DefaultColumn.js	uglify-expr		True
alarm	nmodule/alarm/rc/console/table/columns/AckStateColumn	667	SEMANTIC-MATCH	alarm/extracted/rc/console/table/columns/AckStateColumn.js	uglify-expr		True
alarm	nmodule/alarm/rc/console/table/columns/AlarmDataColumn	625	SEMANTIC-MATCH	alarm/extracted/rc/console/table/columns/AlarmDataColumn.js	uglify-expr		True
alarm	nmodule/alarm/rc/console/table/columns/CustomAlarmDataColumn	497	SEMANTIC-MATCH	alarm/extracted/rc/console/table/columns/CustomAlarmDataColumn.js	uglify-expr		True
alarm	nmodule/alarm/rc/console/table/columns/InfoColumn	1917	SKELETON-MATCH	alarm/extracted/rc/console/table/columns/InfoColumn.js	skeleton		True
alarm	nmodule/alarm/rc/console/table/columns/SourceColumn	511	SEMANTIC-MATCH	alarm/extracted/rc/console/table/columns/SourceColumn.js	uglify-expr		True
alarm	nmodule/alarm/rc/console/table/columns/TimestampColumn	588	SEMANTIC-MATCH	alarm/extracted/rc/console/table/columns/TimestampColumn.js	uglify-expr		True
alarm	nmodule/alarm/rc/console/table/columns/SelectColumn	442	SEMANTIC-MATCH	alarm/extracted/rc/console/table/columns/SelectColumn.js	uglify-expr		True
alarm	nmodule/alarm/rc/console/baja/BajaAlarmConsoleSupport	5935	SKELETON-MATCH	alarm/extracted/rc/console/baja/BajaAlarmConsoleSupport.js	skeleton		True
alarm	nmodule/alarm/rc/console/baja/BajaAlarmConsoleAudioSupport	568	SEMANTIC-MATCH	alarm/extracted/rc/console/baja/BajaAlarmConsoleAudioSupport.js	uglify-expr		True
alarm	nmodule/alarm/rc/console/support/SupportFactory	1000	SEMANTIC-MATCH	alarm/extracted/rc/console/support/SupportFactory.js	compress		True
alarm	nmodule/alarm/rc/console/AlarmConsoleViewModel	8325	SKELETON-MATCH	alarm/extracted/rc/console/AlarmConsoleViewModel.js	skeleton		True
alarm	nmodule/alarm/rc/console/commands/alarmConsoleCommandMixIn	326	SEMANTIC-MATCH	alarm/extracted/rc/console/commands/alarmConsoleCommandMixIn.js	compress		True
alarm	nmodule/alarm/rc/console/commands/AcknowledgeCommand	1726	SKELETON-MATCH	alarm/extracted/rc/console/commands/AcknowledgeCommand.js	skeleton		True
alarm	nmodule/alarm/rc/console/commands/HyperlinkCommand	848	SEMANTIC-MATCH	alarm/extracted/rc/console/commands/HyperlinkCommand.js	uglify-expr		True
alarm	nmodule/alarm/rc/fe/AlarmNotesEditor	1059	SEMANTIC-MATCH	alarm/extracted/rc/fe/AlarmNotesEditor.js	uglify-expr		True
alarm	nmodule/alarm/rc/util/alarmUtils	1487	SEMANTIC-MATCH	alarm/extracted/rc/util/alarmUtils.js	compress		True
alarm	nmodule/alarm/rc/console/commands/NotesCommand	2132	SEMANTIC-MATCH	alarm/extracted/rc/console/commands/NotesCommand.js	uglify-expr		True
alarm	nmodule/alarm/rc/console/commands/SequenceCommand	2453	SEMANTIC-MATCH	alarm/extracted/rc/console/commands/SequenceCommand.js	uglify-expr		True
alarm	nmodule/alarm/rc/console/fe/DetailsEditor	3040	SEMANTIC-MATCH	alarm/extracted/rc/console/fe/DetailsEditor.js	uglify-expr		True
alarm	nmodule/alarm/rc/console/commands/DetailsCommand	3089	SKELETON-MATCH	alarm/extracted/rc/console/commands/DetailsCommand.js	skeleton		True
alarm	nmodule/alarm/rc/console/commands/FilterCommand	1302	SEMANTIC-MATCH	alarm/extracted/rc/console/commands/FilterCommand.js	uglify-expr		True
alarm	nmodule/alarm/rc/console/commands/ForceClearCommand	1126	SKELETON-MATCH	alarm/extracted/rc/console/commands/ForceClearCommand.js	skeleton		True
alarm	nmodule/alarm/rc/console/fe/OptionsEditor	3254	SEMANTIC-MATCH	alarm/extracted/rc/console/fe/OptionsEditor.js	uglify-expr		True
alarm	nmodule/alarm/rc/console/commands/OptionsCommand	1525	SKELETON-MATCH	alarm/extracted/rc/console/commands/OptionsCommand.js	skeleton		True
alarm	nmodule/alarm/rc/console/commands/ShowAlarmsCommand	1388	SKELETON-MATCH	alarm/extracted/rc/console/commands/ShowAlarmsCommand.js	skeleton		True
alarm	nmodule/alarm/rc/console/commands/SilenceCommand	407	SEMANTIC-MATCH	alarm/extracted/rc/console/commands/SilenceCommand.js	uglify-expr		True
alarm	nmodule/alarm/rc/console/commands/SoundOffCommand	940	SEMANTIC-MATCH	alarm/extracted/rc/console/commands/SoundOffCommand.js	uglify-expr		True
alarm	nmodule/alarm/rc/console/commands/ContinuousCommand	680	SEMANTIC-MATCH	alarm/extracted/rc/console/commands/ContinuousCommand.js	uglify-expr		True
alarm	nmodule/alarm/rc/console/commands/SelectAllCommand	443	SEMANTIC-MATCH	alarm/extracted/rc/console/commands/SelectAllCommand.js	uglify-expr		True
alarm	nmodule/alarm/rc/console/table/AlarmTableContextMenu	2440	SEMANTIC-MATCH	alarm/extracted/rc/console/table/AlarmTableContextMenu.js	uglify-expr		True
alarm	hbs!nmodule/alarm/rc/console/templates/AlarmConsole	1630	HBS-RECOMPILE-MATCH	alarm/extracted/rc/console/templates/AlarmConsole.hbs			
alarm	nmodule/alarm/rc/console/AlarmConsole	11402	SKELETON-MATCH	alarm/extracted/rc/console/AlarmConsole.js	skeleton		True
alarm	nmodule/alarm/rc/db/AlarmFacetColumn	573	SEMANTIC-MATCH	alarm/extracted/rc/db/AlarmFacetColumn.js	uglify-expr		True
alarm	nmodule/alarm/rc/db/AlarmPropertyColumn	944	SEMANTIC-MATCH	alarm/extracted/rc/db/AlarmPropertyColumn.js	uglify-expr		True
alarm	nmodule/alarm/rc/db/editors/AlarmDetailsTable	2244	SKELETON-MATCH	alarm/extracted/rc/db/editors/AlarmDetailsTable.js	skeleton		True
alarm	nmodule/alarm/rc/db/commands/NotesCommand	1183	SKELETON-MATCH	alarm/extracted/rc/db/commands/NotesCommand.js	skeleton		True
alarm	nmodule/alarm/rc/db/editors/Sequencer	1624	SEMANTIC-MATCH	alarm/extracted/rc/db/editors/Sequencer.js	compress		True
alarm	hbs!nmodule/alarm/rc/db/templates/alarmDetails	316	HBS-RECOMPILE-MATCH	alarm/extracted/rc/db/templates/alarmDetails.hbs			
alarm	nmodule/alarm/rc/db/commands/AlarmDetailsCommand	1583	SKELETON-MATCH	alarm/extracted/rc/db/commands/AlarmDetailsCommand.js	skeleton		True
alarm	nmodule/alarm/rc/db/commands/FilterCommand	2052	SEMANTIC-MATCH	alarm/extracted/rc/db/commands/FilterCommand.js	uglify-expr		True
alarm	nmodule/alarm/rc/db/commands/PlayCommand	708	SEMANTIC-MATCH	alarm/extracted/rc/db/commands/PlayCommand.js	uglify-expr		True
alarm	nmodule/alarm/rc/db/commands/RefreshCommand	432	SEMANTIC-MATCH	alarm/extracted/rc/db/commands/RefreshCommand.js	uglify-expr		True
alarm	nmodule/alarm/rc/db/editors/AlarmTable	2461	SKELETON-MATCH	alarm/extracted/rc/db/editors/AlarmTable.js	skeleton		True
alarm	nmodule/alarm/rc/db/editors/AlarmTablePaginationModel	2292	SEMANTIC-MATCH	alarm/extracted/rc/db/editors/AlarmTablePaginationModel.js	uglify-expr		True
alarm	nmodule/alarm/rc/db/editors/Pager	3802	SKELETON-MATCH	alarm/extracted/rc/db/editors/Pager.js	skeleton		True
alarm	hbs!nmodule/alarm/rc/db/templates/dialog	1525	HBS-RECOMPILE-MATCH	alarm/extracted/rc/db/templates/dialog.hbs			
alarm	nmodule/alarm/rc/db/editors/RunCommand	2558	SEMANTIC-MATCH	alarm/extracted/rc/db/editors/RunCommand.js	uglify-expr		True
alarm	hbs!nmodule/alarm/rc/db/templates/view	6188	HBS-RECOMPILE-MATCH	alarm/extracted/rc/db/templates/view.hbs			
alarm	nmodule/alarm/rc/db/DatabaseMaintenance	3908	SEMANTIC-MATCH	alarm/extracted/rc/db/DatabaseMaintenance.js	uglify-expr		True
alarm	nmodule/alarm/rc/db/DatabaseView	337	SEMANTIC-MATCH	alarm/extracted/rc/db/DatabaseView.js	uglify-expr		True
alarm	nmodule/alarm/rc/fe/AlarmClassEditor	1962	SKELETON-MATCH	alarm/extracted/rc/fe/AlarmClassEditor.js	skeleton		True
alarm	nmodule/alarm/rc/fe/AlarmInstructionsEditor	2854	SEMANTIC-MATCH	alarm/extracted/rc/fe/AlarmInstructionsEditor.js	uglify-expr		True
alarm	nmodule/alarm/rc/fe/AlarmPrioritiesEditor	1062	SEMANTIC-MATCH	alarm/extracted/rc/fe/AlarmPrioritiesEditor.js	uglify-expr		True
alarm	nmodule/alarm/rc/fe/AlarmTransitionBitsEditor	1137	SKELETON-MATCH	alarm/extracted/rc/fe/AlarmTransitionBitsEditor.js	skeleton		True
alarm	nmodule/alarm/rc/fe/AlgorithmEnumEditor	504	SEMANTIC-MATCH	alarm/extracted/rc/fe/AlgorithmEnumEditor.js	uglify-expr		True
alarm	nmodule/alarm/rc/fe/EnumAlarmRangeEditor	4259	SEMANTIC-MATCH	alarm/extracted/rc/fe/EnumAlarmRangeEditor.js	uglify-expr		True
alarm	nmodule/alarm/rc/fe/LimitEnableEditor	517	SEMANTIC-MATCH	alarm/extracted/rc/fe/LimitEnableEditor.js	uglify-expr		True
alarm	nmodule/alarm/rc/views/commands/EditAlarmClassCommand	620	SKELETON-MATCH	alarm/extracted/rc/views/commands/EditAlarmClassCommand.js	skeleton		True
alarm	nmodule/alarm/rc/views/commands/EditInstructionsCommand	659	SKELETON-MATCH	alarm/extracted/rc/views/commands/EditInstructionsCommand.js	skeleton		True
alarm	nmodule/alarm/rc/views/commands/GoToPointCommand	347	SKELETON-MATCH	alarm/extracted/rc/views/commands/GoToPointCommand.js	skeleton		True
alarm	nmodule/alarm/rc/views/commands/ToFaultCommand	1005	SKELETON-MATCH	alarm/extracted/rc/views/commands/ToFaultCommand.js	skeleton		True
alarm	nmodule/alarm/rc/views/commands/ToOffnormalCommand	1021	SKELETON-MATCH	alarm/extracted/rc/views/commands/ToOffnormalCommand.js	skeleton		True
alarm	nmodule/alarm/rc/views/AlarmExtUxManager	10499	SKELETON-MATCH	alarm/extracted/rc/views/AlarmExtUxManager.js	skeleton		True
analytics	nmodule/analytics/rc/analyticsUtil	3060	SEMANTIC-MATCH	analytics/extracted/rc/analyticsUtil.js	uglify-expr		True
analytics	nmodule/analytics/rc/AnalyticsBoxTableSeries	2493	SEMANTIC-MATCH	analytics/extracted/rc/AnalyticsBoxTableSeries.js	uglify-expr		True
analytics	nmodule/analytics/rc/AnalyticsChartFactory	473	SEMANTIC-MATCH	analytics/extracted/rc/AnalyticsChartFactory.js	uglify-expr		True
analytics	nmodule/analytics/rc/AnalyticValueBinding	1243	SKELETON-MATCH	analytics/extracted/rc/AnalyticValueBinding.js	skeleton		True
analytics	nmodule/analytics/rc/AnalyticWbViewBinding	260	SKELETON-MATCH	analytics/extracted/rc/AnalyticWbViewBinding.js	skeleton		True
analytics	nmodule/analytics/rc/baja/AbstractAnalyticsWebBinding	2232	SKELETON-MATCH	analytics/extracted/rc/baja/AbstractAnalyticsWebBinding.js	skeleton		True
analytics	nmodule/analytics/rc/baja/AnalyticChartBinding	1532	SKELETON-MATCH	analytics/extracted/rc/baja/AnalyticChartBinding.js	skeleton		True
analytics	nmodule/analytics/rc/baja/AnalyticRollupBinding	1564	SKELETON-MATCH	analytics/extracted/rc/baja/AnalyticRollupBinding.js	skeleton		True
analytics	nmodule/analytics/rc/baja/AnalyticTableBinding	1567	SKELETON-MATCH	analytics/extracted/rc/baja/AnalyticTableBinding.js	skeleton		True
analytics	nmodule/analytics/rc/baja/AnalyticWebChartBinding	349	SKELETON-MATCH	analytics/extracted/rc/baja/AnalyticWebChartBinding.js	skeleton		True
analytics	nmodule/analytics/rc/baja/AnalyticWebRollupBinding	347	SKELETON-MATCH	analytics/extracted/rc/baja/AnalyticWebRollupBinding.js	skeleton		True
analytics	nmodule/analytics/rc/baja/CellValue	366	SKELETON-MATCH	analytics/extracted/rc/baja/CellValue.js	skeleton		True
analytics	nmodule/analytics/rc/baja/OptionalCellValue	328	SKELETON-MATCH	analytics/extracted/rc/baja/OptionalCellValue.js	skeleton		True
analytics	nmodule/analytics/rc/chart/base/AnalyticTrendRecord	227	SEMANTIC-MATCH	analytics/extracted/rc/chart/base/AnalyticTrendRecord.js	compress		True
analytics	nmodule/analytics/rc/report/util/reportConstants	988	SEMANTIC-MATCH	analytics/extracted/rc/report/util/reportConstants.js	compress		True
analytics	nmodule/analytics/rc/util/analyticsUtil	35134	SKELETON-MATCH	analytics/extracted/rc/util/analyticsUtil.js	skeleton		True
analytics	hbs!nmodule/analytics/rc/chart/templates/base/analyticsBaseChartTmpl	1640	HBS-RECOMPILE-MATCH	analytics/extracted/rc/chart/templates/base/analyticsBaseChartTmpl.hbs			
analytics	hbs!nmodule/analytics/rc/chart/templates/fe/analyticBaseChartMasterTabTemplate	2976	HBS-RECOMPILE-MATCH	analytics/extracted/rc/chart/templates/fe/analyticBaseChartMasterTabTemplate.hbs			
analytics	nmodule/analytics/rc/report/util/reportUtils	5432	SKELETON-MATCH	analytics/extracted/rc/report/util/reportUtils.js	skeleton		True
analytics	nmodule/analytics/rc/chart/base/analyticEvents	505	SEMANTIC-MATCH	analytics/extracted/rc/chart/base/analyticEvents.js	compress		True
analytics	nmodule/analytics/rc/chart/utils/AnalyticsChartDragDropUtils	1215	SEMANTIC-MATCH	analytics/extracted/rc/chart/utils/AnalyticsChartDragDropUtils.js	compress		True
analytics	nmodule/analytics/rc/chart/base/AnalyticsBaseDataModel	7549	SEMANTIC-MATCH	analytics/extracted/rc/chart/base/AnalyticsBaseDataModel.js	uglify-expr		True
analytics	nmodule/analytics/rc/chart/base/AnalyticsMultiNodeDataModel	3866	SEMANTIC-MATCH	analytics/extracted/rc/chart/base/AnalyticsMultiNodeDataModel.js	uglify-expr		True
analytics	nmodule/analytics/rc/chart/base/AnalyticsMultiOrdDataModel	1504	SEMANTIC-MATCH	analytics/extracted/rc/chart/base/AnalyticsMultiOrdDataModel.js	uglify-expr		True
analytics	nmodule/analytics/rc/chart/base/AnalyticMultiNodeBaselineModel	638	SEMANTIC-MATCH	analytics/extracted/rc/chart/base/AnalyticMultiNodeBaselineModel.js	uglify-expr		True
analytics	nmodule/analytics/rc/util/ModelFactory	4326	SKELETON-MATCH	analytics/extracted/rc/util/ModelFactory.js	skeleton		True
analytics	nmodule/analytics/rc/chart/utils/AnalyticsDataUtils	19276	SKELETON-MATCH	analytics/extracted/rc/chart/utils/AnalyticsDataUtils.js	skeleton		True
analytics	hbs!nmodule/analytics/rc/chart/templates/fe/analyticDataEditor	1480	HBS-RECOMPILE-MATCH	analytics/extracted/rc/chart/templates/fe/analyticDataEditor.hbs			
analytics	nmodule/analytics/rc/chart/fe/AnalyticDataEditorFE	2214	SEMANTIC-MATCH	analytics/extracted/rc/chart/fe/AnalyticDataEditorFE.js	uglify-expr		True
analytics	hbs!nmodule/analytics/rc/chart/templates/fe/analyticOptionalValue	546	HBS-RECOMPILE-MATCH	analytics/extracted/rc/chart/templates/fe/analyticOptionalValue.hbs			
analytics	nmodule/analytics/rc/chart/fe/AnalyticOptionalValueFE	2657	SEMANTIC-MATCH	analytics/extracted/rc/chart/fe/AnalyticOptionalValueFE.js	uglify-expr		True
analytics	hbs!nmodule/analytics/rc/chart/templates/fe/analyticWebChartSettings	5514	HBS-RECOMPILE-MATCH	analytics/extracted/rc/chart/templates/fe/analyticWebChartSettings.hbs			
analytics	nmodule/analytics/rc/report/fe/ToggleButtonBooleanEditor	1472	SEMANTIC-MATCH	analytics/extracted/rc/report/fe/ToggleButtonBooleanEditor.js	uglify-expr		True
analytics	nmodule/analytics/rc/report/fe/AnalyticDayOfWeekEditor	1478	SEMANTIC-MATCH	analytics/extracted/rc/report/fe/AnalyticDayOfWeekEditor.js	uglify-expr		True
analytics	nmodule/analytics/rc/report/fe/MissingDataStrategyEditor	5210	SKELETON-MATCH	analytics/extracted/rc/report/fe/MissingDataStrategyEditor.js	skeleton		True
analytics	nmodule/analytics/rc/report/fe/ReportOptionalValueFE	2997	SEMANTIC-MATCH	analytics/extracted/rc/report/fe/ReportOptionalValueFE.js	uglify-expr		True
analytics	nmodule/analytics/rc/report/fe/ReportCombinerOptionalValueFE	789	SEMANTIC-MATCH	analytics/extracted/rc/report/fe/ReportCombinerOptionalValueFE.js	uglify-expr		True
analytics	nmodule/analytics/rc/chart/fe/AnalyticUxWebChartSettingsFE	6187	SKELETON-MATCH	analytics/extracted/rc/chart/fe/AnalyticUxWebChartSettingsFE.js	skeleton		True
analytics	hbs!nmodule/analytics/rc/chart/templates/fe/analyticBaseChartConfiguration	1131	HBS-RECOMPILE-MATCH	analytics/extracted/rc/chart/templates/fe/analyticBaseChartConfiguration.hbs			
analytics	nmodule/analytics/rc/chart/fe/AnalyticUxConfigurationSettingsFE	2105	SKELETON-MATCH	analytics/extracted/rc/chart/fe/AnalyticUxConfigurationSettingsFE.js	skeleton		True
analytics	nmodule/analytics/rc/util/DialogWizardCommand	1225	SEMANTIC-MATCH	analytics/extracted/rc/util/DialogWizardCommand.js	uglify-expr		True
analytics	nmodule/analytics/rc/util/Tab	1664	SEMANTIC-MATCH	analytics/extracted/rc/util/Tab.js	compress		True
analytics	nmodule/analytics/rc/util/SimplePropertySheet	272	SEMANTIC-MATCH	analytics/extracted/rc/util/SimplePropertySheet.js	uglify-expr		True
analytics	nmodule/analytics/rc/util/ExportWizardCommand	3976	SEMANTIC-MATCH	analytics/extracted/rc/util/ExportWizardCommand.js	uglify-expr		True
analytics	hbs!nmodule/analytics/rc/util/gridtemplate	1082	HBS-RECOMPILE-MATCH	analytics/extracted/rc/util/gridtemplate.hbs			
analytics	nmodule/analytics/rc/util/GridEditor	2394	SEMANTIC-MATCH	analytics/extracted/rc/util/GridEditor.js	uglify-expr		True
analytics	hbs!nmodule/analytics/rc/chart/templates/base/timeRange_from_tmpl	6828	HBS-RECOMPILE-MATCH	analytics/extracted/rc/chart/templates/base/timeRange_from_tmpl.hbs			
analytics	hbs!nmodule/analytics/rc/chart/templates/base/timeRange_previous_tmpl	2264	HBS-RECOMPILE-MATCH	analytics/extracted/rc/chart/templates/base/timeRange_previous_tmpl.hbs			
analytics	hbs!nmodule/analytics/rc/chart/templates/fe/startEndTimeRangeEditor	624	HBS-RECOMPILE-MATCH	analytics/extracted/rc/chart/templates/fe/startEndTimeRangeEditor.hbs			
analytics	nmodule/analytics/rc/chart/fe/TimeRangeStringLabelEditor	646	SEMANTIC-MATCH	analytics/extracted/rc/chart/fe/TimeRangeStringLabelEditor.js	uglify-expr		True
analytics	nmodule/analytics/rc/chart/fe/StartEndTimeRangeEditor	1294	SKELETON-MATCH	analytics/extracted/rc/chart/fe/StartEndTimeRangeEditor.js	skeleton		True
analytics	nmodule/analytics/rc/chart/fe/AnalyticTimeRangeFE	11241	SKELETON-MATCH	analytics/extracted/rc/chart/fe/AnalyticTimeRangeFE.js	skeleton		True
analytics	nmodule/analytics/rc/chart/base/AnalyticsCommandBar	5847	SKELETON-MATCH	analytics/extracted/rc/chart/base/AnalyticsCommandBar.js	skeleton		True
analytics	nmodule/analytics/rc/chart/base/AnalyticsTabConfigBaseModel	1782	SEMANTIC-MATCH	analytics/extracted/rc/chart/base/AnalyticsTabConfigBaseModel.js	uglify-expr		True
analytics	nmodule/analytics/rc/chart/base/AnalyticsBaseWidget	18011	SKELETON-MATCH	analytics/extracted/rc/chart/base/AnalyticsBaseWidget.js	skeleton		True
analytics	nmodule/analytics/rc/chart/base/AnalyticsBaseChart	7338	SEMANTIC-MATCH	analytics/extracted/rc/chart/base/AnalyticsBaseChart.js	uglify-expr		True
analytics	nmodule/analytics/rc/chart/analyticwebchart/AnalyticsTabConfigC3Model	824	SEMANTIC-MATCH	analytics/extracted/rc/chart/analyticwebchart/AnalyticsTabConfigC3Model.js	uglify-expr		True
analytics	nmodule/analytics/rc/chart/base/AnalyticsC3DataModel	779	SKELETON-MATCH	analytics/extracted/rc/chart/base/AnalyticsC3DataModel.js	skeleton		True
analytics	nmodule/analytics/rc/chart/types/AnalyticChartType	683	SEMANTIC-MATCH	analytics/extracted/rc/chart/types/AnalyticChartType.js	uglify-expr		True
analytics	nmodule/analytics/rc/chart/types/AnalyticC3TypeChart	1598	SKELETON-MATCH	analytics/extracted/rc/chart/types/AnalyticC3TypeChart.js	skeleton		True
analytics	hbs!nmodule/analytics/rc/chart/templates/fe/analyticC3WebChartSettings	1175	HBS-RECOMPILE-MATCH	analytics/extracted/rc/chart/templates/fe/analyticC3WebChartSettings.hbs			
analytics	nmodule/analytics/rc/chart/fe/AnalyticUxC3WebChartSettingsFE	1509	SKELETON-MATCH	analytics/extracted/rc/chart/fe/AnalyticUxC3WebChartSettingsFE.js	skeleton		True
analytics	hbs!nmodule/analytics/rc/chart/templates/fe/analyticC3Configuration	801	HBS-RECOMPILE-MATCH	analytics/extracted/rc/chart/templates/fe/analyticC3Configuration.hbs			
analytics	nmodule/analytics/rc/chart/fe/C3ConfigurationSettingsFE	895	SEMANTIC-MATCH	analytics/extracted/rc/chart/fe/C3ConfigurationSettingsFE.js	uglify-expr		True
analytics	hbs!nmodule/analytics/rc/chart/templates/table/analyticsBaseTemplate	2337	HBS-RECOMPILE-MATCH	analytics/extracted/rc/chart/templates/table/analyticsBaseTemplate.hbs			
analytics	nmodule/analytics/rc/chart/base/AnalyticC3BaseChart	7296	SEMANTIC-MATCH	analytics/extracted/rc/chart/base/AnalyticC3BaseChart.js	uglify-expr		True
analytics	nmodule/analytics/rc/chart/aggregation/AggregationChart	2705	SKELETON-MATCH	analytics/extracted/rc/chart/aggregation/AggregationChart.js	skeleton		True
analytics	hbs!nmodule/analytics/rc/chart/templates/fe/UxAnalyticChartBaselineDetails	3403	HBS-RECOMPILE-MATCH	analytics/extracted/rc/chart/templates/fe/UxAnalyticChartBaselineDetails.hbs			
analytics	nmodule/analytics/rc/chart/fe/AnalyticChartBaselineDetailsFE	3803	SKELETON-MATCH	analytics/extracted/rc/chart/fe/AnalyticChartBaselineDetailsFE.js	skeleton		True
analytics	nmodule/analytics/rc/chart/fe/AnalyticChartBaselineEditor	2593	SEMANTIC-MATCH	analytics/extracted/rc/chart/fe/AnalyticChartBaselineEditor.js	uglify-expr		True
analytics	nmodule/analytics/rc/chart/fe/AnalyticWCUxWebChartSettingsFE	1332	SEMANTIC-MATCH	analytics/extracted/rc/chart/fe/AnalyticWCUxWebChartSettingsFE.js	uglify-expr		True
analytics	nmodule/analytics/rc/chart/equipop/AnalyticsTabConfigEqOpModel	759	SEMANTIC-MATCH	analytics/extracted/rc/chart/equipop/AnalyticsTabConfigEqOpModel.js	uglify-expr		True
analytics	hbs!nmodule/analytics/rc/chart/templates/fe/analyticEqOpChartConfiguration	795	HBS-RECOMPILE-MATCH	analytics/extracted/rc/chart/templates/fe/analyticEqOpChartConfiguration.hbs			
analytics	nmodule/analytics/rc/chart/fe/EqOpConfigurationSettingsFE	1123	SEMANTIC-MATCH	analytics/extracted/rc/chart/fe/EqOpConfigurationSettingsFE.js	uglify-expr		True
analytics	nmodule/analytics/rc/chart/analyticwebchart/AnalyticWebChart	2724	SEMANTIC-MATCH	analytics/extracted/rc/chart/analyticwebchart/AnalyticWebChart.js	uglify-expr		True
analytics	hbs!nmodule/analytics/rc/chart/templates/fe/averageProfileWebChartSettings	5524	HBS-RECOMPILE-MATCH	analytics/extracted/rc/chart/templates/fe/averageProfileWebChartSettings.hbs			
analytics	nmodule/analytics/rc/chart/fe/AverageProfileUxWebChartSettingsFE	1342	SEMANTIC-MATCH	analytics/extracted/rc/chart/fe/AverageProfileUxWebChartSettingsFE.js	uglify-expr		True
analytics	nmodule/analytics/rc/chart/averageprofile/AverageProfileChart	3836	SEMANTIC-MATCH	analytics/extracted/rc/chart/averageprofile/AverageProfileChart.js	uglify-expr		True
analytics	nmodule/analytics/rc/chart/base/AnalyticD3BaseChart	5139	SKELETON-MATCH	analytics/extracted/rc/chart/base/AnalyticD3BaseChart.js	skeleton		True
analytics	nmodule/analytics/rc/chart/types/AnalyticD3LineChart	2148	SEMANTIC-MATCH	analytics/extracted/rc/chart/types/AnalyticD3LineChart.js	uglify-expr		True
analytics	nmodule/analytics/rc/chart/types/AnalyticD3BarChart	1038	SEMANTIC-MATCH	analytics/extracted/rc/chart/types/AnalyticD3BarChart.js	uglify-expr		True
analytics	nmodule/analytics/rc/chart/types/AnalyticD3StackedBarChart	3236	SKELETON-MATCH	analytics/extracted/rc/chart/types/AnalyticD3StackedBarChart.js	skeleton		True
analytics	nmodule/analytics/rc/chart/equipop/EquipmentOperationChart	4842	SEMANTIC-MATCH	analytics/extracted/rc/chart/equipop/EquipmentOperationChart.js	uglify-expr		True
analytics	nmodule/analytics/rc/chart/equipop/eqopaggregate/EqOpAggregateChart	2232	SEMANTIC-MATCH	analytics/extracted/rc/chart/equipop/eqopaggregate/EqOpAggregateChart.js	uglify-expr		True
analytics	hbs!nmodule/analytics/rc/chart/templates/fe/analyticC3RankingChartSettings	793	HBS-RECOMPILE-MATCH	analytics/extracted/rc/chart/templates/fe/analyticC3RankingChartSettings.hbs			
analytics	nmodule/analytics/rc/chart/fe/AnalyticRankingChartUXSettingsFE	1385	SEMANTIC-MATCH	analytics/extracted/rc/chart/fe/AnalyticRankingChartUXSettingsFE.js	uglify-expr		True
analytics	hbs!nmodule/analytics/rc/chart/templates/fe/analyticTableConfiguration	791	HBS-RECOMPILE-MATCH	analytics/extracted/rc/chart/templates/fe/analyticTableConfiguration.hbs			
analytics	nmodule/analytics/rc/chart/fe/ColumnListFE	1412	SEMANTIC-MATCH	analytics/extracted/rc/chart/fe/ColumnListFE.js	uglify-expr		True
analytics	hbs!nmodule/analytics/rc/chart/templates/fe/loadDurationWebChartSettings	5520	HBS-RECOMPILE-MATCH	analytics/extracted/rc/chart/templates/fe/loadDurationWebChartSettings.hbs			
analytics	nmodule/analytics/rc/chart/fe/LoadDurationUxWebChartSettingsFE	1338	SEMANTIC-MATCH	analytics/extracted/rc/chart/fe/LoadDurationUxWebChartSettingsFE.js	uglify-expr		True
analytics	hbs!nmodule/analytics/rc/chart/templates/fe/spectrumWebChartSettings	5630	HBS-RECOMPILE-MATCH	analytics/extracted/rc/chart/templates/fe/spectrumWebChartSettings.hbs			
analytics	nmodule/analytics/rc/chart/fe/SpectrumUxWebChartSettingsFE	1424	SEMANTIC-MATCH	analytics/extracted/rc/chart/fe/SpectrumUxWebChartSettingsFE.js	uglify-expr		True
analytics	nmodule/analytics/rc/chart/fe/TableConfigurationSettingsFE	983	SEMANTIC-MATCH	analytics/extracted/rc/chart/fe/TableConfigurationSettingsFE.js	uglify-expr		True
analytics	hbs!nmodule/analytics/rc/chart/templates/fe/tableWebChartSettings	5202	HBS-RECOMPILE-MATCH	analytics/extracted/rc/chart/templates/fe/tableWebChartSettings.hbs			
analytics	hbs!nmodule/analytics/rc/chart/templates/fe/UxAnalyticTableBaselineDetails	2888	HBS-RECOMPILE-MATCH	analytics/extracted/rc/chart/templates/fe/UxAnalyticTableBaselineDetails.hbs			
analytics	nmodule/analytics/rc/table/fe/AnalyticTableBaselineDetailsFE	3566	SKELETON-MATCH	analytics/extracted/rc/table/fe/AnalyticTableBaselineDetailsFE.js	skeleton		True
analytics	nmodule/analytics/rc/table/fe/AnalyticTableBaselineEditor	2553	SEMANTIC-MATCH	analytics/extracted/rc/table/fe/AnalyticTableBaselineEditor.js	uglify-expr		True
analytics	nmodule/analytics/rc/chart/fe/TableUxWebChartSettingsFE	2822	SEMANTIC-MATCH	analytics/extracted/rc/chart/fe/TableUxWebChartSettingsFE.js	uglify-expr		True
analytics	nmodule/analytics/rc/chart/loadduration/LoadDurationChart	3777	SKELETON-MATCH	analytics/extracted/rc/chart/loadduration/LoadDurationChart.js	skeleton		True
analytics	nmodule/analytics/rc/chart/ranking/RankingChart	2822	SKELETON-MATCH	analytics/extracted/rc/chart/ranking/RankingChart.js	skeleton		True
analytics	nmodule/analytics/rc/chart/relcontrib/RelativeContributionChart	3035	SEMANTIC-MATCH	analytics/extracted/rc/chart/relcontrib/RelativeContributionChart.js	uglify-expr		True
analytics	nmodule/analytics/rc/chart/spectrum/SpectrumChart	6366	SKELETON-MATCH	analytics/extracted/rc/chart/spectrum/SpectrumChart.js	skeleton		True
analytics	nmodule/analytics/rc/chart/types/AnalyticD3PieChart	3376	SEMANTIC-MATCH	analytics/extracted/rc/chart/types/AnalyticD3PieChart.js	uglify-expr		True
analytics	nmodule/analytics/rc/fe/CellValueEditor	1904	SKELETON-MATCH	analytics/extracted/rc/fe/CellValueEditor.js	skeleton		True
analytics	nmodule/analytics/rc/report/fe/AnalyticReportTimeRangeFE	649	SEMANTIC-MATCH	analytics/extracted/rc/report/fe/AnalyticReportTimeRangeFE.js	uglify-expr		True
analytics	hbs!nmodule/analytics/rc/report/templates/UxAnalyticReportDateTimeSelector	2096	HBS-RECOMPILE-MATCH	analytics/extracted/rc/report/templates/UxAnalyticReportDateTimeSelector.hbs			
analytics	nmodule/analytics/rc/report/fe/AnalyticReportTimeRangeSelector	2656	SEMANTIC-MATCH	analytics/extracted/rc/report/fe/AnalyticReportTimeRangeSelector.js	uglify-expr		True
analytics	hbs!nmodule/analytics/rc/report/templates/UxAnalyticReportTimeRange	548	HBS-RECOMPILE-MATCH	analytics/extracted/rc/report/templates/UxAnalyticReportTimeRange.hbs			
analytics	nmodule/analytics/rc/report/fe/AnalyticReportPeriodSelectionFE	3245	SKELETON-MATCH	analytics/extracted/rc/report/fe/AnalyticReportPeriodSelectionFE.js	skeleton		True
analytics	hbs!nmodule/analytics/rc/report/templates/UxDataTagEditor	1662	HBS-RECOMPILE-MATCH	analytics/extracted/rc/report/templates/UxDataTagEditor.hbs			
analytics	nmodule/analytics/rc/report/fe/AnalyticDataTagEditor	2993	SKELETON-MATCH	analytics/extracted/rc/report/fe/AnalyticDataTagEditor.js	skeleton		True
analytics	hbs!nmodule/analytics/rc/report/templates/UxDataTagSelector	404	HBS-RECOMPILE-MATCH	analytics/extracted/rc/report/templates/UxDataTagSelector.hbs			
analytics	nmodule/analytics/rc/report/fe/AnalyticDataTagSelector	1783	SEMANTIC-MATCH	analytics/extracted/rc/report/fe/AnalyticDataTagSelector.js	uglify-expr		True
analytics	nmodule/analytics/rc/report/util/AnalyticNodeTreeNode	698	SEMANTIC-MATCH	analytics/extracted/rc/report/util/AnalyticNodeTreeNode.js	uglify-expr		True
analytics	nmodule/analytics/rc/report/util/AnalyticGroupTreeNode	2739	SEMANTIC-MATCH	analytics/extracted/rc/report/util/AnalyticGroupTreeNode.js	uglify-expr		True
analytics	hbs!nmodule/analytics/rc/report/templates/UxAnalyticNavTree	615	HBS-RECOMPILE-MATCH	analytics/extracted/rc/report/templates/UxAnalyticNavTree.hbs			
analytics	nmodule/analytics/rc/report/util/reportWidgetEvents	377	SEMANTIC-MATCH	analytics/extracted/rc/report/util/reportWidgetEvents.js	compress		True
analytics	nmodule/analytics/rc/report/fe/AnalyticNavTree	5634	SEMANTIC-MATCH	analytics/extracted/rc/report/fe/AnalyticNavTree.js	uglify-expr		True
analytics	nmodule/analytics/rc/report/fe/GroupNameFE	619	SKELETON-MATCH	analytics/extracted/rc/report/fe/GroupNameFE.js	skeleton		True
analytics	hbs!nmodule/analytics/rc/report/templates/UxNodeSelection	707	HBS-RECOMPILE-MATCH	analytics/extracted/rc/report/templates/UxNodeSelection.hbs			
analytics	nmodule/analytics/rc/report/fe/UxNodeSelectionEditor	7147	SKELETON-MATCH	analytics/extracted/rc/report/fe/UxNodeSelectionEditor.js	skeleton		True
analytics	nmodule/analytics/rc/report/fe/JSONUxNodeSelectionEditor	2887	SKELETON-MATCH	analytics/extracted/rc/report/fe/JSONUxNodeSelectionEditor.js	skeleton		True
analytics	nmodule/analytics/rc/report/fe/decorator/JSONUxNodeAreaMixin	930	SEMANTIC-MATCH	analytics/extracted/rc/report/fe/decorator/JSONUxNodeAreaMixin.js	uglify-expr		True
analytics	nmodule/analytics/rc/report/fe/OptionSelector	1591	SEMANTIC-MATCH	analytics/extracted/rc/report/fe/OptionSelector.js	uglify-expr		True
analytics	hbs!nmodule/analytics/rc/report/templates/UxAnalyticBaselineDetails	4864	HBS-RECOMPILE-MATCH	analytics/extracted/rc/report/templates/UxAnalyticBaselineDetails.hbs			
analytics	nmodule/analytics/rc/report/fe/AnalyticBaselineDetails	4344	SKELETON-MATCH	analytics/extracted/rc/report/fe/AnalyticBaselineDetails.js	skeleton		True
analytics	nmodule/analytics/rc/report/fe/AnalyticBaselineEditor	2726	SEMANTIC-MATCH	analytics/extracted/rc/report/fe/AnalyticBaselineEditor.js	uglify-expr		True
analytics	hbs!nmodule/analytics/rc/report/templates/UxColorRangeEditor	3869	HBS-RECOMPILE-MATCH	analytics/extracted/rc/report/templates/UxColorRangeEditor.hbs			
analytics	nmodule/analytics/rc/report/fe/ColorRangeEditor	1751	SEMANTIC-MATCH	analytics/extracted/rc/report/fe/ColorRangeEditor.js	uglify-expr		True
analytics	hbs!nmodule/analytics/rc/report/templates/UxDegreeDayMappingEditor	2419	HBS-RECOMPILE-MATCH	analytics/extracted/rc/report/templates/UxDegreeDayMappingEditor.hbs			
analytics	nmodule/analytics/rc/report/fe/OrdChooserWithHierarchy	2332	SKELETON-MATCH	analytics/extracted/rc/report/fe/OrdChooserWithHierarchy.js	skeleton		True
analytics	hbs!nmodule/analytics/rc/report/templates/UxAnalyticNodeSelector	420	HBS-RECOMPILE-MATCH	analytics/extracted/rc/report/templates/UxAnalyticNodeSelector.hbs			
analytics	nmodule/analytics/rc/report/fe/AnalyticOrdChooser	1810	SEMANTIC-MATCH	analytics/extracted/rc/report/fe/AnalyticOrdChooser.js	uglify-expr		True
analytics	nmodule/analytics/rc/report/fe/DegreeDayGroupMapEditor	2076	SKELETON-MATCH	analytics/extracted/rc/report/fe/DegreeDayGroupMapEditor.js	skeleton		True
analytics	hbs!nmodule/analytics/rc/report/templates/UxDegreeDayEditor	1382	HBS-RECOMPILE-MATCH	analytics/extracted/rc/report/templates/UxDegreeDayEditor.hbs			
analytics	nmodule/analytics/rc/report/fe/AnalyticDegreeDayEditor	2156	SEMANTIC-MATCH	analytics/extracted/rc/report/fe/AnalyticDegreeDayEditor.js	uglify-expr		True
analytics	nmodule/analytics/rc/report/fe/DefaultNormalizationEditor	1672	SEMANTIC-MATCH	analytics/extracted/rc/report/fe/DefaultNormalizationEditor.js	uglify-expr		True
analytics	hbs!nmodule/analytics/rc/report/templates/UxNormalizationEditor	511	HBS-RECOMPILE-MATCH	analytics/extracted/rc/report/templates/UxNormalizationEditor.hbs			
analytics	nmodule/analytics/rc/report/fe/AnalyticNormalizationEditor	1656	SEMANTIC-MATCH	analytics/extracted/rc/report/fe/AnalyticNormalizationEditor.js	uglify-expr		True
analytics	nmodule/analytics/rc/report/fe/AnalyticUnitValueFE	990	SEMANTIC-MATCH	analytics/extracted/rc/report/fe/AnalyticUnitValueFE.js	uglify-expr		True
analytics	nmodule/analytics/rc/report/fe/CombinationDataMapEditor	2017	SEMANTIC-MATCH	analytics/extracted/rc/report/fe/CombinationDataMapEditor.js	uglify-expr		True
analytics	nmodule/analytics/rc/report/base/AnalyticReportConfigItemEditor	4144	SEMANTIC-MATCH	analytics/extracted/rc/report/base/AnalyticReportConfigItemEditor.js	uglify-expr		True
analytics	hbs!nmodule/analytics/rc/report/templates/UxReportFullConfigurationEditor	5766	HBS-RECOMPILE-MATCH	analytics/extracted/rc/report/templates/UxReportFullConfigurationEditor.hbs			
analytics	nmodule/analytics/rc/report/base/AnalyticReportFullConfigEditor	4991	SEMANTIC-MATCH	analytics/extracted/rc/report/base/AnalyticReportFullConfigEditor.js	uglify-expr		True
analytics	hbs!nmodule/analytics/rc/report/templates/UxReportConfigurationEditor	5814	HBS-RECOMPILE-MATCH	analytics/extracted/rc/report/templates/UxReportConfigurationEditor.hbs			
analytics	nmodule/analytics/rc/report/base/AnalyticReportConfigEditor	10425	SKELETON-MATCH	analytics/extracted/rc/report/base/AnalyticReportConfigEditor.js	skeleton		True
analytics	nmodule/analytics/rc/report/base/JSONAnalyticReportConfigEditor	9320	SKELETON-MATCH	analytics/extracted/rc/report/base/JSONAnalyticReportConfigEditor.js	skeleton		True
analytics	nmodule/analytics/rc/report/base/JSONAnalyticReportCfgAreaMixin	725	SEMANTIC-MATCH	analytics/extracted/rc/report/base/JSONAnalyticReportCfgAreaMixin.js	uglify-expr		True
analytics	nmodule/analytics/rc/report/command/AnalyticNewReportCommand	701	SEMANTIC-MATCH	analytics/extracted/rc/report/command/AnalyticNewReportCommand.js	uglify-expr		True
analytics	nmodule/analytics/rc/report/command/AnalyticNodeDeleteCommand	2268	SKELETON-MATCH	analytics/extracted/rc/report/command/AnalyticNodeDeleteCommand.js	skeleton		True
analytics	nmodule/analytics/rc/report/command/AnalyticNodeGroupCommand	2460	SKELETON-MATCH	analytics/extracted/rc/report/command/AnalyticNodeGroupCommand.js	skeleton		True
analytics	nmodule/analytics/rc/report/command/AnalyticNodeRenameCommand	1759	SKELETON-MATCH	analytics/extracted/rc/report/command/AnalyticNodeRenameCommand.js	skeleton		True
analytics	nmodule/analytics/rc/report/command/AnalyticUngroupNodesCommand	2026	SKELETON-MATCH	analytics/extracted/rc/report/command/AnalyticUngroupNodesCommand.js	skeleton		True
analytics	nmodule/analytics/rc/report/command/AnalyticViewReportsCommand	580	SEMANTIC-MATCH	analytics/extracted/rc/report/command/AnalyticViewReportsCommand.js	uglify-expr		True
analytics	nmodule/analytics/rc/report/container/builder/AnalyticsReportBuilder	790	SEMANTIC-MATCH	analytics/extracted/rc/report/container/builder/AnalyticsReportBuilder.js	uglify-expr		True
analytics	hbs!nmodule/analytics/rc/report/templates/report/analyticsBaseRptTmpl	2910	HBS-RECOMPILE-MATCH	analytics/extracted/rc/report/templates/report/analyticsBaseRptTmpl.hbs			
analytics	nmodule/analytics/rc/report/container/base/AnalyticsBaseReport	10253	SKELETON-MATCH	analytics/extracted/rc/report/container/base/AnalyticsBaseReport.js	skeleton		True
analytics	nmodule/analytics/rc/table/AnalyticsTableConfigModel	1166	SKELETON-MATCH	analytics/extracted/rc/table/AnalyticsTableConfigModel.js	skeleton		True
analytics	hbs!nmodule/analytics/rc/chart/templates/table/analyticsBaseTable	2944	HBS-RECOMPILE-MATCH	analytics/extracted/rc/chart/templates/table/analyticsBaseTable.hbs			
analytics	hbs!nmodule/analytics/rc/chart/templates/table/analyticsBaseTableTemplate	1754	HBS-RECOMPILE-MATCH	analytics/extracted/rc/chart/templates/table/analyticsBaseTableTemplate.hbs			
analytics	nmodule/analytics/rc/table/AnalyticsBaseTable	6802	SKELETON-MATCH	analytics/extracted/rc/table/AnalyticsBaseTable.js	skeleton		True
analytics	nmodule/analytics/rc/report/container/aggregation/AggregationReport	1835	SEMANTIC-MATCH	analytics/extracted/rc/report/container/aggregation/AggregationReport.js	uglify-expr		True
analytics	nmodule/analytics/rc/report/container/avgprofile/AverageProfileReport	2066	SKELETON-MATCH	analytics/extracted/rc/report/container/avgprofile/AverageProfileReport.js	skeleton		True
analytics	nmodule/analytics/rc/report/container/equipop/EquipmentOperationReport	2239	SKELETON-MATCH	analytics/extracted/rc/report/container/equipop/EquipmentOperationReport.js	skeleton		True
analytics	nmodule/analytics/rc/report/container/loadduration/LoadDurationReport	2186	SKELETON-MATCH	analytics/extracted/rc/report/container/loadduration/LoadDurationReport.js	skeleton		True
analytics	nmodule/analytics/rc/report/container/ranking/RankingReport	1329	SEMANTIC-MATCH	analytics/extracted/rc/report/container/ranking/RankingReport.js	uglify-expr		True
analytics	nmodule/analytics/rc/report/container/relcontrib/RelativeContributionReport	1387	SEMANTIC-MATCH	analytics/extracted/rc/report/container/relcontrib/RelativeContributionReport.js	uglify-expr		True
analytics	nmodule/analytics/rc/report/container/spectrum/SpectrumReport	1406	SEMANTIC-MATCH	analytics/extracted/rc/report/container/spectrum/SpectrumReport.js	uglify-expr		True
analytics	nmodule/analytics/rc/report/fe/AlertModeEditorFe	2295	SKELETON-MATCH	analytics/extracted/rc/report/fe/AlertModeEditorFe.js	skeleton		True
analytics	nmodule/analytics/rc/report/fe/DeltaValuesEditor	1818	SKELETON-MATCH	analytics/extracted/rc/report/fe/DeltaValuesEditor.js	skeleton		True
analytics	nmodule/analytics/rc/report/fe/MissingDataConfigEditor	77	STUB-OR-VENDOR-WRAPPER	analytics/extracted/rc/report/fe/MissingDataConfigEditor.js			
analytics	nmodule/analytics/rc/report/fe/OptionalSimpleEditor	2585	SKELETON-MATCH	analytics/extracted/rc/report/fe/OptionalSimpleEditor.js	skeleton		True
analytics	nmodule/analytics/rc/report/fe/RawDataFilterEditor	1824	SKELETON-MATCH	analytics/extracted/rc/report/fe/RawDataFilterEditor.js	skeleton		True
analytics	hbs!nmodule/analytics/rc/report/menu/reportListTemplate	2725	HBS-RECOMPILE-MATCH	analytics/extracted/rc/report/menu/reportListTemplate.hbs			
analytics	nmodule/analytics/rc/report/menu/AnalyticReportView	2218	SEMANTIC-MATCH	analytics/extracted/rc/report/menu/AnalyticReportView.js	uglify-expr		True
analytics	nmodule/analytics/rc/report/menu/reportFolderMenuAgent	532	SEMANTIC-MATCH	analytics/extracted/rc/report/menu/reportFolderMenuAgent.js	compress		True
analytics	hbs!nmodule/analytics/rc/report/menu/reportTableTemplate	4951	HBS-RECOMPILE-MATCH	analytics/extracted/rc/report/menu/reportTableTemplate.hbs			
analytics	nmodule/analytics/rc/report/menu/ReportListView	10174	SKELETON-MATCH	analytics/extracted/rc/report/menu/ReportListView.js	skeleton		True
analytics	nmodule/analytics/rc/report/util/analyticGroupMenuAgent	1059	SEMANTIC-MATCH	analytics/extracted/rc/report/util/analyticGroupMenuAgent.js	uglify-expr		True
awsUtils	nmodule/awsUtils/rc/fe/AccessKeyPicker	525	SKELETON-MATCH	awsUtils/extracted/rc/fe/AccessKeyPicker.js	skeleton		True
bacnet	nmodule/bacnet/rc/util/BacnetConst	662	SEMANTIC-MATCH	bacnet/extracted/rc/util/BacnetConst.js	compress		True
bacnet	nmodule/bacnet/rc/baja/enums/BacnetObjectType	1297	SEMANTIC-MATCH	bacnet/extracted/rc/baja/enums/BacnetObjectType.js	uglify-expr		True
bacnet	nmodule/bacnet/rc/baja/util/BacnetBitStringUtil	633	SKELETON-MATCH	bacnet/extracted/rc/baja/util/BacnetBitStringUtil.js	skeleton		True
bacnet	nmodule/bacnet/rc/baja/BacnetObject	1212	SEMANTIC-MATCH	bacnet/extracted/rc/baja/BacnetObject.js	uglify-expr		True
bacnet	nmodule/bacnet/rc/baja/config/BacnetAnalog	370	SEMANTIC-MATCH	bacnet/extracted/rc/baja/config/BacnetAnalog.js	uglify-expr		True
bacnet	nmodule/bacnet/rc/baja/config/BacnetAnalogOutput	350	SEMANTIC-MATCH	bacnet/extracted/rc/baja/config/BacnetAnalogOutput.js	uglify-expr		True
bacnet	nmodule/bacnet/rc/baja/config/BacnetAveraging	348	SEMANTIC-MATCH	bacnet/extracted/rc/baja/config/BacnetAveraging.js	uglify-expr		True
bacnet	nmodule/bacnet/rc/baja/config/BacnetBinary	353	SEMANTIC-MATCH	bacnet/extracted/rc/baja/config/BacnetBinary.js	uglify-expr		True
bacnet	nmodule/bacnet/rc/baja/config/BacnetBinaryOutput	332	SEMANTIC-MATCH	bacnet/extracted/rc/baja/config/BacnetBinaryOutput.js	uglify-expr		True
bacnet	nmodule/bacnet/rc/baja/config/BacnetMultistate	322	SEMANTIC-MATCH	bacnet/extracted/rc/baja/config/BacnetMultistate.js	uglify-expr		True
bacnet	nmodule/bacnet/rc/baja/config/BacnetSchedule	320	SEMANTIC-MATCH	bacnet/extracted/rc/baja/config/BacnetSchedule.js	uglify-expr		True
bacnet	nmodule/bacnet/rc/baja/datatypes/BacnetAddress	3776	SKELETON-MATCH	bacnet/extracted/rc/baja/datatypes/BacnetAddress.js	skeleton		True
bacnet	nmodule/bacnet/rc/baja/datatypes/BacnetAny	1078	SEMANTIC-MATCH	bacnet/extracted/rc/baja/datatypes/BacnetAny.js	uglify-expr		True
bacnet	nmodule/bacnet/rc/baja/datatypes/BacnetBitString	815	SEMANTIC-MATCH	bacnet/extracted/rc/baja/datatypes/BacnetBitString.js	uglify-expr		True
bacnet	nmodule/bacnet/rc/baja/datatypes/BacnetDate	2867	SKELETON-MATCH	bacnet/extracted/rc/baja/datatypes/BacnetDate.js	skeleton		True
bacnet	nmodule/bacnet/rc/baja/datatypes/BacnetObjectIdentifier	1231	SEMANTIC-MATCH	bacnet/extracted/rc/baja/datatypes/BacnetObjectIdentifier.js	uglify-expr		True
bacnet	nmodule/bacnet/rc/baja/datatypes/BacnetOctetString	841	SEMANTIC-MATCH	bacnet/extracted/rc/baja/datatypes/BacnetOctetString.js	uglify-expr		True
bacnet	nmodule/bacnet/rc/baja/datatypes/BacnetRecipient	358	SKELETON-MATCH	bacnet/extracted/rc/baja/datatypes/BacnetRecipient.js	skeleton		True
bacnet	nmodule/bacnet/rc/baja/datatypes/BacnetTime	1867	SKELETON-MATCH	bacnet/extracted/rc/baja/datatypes/BacnetTime.js	skeleton		True
bacnet	nmodule/bacnet/rc/baja/datatypes/BacnetUnsigned	951	SEMANTIC-MATCH	bacnet/extracted/rc/baja/datatypes/BacnetUnsigned.js	uglify-expr		True
bacnet	nmodule/bacnet/rc/baja/datatypes/DiscoveryNetworks	870	SEMANTIC-MATCH	bacnet/extracted/rc/baja/datatypes/DiscoveryNetworks.js	uglify-expr		True
bacnet	nmodule/bacnet/rc/baja/enums/BacnetPropertyIdentifier	977	SKELETON-MATCH	bacnet/extracted/rc/baja/enums/BacnetPropertyIdentifier.js	skeleton		True
bacnet	nmodule/bacnet/rc/baja/enums/ExtensibleEnumList	2049	SEMANTIC-MATCH	bacnet/extracted/rc/baja/enums/ExtensibleEnumList.js	uglify-expr		True
bacnet	nmodule/bacnet/rc/baja/job/DiscoveryPoint	922	SEMANTIC-MATCH	bacnet/extracted/rc/baja/job/DiscoveryPoint.js	uglify-expr		True
bacnet	nmodule/bacnet/rc/baja/point/BacnetProxyExt	587	SEMANTIC-MATCH	bacnet/extracted/rc/baja/point/BacnetProxyExt.js	uglify-expr		True
bacnet	nmodule/bacnet/rc/baja/util/BacnetDateUtil	816	SEMANTIC-MATCH	bacnet/extracted/rc/baja/util/BacnetDateUtil.js	compress		True
bacnet	hbs!nmodule/bacnet/rc/fe/templates/BacnetAddressEditor	2169	HBS-RECOMPILE-MATCH	bacnet/extracted/rc/fe/templates/BacnetAddressEditor.hbs			
bacnet	nmodule/bacnet/rc/fe/MacAddressEditor	973	SEMANTIC-MATCH	bacnet/extracted/rc/fe/MacAddressEditor.js	uglify-expr		True
bacnet	nmodule/bacnet/rc/fe/BacnetAddressEditor	3251	SEMANTIC-MATCH	bacnet/extracted/rc/fe/BacnetAddressEditor.js	uglify-expr		True
bacnet	nmodule/bacnet/rc/fe/BacnetAnyEditor	2411	SEMANTIC-MATCH	bacnet/extracted/rc/fe/BacnetAnyEditor.js	uglify-expr		True
bacnet	hbs!nmodule/bacnet/rc/fe/templates/BacnetBitStringEditor	338	HBS-RECOMPILE-MATCH	bacnet/extracted/rc/fe/templates/BacnetBitStringEditor.hbs			
bacnet	nmodule/bacnet/rc/fe/BacnetBitStringEditor	1996	SKELETON-MATCH	bacnet/extracted/rc/fe/BacnetBitStringEditor.js	skeleton		True
bacnet	nmodule/bacnet/rc/fe/BacnetWeekNDayEditor	1714	SEMANTIC-MATCH	bacnet/extracted/rc/fe/BacnetWeekNDayEditor.js	uglify-expr		True
bacnet	hbs!nmodule/bacnet/rc/fe/templates/BacnetCalendarEntryEditor	1116	HBS-RECOMPILE-MATCH	bacnet/extracted/rc/fe/templates/BacnetCalendarEntryEditor.hbs			
bacnet	nmodule/bacnet/rc/fe/BacnetCalendarEntryEditor	4857	SEMANTIC-MATCH	bacnet/extracted/rc/fe/BacnetCalendarEntryEditor.js	uglify-expr		True
bacnet	hbs!nmodule/bacnet/rc/fe/templates/BacnetDateEditor	358	HBS-RECOMPILE-MATCH	bacnet/extracted/rc/fe/templates/BacnetDateEditor.hbs			
bacnet	nmodule/bacnet/rc/fe/BacnetDateEditor	2665	SKELETON-MATCH	bacnet/extracted/rc/fe/BacnetDateEditor.js	skeleton		True
bacnet	nmodule/bacnet/rc/fe/BacnetDateTimeEditor	996	SKELETON-MATCH	bacnet/extracted/rc/fe/BacnetDateTimeEditor.js	skeleton		True
bacnet	nmodule/bacnet/rc/fe/BacnetNullEditor	971	SEMANTIC-MATCH	bacnet/extracted/rc/fe/BacnetNullEditor.js	uglify-expr		True
bacnet	nmodule/bacnet/rc/fe/BacnetObjectIdEditor	2056	SEMANTIC-MATCH	bacnet/extracted/rc/fe/BacnetObjectIdEditor.js	uglify-expr		True
bacnet	nmodule/bacnet/rc/fe/BacnetOptionalValueEditor	1363	SEMANTIC-MATCH	bacnet/extracted/rc/fe/BacnetOptionalValueEditor.js	uglify-expr		True
bacnet	hbs!nmodule/bacnet/rc/fe/templates/BacnetRecipientEditor	463	HBS-RECOMPILE-MATCH	bacnet/extracted/rc/fe/templates/BacnetRecipientEditor.hbs			
bacnet	nmodule/bacnet/rc/fe/BacnetRecipientEditor	3244	SEMANTIC-MATCH	bacnet/extracted/rc/fe/BacnetRecipientEditor.js	uglify-expr		True
bacnet	nmodule/bacnet/rc/fe/BacnetScaleEditor	1430	SKELETON-MATCH	bacnet/extracted/rc/fe/BacnetScaleEditor.js	skeleton		True
bacnet	hbs!nmodule/bacnet/rc/fe/templates/BacnetTimeEditor	1307	HBS-RECOMPILE-MATCH	bacnet/extracted/rc/fe/templates/BacnetTimeEditor.hbs			
bacnet	nmodule/bacnet/rc/fe/BacnetTimeEditor	2361	SKELETON-MATCH	bacnet/extracted/rc/fe/BacnetTimeEditor.js	skeleton		True
bacnet	nmodule/bacnet/rc/fe/BacnetUnsignedEditor	1440	SEMANTIC-MATCH	bacnet/extracted/rc/fe/BacnetUnsignedEditor.js	uglify-expr		True
bacnet	hbs!nmodule/bacnet/rc/fe/templates/BacnetTimeStampEditor	983	HBS-RECOMPILE-MATCH	bacnet/extracted/rc/fe/templates/BacnetTimeStampEditor.hbs			
bacnet	nmodule/bacnet/rc/fe/BacnetTimeStampEditor	4952	SEMANTIC-MATCH	bacnet/extracted/rc/fe/BacnetTimeStampEditor.js	uglify-expr		True
bacnet	hbs!nmodule/bacnet/rc/fe/templates/BacnetTimeValueEditor	714	HBS-RECOMPILE-MATCH	bacnet/extracted/rc/fe/templates/BacnetTimeValueEditor.hbs			
bacnet	nmodule/bacnet/rc/fe/BacnetTimeValueEditor	2316	SEMANTIC-MATCH	bacnet/extracted/rc/fe/BacnetTimeValueEditor.js	uglify-expr		True
bacnet	hbs!nmodule/bacnet/rc/fe/templates/DiscoveryNetworksEditor	2109	HBS-RECOMPILE-MATCH	bacnet/extracted/rc/fe/templates/DiscoveryNetworksEditor.hbs			
bacnet	nmodule/bacnet/rc/fe/DiscoveryNetworksEditor	2261	SEMANTIC-MATCH	bacnet/extracted/rc/fe/DiscoveryNetworksEditor.js	uglify-expr		True
bacnet	nmodule/bacnet/rc/fe/WritableSlotsEditor	2119	SKELETON-MATCH	bacnet/extracted/rc/fe/WritableSlotsEditor.js	skeleton		True
bacnet	nmodule/bacnet/rc/util/PropertyInfo	3369	SEMANTIC-MATCH	bacnet/extracted/rc/util/PropertyInfo.js	uglify-expr		True
bacnet	nmodule/bacnet/rc/util/ObjectTypeList	1259	SEMANTIC-MATCH	bacnet/extracted/rc/util/ObjectTypeList.js	uglify-expr		True
bacnet	nmodule/bacnet/rc/wb/mgr/model/BacnetConfigLearnModel	779	SEMANTIC-MATCH	bacnet/extracted/rc/wb/mgr/model/BacnetConfigLearnModel.js	uglify-expr		True
bacnet	nmodule/bacnet/rc/wb/mgr/model/BacnetConfigMgrModel	1845	SKELETON-MATCH	bacnet/extracted/rc/wb/mgr/model/BacnetConfigMgrModel.js	skeleton		True
bacnet	nmodule/bacnet/rc/wb/mgr/BacnetConfigUxManager	2774	SEMANTIC-MATCH	bacnet/extracted/rc/wb/mgr/BacnetConfigUxManager.js	uglify-expr		True
bacnet	nmodule/bacnet/rc/wb/mgr/model/columns/DeviceIdMgrColumn	682	SEMANTIC-MATCH	bacnet/extracted/rc/wb/mgr/model/columns/DeviceIdMgrColumn.js	uglify-expr		True
bacnet	nmodule/bacnet/rc/wb/mgr/commands/ChangeIdCommand	2979	SKELETON-MATCH	bacnet/extracted/rc/wb/mgr/commands/ChangeIdCommand.js	skeleton		True
bacnet	nmodule/bacnet/rc/wb/mgr/commands/TimeSynchCommand	1907	SEMANTIC-MATCH	bacnet/extracted/rc/wb/mgr/commands/TimeSynchCommand.js	uglify-expr		True
bacnet	nmodule/bacnet/rc/wb/mgr/commands/WhoHasCommand	1420	SEMANTIC-MATCH	bacnet/extracted/rc/wb/mgr/commands/WhoHasCommand.js	uglify-expr		True
bacnet	nmodule/bacnet/rc/wb/mgr/model/BacnetDeviceLearnModel	2205	SEMANTIC-MATCH	bacnet/extracted/rc/wb/mgr/model/BacnetDeviceLearnModel.js	uglify-expr		True
bacnet	nmodule/bacnet/rc/wb/mgr/model/columns/MacAddressMgrColumn	1404	SKELETON-MATCH	bacnet/extracted/rc/wb/mgr/model/columns/MacAddressMgrColumn.js	skeleton		True
bacnet	nmodule/bacnet/rc/wb/mgr/model/BacnetDeviceMgrModel	2317	SEMANTIC-MATCH	bacnet/extracted/rc/wb/mgr/model/BacnetDeviceMgrModel.js	uglify-expr		True
bacnet	hbs!nmodule/bacnet/rc/wb/mgr/template/BacnetDeviceUxManager	2204	HBS-RECOMPILE-MATCH	bacnet/extracted/rc/wb/mgr/template/BacnetDeviceUxManager.hbs			
bacnet	nmodule/bacnet/rc/wb/mgr/BacnetDeviceUxManager	6034	SKELETON-MATCH	bacnet/extracted/rc/wb/mgr/BacnetDeviceUxManager.js	skeleton		True
bacnet	nmodule/bacnet/rc/wb/mgr/model/BacnetPointLearnModel	905	SEMANTIC-MATCH	bacnet/extracted/rc/wb/mgr/model/BacnetPointLearnModel.js	uglify-expr		True
bacnet	nmodule/bacnet/rc/wb/mgr/model/BacnetPointManagerModel	4388	SKELETON-MATCH	bacnet/extracted/rc/wb/mgr/model/BacnetPointManagerModel.js	skeleton		True
bacnet	nmodule/bacnet/rc/wb/mgr/BacnetPointUxManager	9315	SKELETON-MATCH	bacnet/extracted/rc/wb/mgr/BacnetPointUxManager.js	skeleton		True
bacnet	nmodule/bacnet/rc/wb/mgr/commands/ChangeHistoryDeviceNameCommand	1470	SKELETON-MATCH	bacnet/extracted/rc/wb/mgr/commands/ChangeHistoryDeviceNameCommand.js	skeleton		True
bacnet	nmodule/bacnet/rc/wb/mgr/commands/NewBacnetExportFolderCommand	505	SKELETON-MATCH	bacnet/extracted/rc/wb/mgr/commands/NewBacnetExportFolderCommand.js	skeleton		True
bacnet	nmodule/bacnet/rc/wb/mgr/commands/UseDeviceScheduleCommand	481	SKELETON-MATCH	bacnet/extracted/rc/wb/mgr/commands/UseDeviceScheduleCommand.js	skeleton		True
bacnet	nmodule/bacnet/rc/wb/mgr/export/BacnetExportPointLearn	505	SKELETON-MATCH	bacnet/extracted/rc/wb/mgr/export/BacnetExportPointLearn.js	skeleton		True
bacnet	nmodule/bacnet/rc/wb/mgr/export/BacnetExportUtil	746	SEMANTIC-MATCH	bacnet/extracted/rc/wb/mgr/export/BacnetExportUtil.js	compress		True
bacnet	nmodule/bacnet/rc/wb/mgr/model/columns/BacnetExportObjectTypeMgrColumn	582	SKELETON-MATCH	bacnet/extracted/rc/wb/mgr/model/columns/BacnetExportObjectTypeMgrColumn.js	skeleton		True
bacnet	nmodule/bacnet/rc/wb/mgr/model/columns/BacnetWritableMgrColumn	2055	SKELETON-MATCH	bacnet/extracted/rc/wb/mgr/model/columns/BacnetWritableMgrColumn.js	skeleton		True
bacnet	nmodule/bacnet/rc/wb/mgr/model/columns/ExportObjectMgrColumn	593	SKELETON-MATCH	bacnet/extracted/rc/wb/mgr/model/columns/ExportObjectMgrColumn.js	skeleton		True
bacnet	nmodule/bacnet/rc/wb/mgr/model/columns/FriendlyObjectTypePropertyMgrColumn	589	SKELETON-MATCH	bacnet/extracted/rc/wb/mgr/model/columns/FriendlyObjectTypePropertyMgrColumn.js	skeleton		True
bacnet	nmodule/bacnet/rc/wb/mgr/model/columns/InstanceNumberPropertyMgrColumn	984	SKELETON-MATCH	bacnet/extracted/rc/wb/mgr/model/columns/InstanceNumberPropertyMgrColumn.js	skeleton		True
bacnet	nmodule/bacnet/rc/wb/mgr/model/columns/ObjectOrdMgrColumn	1905	SKELETON-MATCH	bacnet/extracted/rc/wb/mgr/model/columns/ObjectOrdMgrColumn.js	skeleton		True
bacnet	nmodule/bacnet/rc/wb/mgr/model/BacnetExportModel	4658	SKELETON-MATCH	bacnet/extracted/rc/wb/mgr/model/BacnetExportModel.js	skeleton		True
bacnet	nmodule/bacnet/rc/wb/mgr/export/BacnetExportUxManager	5551	SKELETON-MATCH	bacnet/extracted/rc/wb/mgr/export/BacnetExportUxManager.js	skeleton		True
bacnet	nmodule/bacnet/rc/wb/mgr/model/BacnetNiagaraLogExportModel	2579	SKELETON-MATCH	bacnet/extracted/rc/wb/mgr/model/BacnetNiagaraLogExportModel.js	skeleton		True
bacnet	nmodule/bacnet/rc/wb/mgr/model/BacnetNiagaraLogExportLearnModel	689	SKELETON-MATCH	bacnet/extracted/rc/wb/mgr/model/BacnetNiagaraLogExportLearnModel.js	skeleton		True
bacnet	nmodule/bacnet/rc/wb/mgr/export/BacnetNiagaraLogExportUxManager	3647	SKELETON-MATCH	bacnet/extracted/rc/wb/mgr/export/BacnetNiagaraLogExportUxManager.js	skeleton		True
bacnet	nmodule/bacnet/rc/wb/mgr/model/BacnetHistoryImportLearnModel	722	SKELETON-MATCH	bacnet/extracted/rc/wb/mgr/model/BacnetHistoryImportLearnModel.js	skeleton		True
bacnet	nmodule/bacnet/rc/wb/mgr/model/columns/LocalHistoryNameColumn	417	SKELETON-MATCH	bacnet/extracted/rc/wb/mgr/model/columns/LocalHistoryNameColumn.js	skeleton		True
bacnet	nmodule/bacnet/rc/wb/mgr/model/BacnetHistoryImportModel	2219	SKELETON-MATCH	bacnet/extracted/rc/wb/mgr/model/BacnetHistoryImportModel.js	skeleton		True
bacnet	nmodule/bacnet/rc/wb/mgr/history/BacnetHistoryImportUxManager	3323	SKELETON-MATCH	bacnet/extracted/rc/wb/mgr/history/BacnetHistoryImportUxManager.js	skeleton		True
bacnet	nmodule/bacnet/rc/wb/mgr/LazyBacnetPointUxManager	10701	SKELETON-MATCH	bacnet/extracted/rc/wb/mgr/LazyBacnetPointUxManager.js	skeleton		True
bacnet	nmodule/bacnet/rc/wb/mgr/model/BacnetScheduleExportModel	1933	SKELETON-MATCH	bacnet/extracted/rc/wb/mgr/model/BacnetScheduleExportModel.js	skeleton		True
bacnet	nmodule/bacnet/rc/wb/mgr/model/BacnetScheduleImportModel	1218	SKELETON-MATCH	bacnet/extracted/rc/wb/mgr/model/BacnetScheduleImportModel.js	skeleton		True
bacnet	nmodule/bacnet/rc/wb/mgr/model/BacnetScheduleLearnModel	794	SKELETON-MATCH	bacnet/extracted/rc/wb/mgr/model/BacnetScheduleLearnModel.js	skeleton		True
bacnet	nmodule/bacnet/rc/wb/mgr/schedule/bacnetScheduleMgr	2334	SKELETON-MATCH	bacnet/extracted/rc/wb/mgr/schedule/bacnetScheduleMgr.js	skeleton		True
bacnet	nmodule/bacnet/rc/wb/mgr/schedule/BacnetScheduleExportUxManager	1653	SKELETON-MATCH	bacnet/extracted/rc/wb/mgr/schedule/BacnetScheduleExportUxManager.js	skeleton		True
bacnet	nmodule/bacnet/rc/wb/mgr/schedule/BacnetScheduleImportUxManager	1407	SKELETON-MATCH	bacnet/extracted/rc/wb/mgr/schedule/BacnetScheduleImportUxManager.js	skeleton		True
bacnetAws	nmodule/bacnetAws/rc/wb/mgr/commands/BacnetCommandSheet	504	SEMANTIC-MATCH	bacnetAws/extracted/rc/wb/mgr/commands/BacnetCommandSheet.js	uglify-expr		True
bacnetAws	nmodule/bacnetAws/rc/wb/mgr/commands/DeviceCommunicationControlCommand	2634	SKELETON-MATCH	bacnetAws/extracted/rc/wb/mgr/commands/DeviceCommunicationControlCommand.js	skeleton		True
bacnetAws	nmodule/bacnetAws/rc/wb/mgr/commands/ReinitializeDeviceCommand	2658	SKELETON-MATCH	bacnetAws/extracted/rc/wb/mgr/commands/ReinitializeDeviceCommand.js	skeleton		True
bacnetAws	nmodule/bacnetAws/rc/wb/mgr/commands/BackupCommand	3804	SKELETON-MATCH	bacnetAws/extracted/rc/wb/mgr/commands/BackupCommand.js	skeleton		True
bacnetAws	nmodule/bacnetAws/rc/wb/mgr/commands/RestoreCommand	3243	SKELETON-MATCH	bacnetAws/extracted/rc/wb/mgr/commands/RestoreCommand.js	skeleton		True
bacnetAws	nmodule/bacnetAws/rc/wb/mgr/commands/GetEnrollmentSummaryCommand	3018	SKELETON-MATCH	bacnetAws/extracted/rc/wb/mgr/commands/GetEnrollmentSummaryCommand.js	skeleton		True
bacnetAws	nmodule/bacnetAws/rc/wb/mgr/commands/GetEventInformationCommand	2992	SEMANTIC-MATCH	bacnetAws/extracted/rc/wb/mgr/commands/GetEventInformationCommand.js	uglify-expr		True
bacnetAws	nmodule/bacnetAws/rc/wb/mgr/BacnetAwsDeviceUxManager	2329	SEMANTIC-MATCH	bacnetAws/extracted/rc/wb/mgr/BacnetAwsDeviceUxManager.js	uglify-expr		True
bacnetAws	nmodule/bacnetAws/rc/wb/mgr/history/BacnetAwsHistoryImportUxManager	788	SKELETON-MATCH	bacnetAws/extracted/rc/wb/mgr/history/BacnetAwsHistoryImportUxManager.js	skeleton		True
bajaScript	bajaScript/baja/sys/inherit	696	SKELETON-MATCH	bajaScript/extracted/rc/baja/sys/inherit.js	skeleton		True
bajaScript	bajaScript/baja/sys/structures/Cursor	219	SEMANTIC-MATCH	bajaScript/extracted/rc/baja/sys/structures/Cursor.js	compress		True
bajaScript	bajaScript/baja/sys/bajaUtils	2762	SEMANTIC-MATCH	bajaScript/extracted/rc/baja/sys/bajaUtils.js	compress		True
bajaScript	bajaScript/baja/comm/ServerError	229	SEMANTIC-MATCH	bajaScript/extracted/rc/baja/comm/ServerError.js	compress		True
bajaScript	bajaScript/baja/comm/BoxError	435	SEMANTIC-MATCH	bajaScript/extracted/rc/baja/comm/BoxError.js	compress		True
bajaScript	nmodule/js/rc/asyncUtils/promiseMux	1451	SEMANTIC-MATCH	js/extracted/rc/asyncUtils/promiseMux.js	compress		True
bajaScript	bajaScript/baja/sys/BaseBajaObj	145	SEMANTIC-MATCH	bajaScript/extracted/rc/baja/sys/BaseBajaObj.js	compress		True
bajaScript	bajaScript/baja/sys/Version	902	SKELETON-MATCH	bajaScript/extracted/rc/baja/sys/Version.js	skeleton		True
bajaScript	bajaScript/baja/sys/structures/AsyncCursor	199	SEMANTIC-MATCH	bajaScript/extracted/rc/baja/sys/structures/AsyncCursor.js	compress		True
bajaScript	bajaScript/baja/sys/structures/SyncCursor	263	SEMANTIC-MATCH	bajaScript/extracted/rc/baja/sys/structures/SyncCursor.js	compress		True
bajaScript	bajaScript/baja/sys/structures/FilterCursor	1930	SKELETON-MATCH	bajaScript/extracted/rc/baja/sys/structures/FilterCursor.js	skeleton		True
bajaScript	bajaScript/baja/sys/structures/OrderedMap	1663	SEMANTIC-MATCH	bajaScript/extracted/rc/baja/sys/structures/OrderedMap.js	compress		True
bajaScript	bajaScript/sys	19628	SKELETON-MATCH	bajaScript/extracted/rc/sys.js	skeleton		True
bajaScript	bajaScript/baja/comm/BoxFrame	539	SEMANTIC-MATCH	bajaScript/extracted/rc/baja/comm/BoxFrame.js	compress		True
bajaScript	bajaScript/baja/comm/Batch	3229	SKELETON-MATCH	bajaScript/extracted/rc/baja/comm/Batch.js	skeleton		True
bajaScript	bajaScript/baja/comm/Callback	1290	SKELETON-MATCH	bajaScript/extracted/rc/baja/comm/Callback.js	skeleton		True
bajaScript	bajaScript/baja/obj/Object	499	SEMANTIC-MATCH	bajaScript/extracted/rc/baja/obj/Object.js	compress		True
bajaScript	bajaScript/baja/obj/Value	239	SEMANTIC-MATCH	bajaScript/extracted/rc/baja/obj/Value.js	compress		True
bajaScript	bajaScript/baja/obj/Simple	1642	SEMANTIC-MATCH	bajaScript/extracted/rc/baja/obj/Simple.js	uglify-expr		True
bajaScript	bajaScript/baja/obj/TimeFormat	142	SEMANTIC-MATCH	bajaScript/extracted/rc/baja/obj/TimeFormat.js	compress		True
bajaScript	bajaScript/baja/obj/dateTimeUtil	6297	SKELETON-MATCH	bajaScript/extracted/rc/baja/obj/dateTimeUtil.js	skeleton		True
bajaScript	bajaScript/baja/obj/numberUtil	3360	SKELETON-MATCH	bajaScript/extracted/rc/baja/obj/numberUtil.js	skeleton		True
bajaScript	bajaScript/baja/obj/objUtil	813	SEMANTIC-MATCH	bajaScript/extracted/rc/baja/obj/objUtil.js	uglify-expr		True
bajaScript	bajaScript/baja/obj/Date	4324	SEMANTIC-MATCH	bajaScript/extracted/rc/baja/obj/Date.js	uglify-expr		True
bajaScript	bajaScript/baja/obj/RelTime	3915	SKELETON-MATCH	bajaScript/extracted/rc/baja/obj/RelTime.js	skeleton		True
bajaScript	bajaScript/baja/obj/Time	3324	SEMANTIC-MATCH	bajaScript/extracted/rc/baja/obj/Time.js	uglify-expr		True
bajaScript	bajaScript/baja/obj/TimeZone	2409	SEMANTIC-MATCH	bajaScript/extracted/rc/baja/obj/TimeZone.js	uglify-expr		True
bajaScript	bajaScript/baja/obj/AbsTime	6328	SEMANTIC-MATCH	bajaScript/extracted/rc/baja/obj/AbsTime.js	compress		True
bajaScript	bajaScript/baja/obj/Facets	4589	SKELETON-MATCH	bajaScript/extracted/rc/baja/obj/Facets.js	skeleton		True
bajaScript	bajaScript/baja/obj/EnumRange	5710	SKELETON-MATCH	bajaScript/extracted/rc/baja/obj/EnumRange.js	skeleton		True
bajaScript	bajaScript/baja/obj/Format	6868	SKELETON-MATCH	bajaScript/extracted/rc/baja/obj/Format.js	skeleton		True
bajaScript	bajaScript/baja/obj/Boolean	2634	SEMANTIC-MATCH	bajaScript/extracted/rc/baja/obj/Boolean.js	compress		True
bajaScript	bajaScript/baja/obj/byteUtil	375	SEMANTIC-MATCH	bajaScript/extracted/rc/baja/obj/byteUtil.js	compress		True
bajaScript	bajaScript/baja/obj/Blob	2068	SKELETON-MATCH	bajaScript/extracted/rc/baja/obj/Blob.js	skeleton		True
bajaScript	bajaScript/baja/obj/CategoryMask	1273	SKELETON-MATCH	bajaScript/extracted/rc/baja/obj/CategoryMask.js	skeleton		True
bajaScript	bajaScript/baja/obj/DaysOfWeekBits	1258	SEMANTIC-MATCH	bajaScript/extracted/rc/baja/obj/DaysOfWeekBits.js	compress		True
bajaScript	bajaScript/baja/obj/DefaultSimple	563	SEMANTIC-MATCH	bajaScript/extracted/rc/baja/obj/DefaultSimple.js	compress		True
bajaScript	bajaScript/baja/obj/Dimension	1970	SEMANTIC-MATCH	bajaScript/extracted/rc/baja/obj/Dimension.js	compress		True
bajaScript	bajaScript/baja/obj/Double	2331	SEMANTIC-MATCH	bajaScript/extracted/rc/baja/obj/Double.js	compress		True
bajaScript	bajaScript/baja/obj/Enum	734	SEMANTIC-MATCH	bajaScript/extracted/rc/baja/obj/Enum.js	compress		True
bajaScript	bajaScript/baja/obj/DynamicEnum	2864	SKELETON-MATCH	bajaScript/extracted/rc/baja/obj/DynamicEnum.js	skeleton		True
bajaScript	bajaScript/baja/obj/EnumSet	1789	SKELETON-MATCH	bajaScript/extracted/rc/baja/obj/EnumSet.js	skeleton		True
bajaScript	bajaScript/baja/obj/FacetsMap	2191	SKELETON-MATCH	bajaScript/extracted/rc/baja/obj/FacetsMap.js	skeleton		True
bajaScript	bajaScript/baja/obj/Float	1801	SEMANTIC-MATCH	bajaScript/extracted/rc/baja/obj/Float.js	uglify-expr		True
bajaScript	bajaScript/baja/obj/FrozenEnum	1130	SEMANTIC-MATCH	bajaScript/extracted/rc/baja/obj/FrozenEnum.js	compress		True
bajaScript	bajaScript/baja/obj/Icon	1520	SEMANTIC-MATCH	bajaScript/extracted/rc/baja/obj/Icon.js	uglify-expr		True
bajaScript	bajaScript/baja/obj/Integer	1397	SEMANTIC-MATCH	bajaScript/extracted/rc/baja/obj/Integer.js	uglify-expr		True
bajaScript	bajaScript/baja/obj/Long	1410	SEMANTIC-MATCH	bajaScript/extracted/rc/baja/obj/Long.js	uglify-expr		True
bajaScript	bajaScript/baja/obj/Marker	1148	SEMANTIC-MATCH	bajaScript/extracted/rc/baja/obj/Marker.js	uglify-expr		True
bajaScript	bajaScript/baja/ord/OrdQuery	795	SEMANTIC-MATCH	bajaScript/extracted/rc/baja/ord/OrdQuery.js	compress		True
bajaScript	bajaScript/baja/ord/SlotPath	3384	SKELETON-MATCH	bajaScript/extracted/rc/baja/ord/SlotPath.js	skeleton		True
bajaScript	bajaScript/baja/obj/NameList	1645	SEMANTIC-MATCH	bajaScript/extracted/rc/baja/obj/NameList.js	compress		True
bajaScript	bajaScript/baja/obj/NameMap	1542	SEMANTIC-MATCH	bajaScript/extracted/rc/baja/obj/NameMap.js	compress		True
bajaScript	bajaScript/baja/ord/OrdTarget	2396	SKELETON-MATCH	bajaScript/extracted/rc/baja/ord/OrdTarget.js	skeleton		True
bajaScript	bajaScript/baja/ord/Ord	5920	SKELETON-MATCH	bajaScript/extracted/rc/baja/ord/Ord.js	skeleton		True
bajaScript	bajaScript/baja/obj/OrdToCategoryMap	1528	SKELETON-MATCH	bajaScript/extracted/rc/baja/obj/OrdToCategoryMap.js	skeleton		True
bajaScript	bajaScript/baja/obj/Password	881	SKELETON-MATCH	bajaScript/extracted/rc/baja/obj/Password.js	skeleton		True
bajaScript	bajaScript/baja/obj/Permissions	1778	SEMANTIC-MATCH	bajaScript/extracted/rc/baja/obj/Permissions.js	compress		True
bajaScript	bajaScript/baja/obj/PermissionsMap	2047	SEMANTIC-MATCH	bajaScript/extracted/rc/baja/obj/PermissionsMap.js	uglify-expr		True
bajaScript	bajaScript/baja/obj/Singleton	198	SEMANTIC-MATCH	bajaScript/extracted/rc/baja/obj/Singleton.js	compress		True
bajaScript	bajaScript/baja/obj/Status	4710	SEMANTIC-MATCH	bajaScript/extracted/rc/baja/obj/Status.js	uglify-expr		True
bajaScript	bajaScript/baja/comm/ServerSession	475	SEMANTIC-MATCH	bajaScript/extracted/rc/baja/comm/ServerSession.js	compress		True
bajaScript	bajaScript/comm	7747	SEMANTIC-MATCH	bajaScript/extracted/rc/comm.js	uglify-expr		True
bajaScript	bajaScript/baja/comp/Flags	1988	SEMANTIC-MATCH	bajaScript/extracted/rc/baja/comp/Flags.js	uglify-expr		True
bajaScript	bajaScript/baja/comp/Slot	594	SEMANTIC-MATCH	bajaScript/extracted/rc/baja/comp/Slot.js	compress		True
bajaScript	bajaScript/baja/comp/Property	244	SEMANTIC-MATCH	bajaScript/extracted/rc/baja/comp/Property.js	compress		True
bajaScript	bajaScript/baja/comp/SlotCursor	4237	SEMANTIC-MATCH	bajaScript/extracted/rc/baja/comp/SlotCursor.js	compress		True
bajaScript	bajaScript/baja/comp/Complex	7053	SKELETON-MATCH	bajaScript/extracted/rc/baja/comp/Complex.js	skeleton		True
bajaScript	bajaScript/baja/comp/Struct	198	SEMANTIC-MATCH	bajaScript/extracted/rc/baja/comp/Struct.js	compress		True
bajaScript	bajaScript/baja/obj/StatusValue	783	SEMANTIC-MATCH	bajaScript/extracted/rc/baja/obj/StatusValue.js	compress		True
bajaScript	bajaScript/baja/obj/String	1369	SEMANTIC-MATCH	bajaScript/extracted/rc/baja/obj/String.js	compress		True
bajaScript	bajaScript/baja/obj/TimeZoneDatabase	1631	SKELETON-MATCH	bajaScript/extracted/rc/baja/obj/TimeZoneDatabase.js	skeleton		True
bajaScript	bajaScript/baja/obj/Unit	3912	SKELETON-MATCH	bajaScript/extracted/rc/baja/obj/Unit.js	skeleton		True
bajaScript	bajaScript/baja/obj/UnitDatabase	2469	SKELETON-MATCH	bajaScript/extracted/rc/baja/obj/UnitDatabase.js	skeleton		True
bajaScript	bajaScript/baja/obj/WsAnnotation	1360	SEMANTIC-MATCH	bajaScript/extracted/rc/baja/obj/WsAnnotation.js	uglify-expr		True
bajaScript	bajaScript/ctypes	14033	IDENTICAL-AFTER-MINIFY	bajaScript/extracted/rc/ctypes.js	mangle		True
bajaScript	bajaScript/obj	2689	SEMANTIC-MATCH	bajaScript/extracted/rc/obj.js	compress		True
bajaScript	bajaScript/baja/nav/NavContainer	2702	SKELETON-MATCH	bajaScript/extracted/rc/baja/nav/NavContainer.js	skeleton		True
bajaScript	bajaScript/baja/nav/NavNode	877	SEMANTIC-MATCH	bajaScript/extracted/rc/baja/nav/NavNode.js	uglify-expr		True
bajaScript	bajaScript/baja/nav/NavNodeContainer	1529	SEMANTIC-MATCH	bajaScript/extracted/rc/baja/nav/NavNodeContainer.js	compress		True
bajaScript	bajaScript/baja/alarm/AlarmSpace	2533	SEMANTIC-MATCH	bajaScript/extracted/rc/baja/alarm/AlarmSpace.js	compress		True
bajaScript	bajaScript/baja/alarm/AlarmArchiveSpace	2523	SEMANTIC-MATCH	bajaScript/extracted/rc/baja/alarm/AlarmArchiveSpace.js	compress		True
bajaScript	bajaScript/alarm	318	SEMANTIC-MATCH	bajaScript/extracted/rc/alarm.js	compress		True
bajaScript	bajaScript/env/mux/muxUtils	713	SEMANTIC-MATCH	bajaScript/extracted/rc/env/mux/muxUtils.js	compress		True
bajaScript	bajaScript/env/mux/BoxEnvelope	3172	SEMANTIC-MATCH	bajaScript/extracted/rc/env/mux/BoxEnvelope.js	uglify-expr		True
bajaScript	bajaScript/env/mux/BoxEnvelopeDemux	893	SKELETON-MATCH	bajaScript/extracted/rc/env/mux/BoxEnvelopeDemux.js	skeleton		True
bajaScript	bajaScript/env/mux/BoxEnvelopeMux	1543	SEMANTIC-MATCH	bajaScript/extracted/rc/env/mux/BoxEnvelopeMux.js	compress		True
bajaScript	bajaScript/env/mux/BoxMessageRelay	2214	SKELETON-MATCH	bajaScript/extracted/rc/env/mux/BoxMessageRelay.js	skeleton		True
bajaScript	bajaScript/env/mux/BoxFrameCoalescer	489	SEMANTIC-MATCH	bajaScript/extracted/rc/env/mux/BoxFrameCoalescer.js	compress		True
bajaScript	bajaScript/env/Connection	1571	SKELETON-MATCH	bajaScript/extracted/rc/env/Connection.js	skeleton		True
bajaScript	bajaScript/env/HttpOnlyConnection	513	SEMANTIC-MATCH	bajaScript/extracted/rc/env/HttpOnlyConnection.js	compress		True
bajaScript	bajaScript/env/WorkbenchConnection	1077	SKELETON-MATCH	bajaScript/extracted/rc/env/WorkbenchConnection.js	skeleton		True
bajaScript	bajaScript/env/WebSocketConnection	898	SEMANTIC-MATCH	bajaScript/extracted/rc/env/WebSocketConnection.js	compress		True
bajaScript	bajaScript/env/ReusedWebSocketConnection	950	SEMANTIC-MATCH	bajaScript/extracted/rc/env/ReusedWebSocketConnection.js	compress		True
bajaScript	bajaScript/env/ConnectionManager	3271	SKELETON-MATCH	bajaScript/extracted/rc/env/ConnectionManager.js	skeleton		True
bajaScript	bajaScript/env/BrowserCommsManager	1020	SKELETON-MATCH	bajaScript/extracted/rc/env/BrowserCommsManager.js	skeleton		True
bajaScript	bajaScript/baja/nav/event	1686	SKELETON-MATCH	bajaScript/extracted/rc/baja/nav/event.js	skeleton		True
bajaScript	bajaScript/baja/nav/FileNavContainer	307	SEMANTIC-MATCH	bajaScript/extracted/rc/baja/nav/FileNavContainer.js	compress		True
bajaScript	bajaScript/baja/nav/NavFileSpace	1195	SEMANTIC-MATCH	bajaScript/extracted/rc/baja/nav/NavFileSpace.js	uglify-expr		True
bajaScript	bajaScript/baja/nav/NavRoot	202	SEMANTIC-MATCH	bajaScript/extracted/rc/baja/nav/NavRoot.js	compress		True
bajaScript	bajaScript/nav	659	SEMANTIC-MATCH	bajaScript/extracted/rc/nav.js	compress		True
bajaScript	bajaScript/baja/comp/Action	236	SEMANTIC-MATCH	bajaScript/extracted/rc/baja/comp/Action.js	compress		True
bajaScript	bajaScript/baja/comp/ActionProperty	418	SEMANTIC-MATCH	bajaScript/extracted/rc/baja/comp/ActionProperty.js	compress		True
bajaScript	bajaScript/baja/comp/LinkCheck	400	SEMANTIC-MATCH	bajaScript/extracted/rc/baja/comp/LinkCheck.js	compress		True
bajaScript	bajaScript/baja/comp/DynamicProperty	930	SEMANTIC-MATCH	bajaScript/extracted/rc/baja/comp/DynamicProperty.js	compress		True
bajaScript	bajaScript/baja/comp/PropertyAction	407	SEMANTIC-MATCH	bajaScript/extracted/rc/baja/comp/PropertyAction.js	compress		True
bajaScript	bajaScript/baja/comp/PropertyTopic	334	SEMANTIC-MATCH	bajaScript/extracted/rc/baja/comp/PropertyTopic.js	compress		True
bajaScript	bajaScript/baja/comp/compUtil	1068	SEMANTIC-MATCH	bajaScript/extracted/rc/baja/comp/compUtil.js	compress		True
bajaScript	bajaScript/baja/tag/Id	905	SKELETON-MATCH	bajaScript/extracted/rc/baja/tag/Id.js	skeleton		True
bajaScript	bajaScript/baja/tag/Tag	417	SEMANTIC-MATCH	bajaScript/extracted/rc/baja/tag/Tag.js	compress		True
bajaScript	bajaScript/baja/tag/ComponentTags	1228	SEMANTIC-MATCH	bajaScript/extracted/rc/baja/tag/ComponentTags.js	compress		True
bajaScript	bajaScript/baja/tag/TagSet	515	SEMANTIC-MATCH	bajaScript/extracted/rc/baja/tag/TagSet.js	compress		True
bajaScript	bajaScript/baja/tag/SmartTags	928	SEMANTIC-MATCH	bajaScript/extracted/rc/baja/tag/SmartTags.js	compress		True
bajaScript	bajaScript/baja/tag/Relation	888	SKELETON-MATCH	bajaScript/extracted/rc/baja/tag/Relation.js	skeleton		True
bajaScript	bajaScript/baja/tag/ComponentRelations	780	SEMANTIC-MATCH	bajaScript/extracted/rc/baja/tag/ComponentRelations.js	compress		True
bajaScript	bajaScript/baja/tag/SmartRelations	701	SEMANTIC-MATCH	bajaScript/extracted/rc/baja/tag/SmartRelations.js	compress		True
bajaScript	bajaScript/baja/comp/Component	23557	SKELETON-MATCH	bajaScript/extracted/rc/baja/comp/Component.js	skeleton		True
bajaScript	bajaScript/baja/comp/ComponentSpace	2814	SKELETON-MATCH	bajaScript/extracted/rc/baja/comp/ComponentSpace.js	skeleton		True
bajaScript	bajaScript/baja/comp/ControlPoint	1085	SEMANTIC-MATCH	bajaScript/extracted/rc/baja/comp/ControlPoint.js	compress		True
bajaScript	bajaScript/baja/comp/Host	241	SEMANTIC-MATCH	bajaScript/extracted/rc/baja/comp/Host.js	compress		True
bajaScript	bajaScript/baja/comp/LocalHost	507	SKELETON-MATCH	bajaScript/extracted/rc/baja/comp/LocalHost.js	skeleton		True
bajaScript	bajaScript/baja/comp/Subscriber	3471	SKELETON-MATCH	bajaScript/extracted/rc/baja/comp/Subscriber.js	skeleton		True
bajaScript	bajaScript/baja/comp/Topic	234	SEMANTIC-MATCH	bajaScript/extracted/rc/baja/comp/Topic.js	compress		True
bajaScript	bajaScript/baja/comp/TopicProperty	320	SEMANTIC-MATCH	bajaScript/extracted/rc/baja/comp/TopicProperty.js	compress		True
bajaScript	bajaScript/baja/comp/User	428	SKELETON-MATCH	bajaScript/extracted/rc/baja/comp/User.js	skeleton		True
bajaScript	bajaScript/comp	1086	SEMANTIC-MATCH	bajaScript/extracted/rc/comp.js	compress		True
bajaScript	bajaScript/bson	10222	SKELETON-MATCH	bajaScript/extracted/rc/bson.js	skeleton		True
bajaScript	bajaScript/baja/boxcs/SyncOp	535	SEMANTIC-MATCH	bajaScript/extracted/rc/baja/boxcs/SyncOp.js	uglify-expr		True
bajaScript	bajaScript/baja/boxcs/AddOp	826	SEMANTIC-MATCH	bajaScript/extracted/rc/baja/boxcs/AddOp.js	compress		True
bajaScript	bajaScript/baja/boxcs/FireTopicOp	619	SEMANTIC-MATCH	bajaScript/extracted/rc/baja/boxcs/FireTopicOp.js	compress		True
bajaScript	bajaScript/baja/boxcs/RemoveOp	409	SEMANTIC-MATCH	bajaScript/extracted/rc/baja/boxcs/RemoveOp.js	compress		True
bajaScript	bajaScript/baja/boxcs/RenameOp	457	SEMANTIC-MATCH	bajaScript/extracted/rc/baja/boxcs/RenameOp.js	compress		True
bajaScript	bajaScript/baja/boxcs/ReorderOp	409	SEMANTIC-MATCH	bajaScript/extracted/rc/baja/boxcs/ReorderOp.js	compress		True
bajaScript	bajaScript/baja/boxcs/SetOp	730	SEMANTIC-MATCH	bajaScript/extracted/rc/baja/boxcs/SetOp.js	compress		True
bajaScript	bajaScript/baja/boxcs/SetFacetsOp	560	SEMANTIC-MATCH	bajaScript/extracted/rc/baja/boxcs/SetFacetsOp.js	compress		True
bajaScript	bajaScript/baja/boxcs/SetFlagsOp	513	SEMANTIC-MATCH	bajaScript/extracted/rc/baja/boxcs/SetFlagsOp.js	compress		True
bajaScript	bajaScript/baja/tag/RelationSet	650	SEMANTIC-MATCH	bajaScript/extracted/rc/baja/tag/RelationSet.js	compress		True
bajaScript	bajaScript/baja/tag/BasicEntity	516	SKELETON-MATCH	bajaScript/extracted/rc/baja/tag/BasicEntity.js	skeleton		True
bajaScript	bajaScript/baja/tag/entityDecoder	2163	SEMANTIC-MATCH	bajaScript/extracted/rc/baja/tag/entityDecoder.js	compress		True
bajaScript	bajaScript/baja/boxcs/BoxCallbacks	4648	SEMANTIC-MATCH	bajaScript/extracted/rc/baja/boxcs/BoxCallbacks.js	uglify-expr		True
bajaScript	bajaScript/baja/boxcs/syncUtil	2687	SEMANTIC-MATCH	bajaScript/extracted/rc/baja/boxcs/syncUtil.js	compress		True
bajaScript	bajaScript/baja/boxcs/AddKnobOp	360	SEMANTIC-MATCH	bajaScript/extracted/rc/baja/boxcs/AddKnobOp.js	compress		True
bajaScript	bajaScript/baja/boxcs/LoadOp	390	SEMANTIC-MATCH	bajaScript/extracted/rc/baja/boxcs/LoadOp.js	compress		True
bajaScript	bajaScript/baja/boxcs/RemoveKnobOp	346	SEMANTIC-MATCH	bajaScript/extracted/rc/baja/boxcs/RemoveKnobOp.js	compress		True
bajaScript	bajaScript/baja/boxcs/AddRelationKnobOp	385	SEMANTIC-MATCH	bajaScript/extracted/rc/baja/boxcs/AddRelationKnobOp.js	compress		True
bajaScript	bajaScript/baja/boxcs/RemoveRelationKnobOp	357	SEMANTIC-MATCH	bajaScript/extracted/rc/baja/boxcs/RemoveRelationKnobOp.js	compress		True
bajaScript	bajaScript/baja/boxcs/BoxComponentSpace	3915	SKELETON-MATCH	bajaScript/extracted/rc/baja/boxcs/BoxComponentSpace.js	skeleton		True
bajaScript	bajaScript/baja/boxcs/BogSpace	475	SKELETON-MATCH	bajaScript/extracted/rc/baja/boxcs/BogSpace.js	skeleton		True
bajaScript	bajaScript/boxcs	195	SEMANTIC-MATCH	bajaScript/extracted/rc/boxcs.js	compress		True
bajaScript	bajaScript/baja/coll/collUtil	211	SEMANTIC-MATCH	bajaScript/extracted/rc/baja/coll/collUtil.js	compress		True
bajaScript	bajaScript/baja/coll/QueryCursor	719	SKELETON-MATCH	bajaScript/extracted/rc/baja/coll/QueryCursor.js	skeleton		True
bajaScript	bajaScript/baja/coll/TableCursor	595	SEMANTIC-MATCH	bajaScript/extracted/rc/baja/coll/TableCursor.js	compress		True
bajaScript	bajaScript/baja/coll/tableMixIn	1771	SEMANTIC-MATCH	bajaScript/extracted/rc/baja/coll/tableMixIn.js	uglify-expr		True
bajaScript	bajaScript/baja/coll/Table	883	SEMANTIC-MATCH	bajaScript/extracted/rc/baja/coll/Table.js	compress		True
bajaScript	bajaScript/baja/coll/QueryResult	1298	SEMANTIC-MATCH	bajaScript/extracted/rc/baja/coll/QueryResult.js	compress		True
bajaScript	bajaScript/coll	453	SEMANTIC-MATCH	bajaScript/extracted/rc/coll.js	compress		True
bajaScript	bajaScript/baja/file/File	1265	SEMANTIC-MATCH	bajaScript/extracted/rc/baja/file/File.js	compress		True
bajaScript	bajaScript/file	205	SEMANTIC-MATCH	bajaScript/extracted/rc/file.js	compress		True
bajaScript	bajaScript/baja/hist/HistorySpace	959	SEMANTIC-MATCH	bajaScript/extracted/rc/baja/hist/HistorySpace.js	compress		True
bajaScript	bajaScript/hist	205	SEMANTIC-MATCH	bajaScript/extracted/rc/hist.js	compress		True
bajaScript	bajaScript/baja/ord/OrdScheme	600	SEMANTIC-MATCH	bajaScript/extracted/rc/baja/ord/OrdScheme.js	compress		True
bajaScript	bajaScript/baja/ord/AlarmScheme	1133	SEMANTIC-MATCH	bajaScript/extracted/rc/baja/ord/AlarmScheme.js	compress		True
bajaScript	bajaScript/baja/ord/VirtualPath	1007	SEMANTIC-MATCH	bajaScript/extracted/rc/baja/ord/VirtualPath.js	compress		True
bajaScript	bajaScript/baja/ord/BatchResolve	6136	SKELETON-MATCH	bajaScript/extracted/rc/baja/ord/BatchResolve.js	skeleton		True
bajaScript	bajaScript/baja/ord/BinderCacheScheme	283	SEMANTIC-MATCH	bajaScript/extracted/rc/baja/ord/BinderCacheScheme.js	compress		True
bajaScript	bajaScript/baja/ord/BogScheme	928	SEMANTIC-MATCH	bajaScript/extracted/rc/baja/ord/BogScheme.js	compress		True
bajaScript	bajaScript/baja/ord/FileScheme	607	SEMANTIC-MATCH	bajaScript/extracted/rc/baja/ord/FileScheme.js	compress		True
bajaScript	bajaScript/baja/ord/FoxScheme	571	SEMANTIC-MATCH	bajaScript/extracted/rc/baja/ord/FoxScheme.js	uglify-expr		True
bajaScript	bajaScript/baja/ord/HandleScheme	693	SEMANTIC-MATCH	bajaScript/extracted/rc/baja/ord/HandleScheme.js	compress		True
bajaScript	bajaScript/baja/ord/ordUtil	2382	SKELETON-MATCH	bajaScript/extracted/rc/baja/ord/ordUtil.js	skeleton		True
bajaScript	bajaScript/baja/ord/OrdCoalescer	2377	SKELETON-MATCH	bajaScript/extracted/rc/baja/ord/OrdCoalescer.js	skeleton		True
bajaScript	bajaScript/baja/ord/HierarchyScheme	1614	SEMANTIC-MATCH	bajaScript/extracted/rc/baja/ord/HierarchyScheme.js	uglify-expr		True
bajaScript	bajaScript/baja/ord/HistoryScheme	1202	SKELETON-MATCH	bajaScript/extracted/rc/baja/ord/HistoryScheme.js	skeleton		True
bajaScript	bajaScript/baja/ord/HttpScheme	491	SEMANTIC-MATCH	bajaScript/extracted/rc/baja/ord/HttpScheme.js	compress		True
bajaScript	bajaScript/baja/ord/IpScheme	679	SKELETON-MATCH	bajaScript/extracted/rc/baja/ord/IpScheme.js	skeleton		True
bajaScript	bajaScript/baja/ord/LocalScheme	548	SEMANTIC-MATCH	bajaScript/extracted/rc/baja/ord/LocalScheme.js	compress		True
bajaScript	bajaScript/baja/ord/NSpaceScheme	1223	SEMANTIC-MATCH	bajaScript/extracted/rc/baja/ord/NSpaceScheme.js	uglify-expr		True
bajaScript	bajaScript/baja/ord/OrdList	819	SEMANTIC-MATCH	bajaScript/extracted/rc/baja/ord/OrdList.js	uglify-expr		True
bajaScript	bajaScript/baja/ord/OrdQueryListCursor	875	SEMANTIC-MATCH	bajaScript/extracted/rc/baja/ord/OrdQueryListCursor.js	compress		True
bajaScript	bajaScript/baja/ord/OrdQueryList	1736	SEMANTIC-MATCH	bajaScript/extracted/rc/baja/ord/OrdQueryList.js	uglify-expr		True
bajaScript	bajaScript/baja/ord/ServiceScheme	866	SEMANTIC-MATCH	bajaScript/extracted/rc/baja/ord/ServiceScheme.js	compress		True
bajaScript	bajaScript/baja/ord/SingleScheme	404	SEMANTIC-MATCH	bajaScript/extracted/rc/baja/ord/SingleScheme.js	compress		True
bajaScript	bajaScript/baja/ord/SlotScheme	4626	SKELETON-MATCH	bajaScript/extracted/rc/baja/ord/SlotScheme.js	skeleton		True
bajaScript	bajaScript/baja/ord/StationScheme	664	SEMANTIC-MATCH	bajaScript/extracted/rc/baja/ord/StationScheme.js	uglify-expr		True
bajaScript	bajaScript/baja/ord/UnknownScheme	424	SEMANTIC-MATCH	bajaScript/extracted/rc/baja/ord/UnknownScheme.js	compress		True
bajaScript	bajaScript/baja/ord/ViewQuery	1334	SKELETON-MATCH	bajaScript/extracted/rc/baja/ord/ViewQuery.js	skeleton		True
bajaScript	bajaScript/baja/ord/ViewScheme	386	SEMANTIC-MATCH	bajaScript/extracted/rc/baja/ord/ViewScheme.js	compress		True
bajaScript	bajaScript/baja/ord/VirtualScheme	307	SEMANTIC-MATCH	bajaScript/extracted/rc/baja/ord/VirtualScheme.js	compress		True
bajaScript	bajaScript/ord	2446	SEMANTIC-MATCH	bajaScript/extracted/rc/ord.js	compress		True
bajaScript	bajaScript/baja/tag/RelationTags	643	SEMANTIC-MATCH	bajaScript/extracted/rc/baja/tag/RelationTags.js	compress		True
bajaScript	bajaScript/baja/tag/BRelation	562	SEMANTIC-MATCH	bajaScript/extracted/rc/baja/tag/BRelation.js	compress		True
bajaScript	bajaScript/tag	760	SEMANTIC-MATCH	bajaScript/extracted/rc/tag.js	compress		True
bajaScript	bajaScript/transfer	381	SEMANTIC-MATCH	bajaScript/extracted/rc/transfer.js	compress		True
bajaScript	bajaScript/baja/virt/VirtualComponent	1017	SEMANTIC-MATCH	bajaScript/extracted/rc/baja/virt/VirtualComponent.js	uglify-expr		True
bajaScript	bajaScript/baja/virt/VirtualComponentSpace	577	SEMANTIC-MATCH	bajaScript/extracted/rc/baja/virt/VirtualComponentSpace.js	compress		True
bajaScript	bajaScript/baja/virt/VirtualGateway	979	SEMANTIC-MATCH	bajaScript/extracted/rc/baja/virt/VirtualGateway.js	uglify-expr		True
bajaScript	bajaScript/virt	430	SEMANTIC-MATCH	bajaScript/extracted/rc/virt.js	compress		True
bajaScript	bajaScript/env/browser	3241	SKELETON-MATCH	bajaScript/extracted/rc/env/browser.js	skeleton		True
bajaScript	bajaPromises	560	SEMANTIC-MATCH	bajaScript/extracted/rc/env/Promises.js	uglify-expr	alias	True
bajaScript	bajaScript/env/Promises	46	EMPTY-STUB	bajaScript/extracted/rc/env/Promises.js			False
bajaScript	bajaBrowserEnvUtil	784	SEMANTIC-MATCH	bajaScript/extracted/rc/env/jQueryBrowserEnvUtil.js	compress	alias	True
bajaScript	bajaScript/env/jQueryBrowserEnvUtil	58	EMPTY-STUB	bajaScript/extracted/rc/env/jQueryBrowserEnvUtil.js			False
bajaScript	bajaScript/env/stompbox	1857	SKELETON-MATCH	bajaScript/extracted/rc/env/stompbox.js	skeleton		True
bajaui	nmodule/bajaui/rc/ux/bajauiEvents	127	SEMANTIC-MATCH	bajaui/extracted/rc/ux/bajauiEvents.js	compress		True
bajaui	nmodule/bajaui/rc/binding/impl/widgetEvents	2871	SKELETON-MATCH	bajaui/extracted/rc/binding/impl/widgetEvents.js	skeleton		True
bajaui	nmodule/bajaui/rc/baja/binding/Binding	2859	SKELETON-MATCH	bajaui/extracted/rc/baja/binding/Binding.js	skeleton		True
bajaui	nmodule/bajaui/rc/baja/binding/LoadBinding	1194	SKELETON-MATCH	bajaui/extracted/rc/baja/binding/LoadBinding.js	skeleton		True
bajaui	nmodule/bajaui/rc/baja/binding/TableBinding	259	SKELETON-MATCH	bajaui/extracted/rc/baja/binding/TableBinding.js	skeleton		True
bajaui	nmodule/bajaui/rc/baja/binding/ValueBinding	2447	SKELETON-MATCH	bajaui/extracted/rc/baja/binding/ValueBinding.js	skeleton		True
bajaui	nmodule/bajaui/rc/baja/binding/WbFieldEditorBinding	1178	SKELETON-MATCH	bajaui/extracted/rc/baja/binding/WbFieldEditorBinding.js	skeleton		True
bajaui	nmodule/bajaui/rc/baja/binding/WbViewBinding	418	SKELETON-MATCH	bajaui/extracted/rc/baja/binding/WbViewBinding.js	skeleton		True
bajaui	nmodule/bajaui/rc/baja/Border	3782	SKELETON-MATCH	bajaui/extracted/rc/baja/Border.js	skeleton		True
bajaui	nmodule/bajaui/rc/baja/Layout	3585	SKELETON-MATCH	bajaui/extracted/rc/baja/Layout.js	skeleton		True
bajaui	nmodule/bajaui/rc/baja/LayoutDimension	1236	SKELETON-MATCH	bajaui/extracted/rc/baja/LayoutDimension.js	skeleton		True
bajaui	nmodule/bajaui/rc/binding/IBinder	223	SKELETON-MATCH	bajaui/extracted/rc/binding/IBinder.js	skeleton		True
bajaui	nmodule/bajaui/rc/binding/impl/WidgetBinding	2249	SKELETON-MATCH	bajaui/extracted/rc/binding/impl/WidgetBinding.js	skeleton		True
bajaui	nmodule/bajaui/rc/ux/NullWidget	368	SKELETON-MATCH	bajaui/extracted/rc/ux/NullWidget.js	skeleton		True
bajaui	nmodule/bajaui/rc/binding/impl/WidgetBindingManager	4429	SKELETON-MATCH	bajaui/extracted/rc/binding/impl/WidgetBindingManager.js	skeleton		True
bajaui	nmodule/bajaui/rc/binding/IValueProvider	209	SKELETON-MATCH	bajaui/extracted/rc/binding/IValueProvider.js	skeleton		True
bajaui	nmodule/bajaui/rc/binding/IWidgetEventListener	251	SKELETON-MATCH	bajaui/extracted/rc/binding/IWidgetEventListener.js	skeleton		True
bajaui	nmodule/bajaui/rc/fe/BorderEditor	5652	SKELETON-MATCH	bajaui/extracted/rc/fe/BorderEditor.js	skeleton		True
bajaui	nmodule/bajaui/rc/fe/CollectionView	3280	SKELETON-MATCH	bajaui/extracted/rc/fe/CollectionView.js	skeleton		True
bajaui	nmodule/bajaui/rc/fe/LayerTagEditor	1077	SKELETON-MATCH	bajaui/extracted/rc/fe/LayerTagEditor.js	skeleton		True
bajaui	nmodule/bajaui/rc/fe/LayoutEditor	4036	SKELETON-MATCH	bajaui/extracted/rc/fe/LayoutEditor.js	skeleton		True
bajaui	nmodule/bajaui/rc/mixin/LayoutHintsSupport	684	SEMANTIC-MATCH	bajaui/extracted/rc/mixin/LayoutHintsSupport.js	compress		True
bajaui	nmodule/bajaui/rc/mixin/PreferredSizeSupport	1855	SKELETON-MATCH	bajaui/extracted/rc/mixin/PreferredSizeSupport.js	skeleton		True
bajaui	nmodule/bajaui/rc/mixin/SpecialPropertySupport	691	SEMANTIC-MATCH	bajaui/extracted/rc/mixin/SpecialPropertySupport.js	compress		True
bajaui	nmodule/bajaui/rc/rpc/uxBuilder	6195	SKELETON-MATCH	bajaui/extracted/rc/rpc/uxBuilder.js	skeleton		True
bajaui	nmodule/bajaui/rc/util/pxUtils	2823	SKELETON-MATCH	bajaui/extracted/rc/util/pxUtils.js	skeleton		True
bajaui	nmodule/bajaui/rc/util/ScaledLayout	2540	SKELETON-MATCH	bajaui/extracted/rc/util/ScaledLayout.js	skeleton		True
bajaui	nmodule/bajaui/rc/util/ScaledWrapper	826	SKELETON-MATCH	bajaui/extracted/rc/util/ScaledWrapper.js	skeleton		True
bajaui	nmodule/bajaui/rc/util/sideBarUtils	2365	SEMANTIC-MATCH	bajaui/extracted/rc/util/sideBarUtils.js	uglify-expr		True
bajaui	nmodule/bajaui/rc/util/TogglePxEditModeCommand	1799	SKELETON-MATCH	bajaui/extracted/rc/util/TogglePxEditModeCommand.js	skeleton		True
bajaui	nmodule/bajaui/rc/util/UserDataOptions	1860	SKELETON-MATCH	bajaui/extracted/rc/util/UserDataOptions.js	skeleton		True
bajaui	nmodule/bajaui/rc/util/UserDataOptionsCommand	797	SKELETON-MATCH	bajaui/extracted/rc/util/UserDataOptionsCommand.js	skeleton		True
bajaui	nmodule/bajaui/rc/ux/BaseDashboardPane	389	SKELETON-MATCH	bajaui/extracted/rc/ux/BaseDashboardPane.js	skeleton		True
bajaui	nmodule/bajaui/rc/ux/BorderPane	1896	SKELETON-MATCH	bajaui/extracted/rc/ux/BorderPane.js	skeleton		True
bajaui	nmodule/bajaui/rc/ux/Label	3776	SKELETON-MATCH	bajaui/extracted/rc/ux/Label.js	skeleton		True
bajaui	nmodule/bajaui/rc/ux/Button	2356	SKELETON-MATCH	bajaui/extracted/rc/ux/Button.js	skeleton		True
bajaui	nmodule/bajaui/rc/ux/CanvasPane	4295	SKELETON-MATCH	bajaui/extracted/rc/ux/CanvasPane.js	skeleton		True
bajaui	nmodule/bajaui/rc/ux/ToggleButton	912	SKELETON-MATCH	bajaui/extracted/rc/ux/ToggleButton.js	skeleton		True
bajaui	nmodule/bajaui/rc/ux/RadioButton	1306	SKELETON-MATCH	bajaui/extracted/rc/ux/RadioButton.js	skeleton		True
bajaui	nmodule/bajaui/rc/ux/CheckBox	398	SKELETON-MATCH	bajaui/extracted/rc/ux/CheckBox.js	skeleton		True
bajaui	nmodule/bajaui/rc/ux/ConstrainedPane	1191	SKELETON-MATCH	bajaui/extracted/rc/ux/ConstrainedPane.js	skeleton		True
bajaui	nmodule/bajaui/rc/ux/EdgePane	2056	SKELETON-MATCH	bajaui/extracted/rc/ux/EdgePane.js	skeleton		True
bajaui	nmodule/bajaui/rc/ux/EmptyWidget	329	SKELETON-MATCH	bajaui/extracted/rc/ux/EmptyWidget.js	skeleton		True
bajaui	nmodule/bajaui/rc/ux/ExpandablePane	2508	SKELETON-MATCH	bajaui/extracted/rc/ux/ExpandablePane.js	skeleton		True
bajaui	nmodule/bajaui/rc/ux/FlowPane	3073	SKELETON-MATCH	bajaui/extracted/rc/ux/FlowPane.js	skeleton		True
bajaui	nmodule/bajaui/rc/ux/GridPane	2522	SKELETON-MATCH	bajaui/extracted/rc/ux/GridPane.js	skeleton		True
bajaui	nmodule/bajaui/rc/ux/HyperlinkLabel	1709	SKELETON-MATCH	bajaui/extracted/rc/ux/HyperlinkLabel.js	skeleton		True
bajaui	nmodule/bajaui/rc/ux/LabelPane	614	SKELETON-MATCH	bajaui/extracted/rc/ux/LabelPane.js	skeleton		True
bajaui	nmodule/bajaui/rc/ux/Picture	1590	SKELETON-MATCH	bajaui/extracted/rc/ux/Picture.js	skeleton		True
bajaui	nmodule/bajaui/rc/ux/WebWidget	3932	SKELETON-MATCH	bajaui/extracted/rc/ux/WebWidget.js	skeleton		True
bajaui	hbs!bajaux/container/error	2466	HBS-RECOMPILE-MATCH	bajaux/extracted/rc/container/error.hbs			
bajaui	nmodule/bajaui/rc/ux/PxWidget	6921	SKELETON-MATCH	bajaui/extracted/rc/ux/PxWidget.js	skeleton		True
bajaui	nmodule/bajaui/rc/ux/PxInclude	1068	SKELETON-MATCH	bajaui/extracted/rc/ux/PxInclude.js	skeleton		True
bajaui	nmodule/bajaui/rc/ux/ResponsivePane	1011	SKELETON-MATCH	bajaui/extracted/rc/ux/ResponsivePane.js	skeleton		True
bajaui	nmodule/bajaui/rc/ux/RootContainer	374	SKELETON-MATCH	bajaui/extracted/rc/ux/RootContainer.js	skeleton		True
bajaui	nmodule/bajaui/rc/ux/ScrollBar	332	SKELETON-MATCH	bajaui/extracted/rc/ux/ScrollBar.js	skeleton		True
bajaui	nmodule/bajaui/rc/ux/ScrollPane	2209	SKELETON-MATCH	bajaui/extracted/rc/ux/ScrollPane.js	skeleton		True
bajaui	nmodule/bajaui/rc/ux/Separator	542	SKELETON-MATCH	bajaui/extracted/rc/ux/Separator.js	skeleton		True
bajaui	nmodule/bajaui/rc/ux/shape/Shape	1705	SKELETON-MATCH	bajaui/extracted/rc/ux/shape/Shape.js	skeleton		True
bajaui	nmodule/bajaui/rc/ux/shape/Ellipse	755	SKELETON-MATCH	bajaui/extracted/rc/ux/shape/Ellipse.js	skeleton		True
bajaui	nmodule/bajaui/rc/ux/shape/shapeUtil	2132	SKELETON-MATCH	bajaui/extracted/rc/ux/shape/shapeUtil.js	skeleton		True
bajaui	nmodule/bajaui/rc/ux/shape/Line	1842	SKELETON-MATCH	bajaui/extracted/rc/ux/shape/Line.js	skeleton		True
bajaui	nmodule/bajaui/rc/ux/shape/Path	2605	SKELETON-MATCH	bajaui/extracted/rc/ux/shape/Path.js	skeleton		True
bajaui	nmodule/bajaui/rc/ux/shape/Polygon	1030	SKELETON-MATCH	bajaui/extracted/rc/ux/shape/Polygon.js	skeleton		True
bajaui	nmodule/bajaui/rc/ux/shape/Rect	987	SKELETON-MATCH	bajaui/extracted/rc/ux/shape/Rect.js	skeleton		True
bajaui	nmodule/bajaui/rc/ux/Slider	3768	SKELETON-MATCH	bajaui/extracted/rc/ux/Slider.js	skeleton		True
bajaui	nmodule/bajaui/rc/ux/SplitPane	6162	SKELETON-MATCH	bajaui/extracted/rc/ux/SplitPane.js	skeleton		True
bajaui	nmodule/bajaui/rc/ux/TabbedPaneContent	551	SKELETON-MATCH	bajaui/extracted/rc/ux/TabbedPaneContent.js	skeleton		True
bajaui	nmodule/bajaui/rc/ux/TabbedPane	6203	SKELETON-MATCH	bajaui/extracted/rc/ux/TabbedPane.js	skeleton		True
bajaui	nmodule/bajaui/rc/ux/Terrace	2896	SKELETON-MATCH	bajaui/extracted/rc/ux/Terrace.js	skeleton		True
bajaui	nmodule/bajaui/rc/ux/TitlePane	4102	SKELETON-MATCH	bajaui/extracted/rc/ux/TitlePane.js	skeleton		True
bajaui	nmodule/bajaui/rc/ux/TransformPane	1697	SKELETON-MATCH	bajaui/extracted/rc/ux/TransformPane.js	skeleton		True
bajaui	nmodule/bajaui/rc/ux/UxCommandButton	1871	SKELETON-MATCH	bajaui/extracted/rc/ux/UxCommandButton.js	skeleton		True
bajaui	nmodule/bajaui/rc/ux/WebBrowser	1181	SKELETON-MATCH	bajaui/extracted/rc/ux/WebBrowser.js	skeleton		True
bajaux	bajaux/events	1398	SEMANTIC-MATCH	bajaux/extracted/rc/events.js	compress		True
bajaux	bajaux/util/acceleratorUtils	1661	SKELETON-MATCH	bajaux/extracted/rc/util/acceleratorUtils.js	skeleton		True
bajaux	bajaux/commands/Command	5769	SEMANTIC-MATCH	bajaux/extracted/rc/commands/Command.js	uglify-expr		True
bajaux	bajaux/commands/CommandGroup	4503	SKELETON-MATCH	bajaux/extracted/rc/commands/CommandGroup.js	skeleton		True
bajaux	bajaux/commands/ToggleCommand	644	SKELETON-MATCH	bajaux/extracted/rc/commands/ToggleCommand.js	skeleton		True
bajaux	bajaux/commands/ToggleCommandGroup	862	SEMANTIC-MATCH	bajaux/extracted/rc/commands/ToggleCommandGroup.js	uglify-expr		True
bajaux	bajaux/commands/UndoManager	3129	SKELETON-MATCH	bajaux/extracted/rc/commands/UndoManager.js	skeleton		True
bajaux	bajaux/Properties	5782	SEMANTIC-MATCH	bajaux/extracted/rc/Properties.js	uglify-expr		True
bajaux	bajaux/Validators	836	SKELETON-MATCH	bajaux/extracted/rc/Validators.js	skeleton		True
bajaux	bajaux/spandrel/symbols	885	SEMANTIC-MATCH	bajaux/extracted/rc/spandrel/symbols.js	compress		True
bajaux	bajaux/Widget	12100	SKELETON-MATCH	bajaux/extracted/rc/Widget.js	skeleton		True
bajaux	bajaux/icon/iconUtils	6293	SKELETON-MATCH	bajaux/extracted/rc/icon/iconUtils.js	skeleton		True
bajaux	bajaux/util/CommandButton	2921	SKELETON-MATCH	bajaux/extracted/rc/util/CommandButton.js	skeleton		True
bajaux	bajaux/util/CommandButtonGroup	2099	SKELETON-MATCH	bajaux/extracted/rc/util/CommandButtonGroup.js	skeleton		True
bajaux	bajaux/container/util	3072	SEMANTIC-MATCH	bajaux/extracted/rc/container/util.js	uglify-expr		True
bajaux	bajaux/container/wb/StringList	491	SKELETON-MATCH	bajaux/extracted/rc/container/wb/StringList.js	skeleton		True
bajaux	bajaux/container/wb/Clipboard	1286	SEMANTIC-MATCH	bajaux/extracted/rc/container/wb/Clipboard.js	uglify-expr		True
bajaux	hbs!bajaux/container/error	2466	HBS-RECOMPILE-MATCH	bajaux/extracted/rc/container/error.hbs			
bajaux	bajaux/container/wb/wbContainer	6837	SKELETON-MATCH	bajaux/extracted/rc/container/wb/wbContainer.js	skeleton		True
bajaux	bajaux/dragdrop/Envelope	370	SEMANTIC-MATCH	bajaux/extracted/rc/dragdrop/Envelope.js	compress		True
bajaux	bajaux/dragdrop/NavNodeEnvelope	1780	SEMANTIC-MATCH	bajaux/extracted/rc/dragdrop/NavNodeEnvelope.js	uglify-expr		True
bajaux	bajaux/dragdrop/StringEnvelope	488	SEMANTIC-MATCH	bajaux/extracted/rc/dragdrop/StringEnvelope.js	uglify-expr		True
bajaux	bajaux/dragdrop/dragDropUtils	924	SKELETON-MATCH	bajaux/extracted/rc/dragdrop/dragDropUtils.js	skeleton		True
bajaux	bajaux/lifecycle/JQueryElementTranslator	356	SKELETON-MATCH	bajaux/extracted/rc/lifecycle/JQueryElementTranslator.js	skeleton		True
bajaux	bajaux/registry/RegistryEntry	1379	SKELETON-MATCH	bajaux/extracted/rc/registry/RegistryEntry.js	skeleton		True
bajaux	bajaux/registry/impl/JsRegistry	1411	SKELETON-MATCH	bajaux/extracted/rc/registry/impl/JsRegistry.js	skeleton		True
bajaux	bajaux/registry/Registry	1747	SKELETON-MATCH	bajaux/extracted/rc/registry/Registry.js	skeleton		True
bajaux	bajaux/widgets/ToStringWidget	853	SEMANTIC-MATCH	bajaux/extracted/rc/widgets/ToStringWidget.js	uglify-expr		True
bajaux	bajaux/lifecycle/WidgetManager	3913	SKELETON-MATCH	bajaux/extracted/rc/lifecycle/WidgetManager.js	skeleton		True
bajaux	bajaux/mixin/batchLoadMixin	848	SKELETON-MATCH	bajaux/extracted/rc/mixin/batchLoadMixin.js	skeleton		True
bajaux	bajaux/mixin/batchSaveMixin	769	SKELETON-MATCH	bajaux/extracted/rc/mixin/batchSaveMixin.js	skeleton		True
bajaux	bajaux/mixin/mixinUtils	444	SEMANTIC-MATCH	bajaux/extracted/rc/mixin/mixinUtils.js	uglify-expr		True
bajaux	bajaux/mixin/responsiveMixIn	1442	SEMANTIC-MATCH	bajaux/extracted/rc/mixin/responsiveMixIn.js	compress		True
bajaux	bajaux/mixin/subscriberMixIn	2406	SKELETON-MATCH	bajaux/extracted/rc/mixin/subscriberMixIn.js	skeleton		True
bajaux	bajaux/model/binding/BindingList	740	SKELETON-MATCH	bajaux/extracted/rc/model/binding/BindingList.js	skeleton		True
bajaux	bajaux/spandrel/util	5883	SKELETON-MATCH	bajaux/extracted/rc/spandrel/util.js	skeleton		True
bajaux	bajaux/spandrel/buildConfig	2702	SKELETON-MATCH	bajaux/extracted/rc/spandrel/buildConfig.js	skeleton		True
bajaux	bajaux/spandrel/diff	2940	SEMANTIC-MATCH	bajaux/extracted/rc/spandrel/diff.js	uglify-expr		True
bajaux	bajaux/spandrel/DiffQueue	1976	SKELETON-MATCH	bajaux/extracted/rc/spandrel/DiffQueue.js	skeleton		True
bajaux	bajaux/spandrel/logging	1448	SEMANTIC-MATCH	bajaux/extracted/rc/spandrel/logging.js	uglify-expr		True
bajaux	bajaux/spandrel/SpandrelRenderQueue	2024	SKELETON-MATCH	bajaux/extracted/rc/spandrel/SpandrelRenderQueue.js	skeleton		True
bajaux	bajaux/spandrel/RequestLayoutMixin	2237	SKELETON-MATCH	bajaux/extracted/rc/spandrel/RequestLayoutMixin.js	skeleton		True
bajaux	bajaux/spandrel/workflow	3592	SKELETON-MATCH	bajaux/extracted/rc/spandrel/workflow.js	skeleton		True
bajaux	bajaux/spandrel/SpandrelWidget	7628	SKELETON-MATCH	bajaux/extracted/rc/spandrel/SpandrelWidget.js	skeleton		True
bajaux	bajaux/spandrel/DynamicSpandrelWidget	16301	SKELETON-MATCH	bajaux/extracted/rc/spandrel/DynamicSpandrelWidget.js	skeleton		True
bajaux	bajaux/spandrel/jsx	5489	SKELETON-MATCH	bajaux/extracted/rc/spandrel/jsx.js	skeleton		True
bajaux	bajaux/spandrel	1167	SKELETON-MATCH	bajaux/extracted/rc/spandrel.js	skeleton		True
bajaux	bajaux/model/jsxToUxModel	3242	SKELETON-MATCH	bajaux/extracted/rc/model/jsxToUxModel.js	skeleton		True
bajaux	bajaux/model/UxModel	5177	SKELETON-MATCH	bajaux/extracted/rc/model/UxModel.js	skeleton		True
bajaux	bajaux/mixin/UxModelSupport	1005	SEMANTIC-MATCH	bajaux/extracted/rc/mixin/UxModelSupport.js	uglify-expr		True
bajaux	bajaux/model/binding/IBinding	228	SKELETON-MATCH	bajaux/extracted/rc/model/binding/IBinding.js	skeleton		True
bajaux	bajaux/spandrel/typedefs	47	STUB-OR-VENDOR-WRAPPER	bajaux/extracted/rc/spandrel/typedefs.js			
bajaux	bajaux/util/ErrorDetailsWidget	2852	SKELETON-MATCH	bajaux/extracted/rc/util/ErrorDetailsWidget.js	skeleton		True
bajaux	bajaux/util/SaveCommand	693	SKELETON-MATCH	bajaux/extracted/rc/util/SaveCommand.js	skeleton		True
batchJob	nmodule/batchJob/rc/baja/UxJobStepFactory	847	SKELETON-MATCH	batchJob/extracted/rc/baja/UxJobStepFactory.js	skeleton		True
batchJob	nmodule/batchJob/rc/baja/AbstractSignedCertFactory	1518	SKELETON-MATCH	batchJob/extracted/rc/baja/AbstractSignedCertFactory.js	skeleton		True
batchJob	nmodule/batchJob/rc/baja/InstallCombinedSignedCertStepFactory	625	SKELETON-MATCH	batchJob/extracted/rc/baja/InstallCombinedSignedCertStepFactory.js	skeleton		True
batchJob	nmodule/batchJob/rc/baja/InstallIndividualSignedCertStepFactory	814	SKELETON-MATCH	batchJob/extracted/rc/baja/InstallIndividualSignedCertStepFactory.js	skeleton		True
batchJob	nmodule/batchJob/rc/baja/retention/KeepNExecutionsRetentionPolicy	977	SKELETON-MATCH	batchJob/extracted/rc/baja/retention/KeepNExecutionsRetentionPolicy.js	skeleton		True
batchJob	nmodule/batchJob/rc/baja/retention/KeepNPerDeviceRetentionPolicy	1055	SKELETON-MATCH	batchJob/extracted/rc/baja/retention/KeepNPerDeviceRetentionPolicy.js	skeleton		True
batchJob	nmodule/batchJob/rc/baja/retention/PermanentRetentionPolicy	493	SKELETON-MATCH	batchJob/extracted/rc/baja/retention/PermanentRetentionPolicy.js	skeleton		True
batchJob	nmodule/batchJob/rc/baja/retention/TimeSinceLastModified	863	SKELETON-MATCH	batchJob/extracted/rc/baja/retention/TimeSinceLastModified.js	skeleton		True
batchJob	nmodule/batchJob/rc/baja/SessionToken	871	SKELETON-MATCH	batchJob/extracted/rc/baja/SessionToken.js	skeleton		True
batchJob	nmodule/batchJob/rc/baja/UxJobStepDetails	241	SKELETON-MATCH	batchJob/extracted/rc/baja/UxJobStepDetails.js	skeleton		True
batchJob	nmodule/batchJob/rc/baja/ValueList	2499	SKELETON-MATCH	batchJob/extracted/rc/baja/ValueList.js	skeleton		True
batchJob	nmodule/batchJob/rc/util/batchJobUtils	1837	SEMANTIC-MATCH	batchJob/extracted/rc/util/batchJobUtils.js	uglify-expr		True
batchJob	nmodule/batchJob/rc/util/LogContentWidget	1677	SKELETON-MATCH	batchJob/extracted/rc/util/LogContentWidget.js	skeleton		True
batchJob	nmodule/batchJob/rc/util/TimestampPropertyColumn	312	SKELETON-MATCH	batchJob/extracted/rc/util/TimestampPropertyColumn.js	skeleton		True
batchJob	nmodule/batchJob/rc/wb/commands/CancelJobCommand	1045	SKELETON-MATCH	batchJob/extracted/rc/wb/commands/CancelJobCommand.js	skeleton		True
batchJob	nmodule/batchJob/rc/wb/commands/DisposeJobCommand	1226	SKELETON-MATCH	batchJob/extracted/rc/wb/commands/DisposeJobCommand.js	skeleton		True
batchJob	nmodule/batchJob/rc/util/JobSummariesTable	6932	SKELETON-MATCH	batchJob/extracted/rc/util/JobSummariesTable.js	skeleton		True
batchJob	nmodule/batchJob/rc/BatchJobList	959	SKELETON-MATCH	batchJob/extracted/rc/BatchJobList.js	skeleton		True
batchJob	nmodule/batchJob/rc/BatchJobLogFileUxView	1182	SKELETON-MATCH	batchJob/extracted/rc/BatchJobLogFileUxView.js	skeleton		True
batchJob	nmodule/batchJob/rc/BatchJobStepLogFileUxView	4218	SKELETON-MATCH	batchJob/extracted/rc/BatchJobStepLogFileUxView.js	skeleton		True
batchJob	nmodule/batchJob/rc/fe/KeepNExecutionsRetentionPolicyEditor	1558	SKELETON-MATCH	batchJob/extracted/rc/fe/KeepNExecutionsRetentionPolicyEditor.js	skeleton		True
batchJob	nmodule/batchJob/rc/fe/KeepNPerDeviceRetentionPolicyEditor	1681	SKELETON-MATCH	batchJob/extracted/rc/fe/KeepNPerDeviceRetentionPolicyEditor.js	skeleton		True
batchJob	nmodule/batchJob/rc/fe/PermanentRetentionPolicyEditor	690	SKELETON-MATCH	batchJob/extracted/rc/fe/PermanentRetentionPolicyEditor.js	skeleton		True
batchJob	nmodule/batchJob/rc/fe/ProfilePicker	707	SKELETON-MATCH	batchJob/extracted/rc/fe/ProfilePicker.js	skeleton		True
batchJob	nmodule/batchJob/rc/fe/RetentionPolicyEditor	2522	SKELETON-MATCH	batchJob/extracted/rc/fe/RetentionPolicyEditor.js	skeleton		True
batchJob	nmodule/batchJob/rc/fe/TimeSinceLastModifiedEditor	1044	SKELETON-MATCH	batchJob/extracted/rc/fe/TimeSinceLastModifiedEditor.js	skeleton		True
batchJob	nmodule/batchJob/rc/JobStepDetailsUxView	4636	SKELETON-MATCH	batchJob/extracted/rc/JobStepDetailsUxView.js	skeleton		True
batchJob	nmodule/batchJob/rc/PrototypeJobList	4041	SKELETON-MATCH	batchJob/extracted/rc/PrototypeJobList.js	skeleton		True
batchJob	nmodule/batchJob/rc/wb/columns/HyperlinkToLogFileColumn	1615	SKELETON-MATCH	batchJob/extracted/rc/wb/columns/HyperlinkToLogFileColumn.js	skeleton		True
batchJob	nmodule/batchJob/rc/wb/commands/CancelDeviceCommand	644	SKELETON-MATCH	batchJob/extracted/rc/wb/commands/CancelDeviceCommand.js	skeleton		True
batchJob	nmodule/batchJob/rc/wb/commands/ViewJobListCommand	554	SKELETON-MATCH	batchJob/extracted/rc/wb/commands/ViewJobListCommand.js	skeleton		True
batchJob	nmodule/batchJob/rc/wb/DeviceNetworkUxJobView	8667	SKELETON-MATCH	batchJob/extracted/rc/wb/DeviceNetworkUxJobView.js	skeleton		True
bql	nmodule/bql/rc/builder/ColumnChooser	1568	SKELETON-MATCH	bql/extracted/rc/builder/ColumnChooser.js	skeleton		True
bql	nmodule/bql/rc/builder/commands/EditQueriesWidget	2614	SKELETON-MATCH	bql/extracted/rc/builder/commands/EditQueriesWidget.js	skeleton		True
bql	nmodule/bql/rc/builder/commands/EditSavedQueriesCommand	707	SKELETON-MATCH	bql/extracted/rc/builder/commands/EditSavedQueriesCommand.js	skeleton		True
bql	nmodule/bql/rc/builder/ExpressionChooser	3042	SKELETON-MATCH	bql/extracted/rc/builder/ExpressionChooser.js	skeleton		True
bql	nmodule/bql/rc/builder/ExtentTypeChooser	2010	SKELETON-MATCH	bql/extracted/rc/builder/ExtentTypeChooser.js	skeleton		True
bql	nmodule/bql/rc/builder/commands/LoadFromUserDataCommand	955	SKELETON-MATCH	bql/extracted/rc/builder/commands/LoadFromUserDataCommand.js	skeleton		True
bql	nmodule/bql/rc/builder/OrdDisplayWidget	1246	SKELETON-MATCH	bql/extracted/rc/builder/OrdDisplayWidget.js	skeleton		True
bql	nmodule/bql/rc/builder/commands/SaveToUserDataCommand	1964	SKELETON-MATCH	bql/extracted/rc/builder/commands/SaveToUserDataCommand.js	skeleton		True
bql	hbs!nmodule/bql/rc/fe/dynamicTimeRangeDialogEditorStructure	532	HBS-RECOMPILE-MATCH	bql/extracted/rc/fe/dynamicTimeRangeDialogEditorStructure.hbs			
bql	nmodule/bql/rc/fe/DynamicTimeRangeDialogEditor	2425	SKELETON-MATCH	bql/extracted/rc/fe/DynamicTimeRangeDialogEditor.js	skeleton		True
bql	nmodule/bql/rc/fe/DynamicTimeRangeEditor	5166	SKELETON-MATCH	bql/extracted/rc/fe/DynamicTimeRangeEditor.js	skeleton		True
bql	nmodule/bql/rc/util/DynamicTimeRange	2456	SKELETON-MATCH	bql/extracted/rc/util/DynamicTimeRange.js	skeleton		True
bql	nmodule/bql/rc/util/parseBql	4964	SKELETON-MATCH	bql/extracted/rc/util/parseBql.js	skeleton		True
bql	nmodule/bql/rc/builder/BqlQueryBuilder	14996	SKELETON-MATCH	bql/extracted/rc/builder/BqlQueryBuilder.js	skeleton		True
bql	nmodule/bql/rc/fe/filter/saveUtil	358	SEMANTIC-MATCH	bql/extracted/rc/fe/filter/saveUtil.js	compress		True
bql	nmodule/bql/rc/fe/filter/AbsTimeFilterEditor	2026	SKELETON-MATCH	bql/extracted/rc/fe/filter/AbsTimeFilterEditor.js	skeleton		True
bql	hbs!nmodule/bql/rc/fe/filter/templates/BitStringFilterEditor	1449	HBS-RECOMPILE-MATCH	bql/extracted/rc/fe/filter/templates/BitStringFilterEditor.hbs			
bql	nmodule/bql/rc/fe/filter/BitStringFilterEditor	4462	SEMANTIC-MATCH	bql/extracted/rc/fe/filter/BitStringFilterEditor.js	uglify-expr		True
bql	nmodule/bql/rc/fe/filter/BooleanFilterEditor	1520	SEMANTIC-MATCH	bql/extracted/rc/fe/filter/BooleanFilterEditor.js	uglify-expr		True
bql	nmodule/bql/rc/fe/filter/EnumFilterEditor	4277	SKELETON-MATCH	bql/extracted/rc/fe/filter/EnumFilterEditor.js	skeleton		True
bql	nmodule/bql/rc/fe/filter/FacetsFilterConfigEditor	5724	SKELETON-MATCH	bql/extracted/rc/fe/filter/FacetsFilterConfigEditor.js	skeleton		True
bql	nmodule/bql/rc/fe/filter/FacetsFilterEditor	3031	SEMANTIC-MATCH	bql/extracted/rc/fe/filter/FacetsFilterEditor.js	uglify-expr		True
bql	nmodule/bql/rc/fe/filter/FilterEntryEditor	1383	SEMANTIC-MATCH	bql/extracted/rc/fe/filter/FilterEntryEditor.js	uglify-expr		True
bql	nmodule/bql/rc/fe/filter/FilterSetEditor	2099	SEMANTIC-MATCH	bql/extracted/rc/fe/filter/FilterSetEditor.js	uglify-expr		True
bql	hbs!nmodule/bql/rc/fe/filter/templates/IntegerFilterEditor	1589	HBS-RECOMPILE-MATCH	bql/extracted/rc/fe/filter/templates/IntegerFilterEditor.hbs			
bql	nmodule/bql/rc/fe/filter/IntegerFilterEditor	3365	SKELETON-MATCH	bql/extracted/rc/fe/filter/IntegerFilterEditor.js	skeleton		True
bql	hbs!nmodule/bql/rc/fe/filter/templates/RangeFilterEditor	1585	HBS-RECOMPILE-MATCH	bql/extracted/rc/fe/filter/templates/RangeFilterEditor.hbs			
bql	nmodule/bql/rc/fe/filter/NumericFilterEditor	3379	SKELETON-MATCH	bql/extracted/rc/fe/filter/NumericFilterEditor.js	skeleton		True
bql	hbs!nmodule/bql/rc/fe/filter/templates/StringFilterEditor	1285	HBS-RECOMPILE-MATCH	bql/extracted/rc/fe/filter/templates/StringFilterEditor.hbs			
bql	nmodule/bql/rc/fe/filter/StringFilterEditor	3007	SKELETON-MATCH	bql/extracted/rc/fe/filter/StringFilterEditor.js	skeleton		True
ccn	nmodule/ccn/rc/wb/mgr/model/CcnAlarmHistoryModel	967	SKELETON-MATCH	ccn/extracted/rc/wb/mgr/model/CcnAlarmHistoryModel.js	skeleton		True
ccn	nmodule/ccn/rc/wb/mgr/model/CcnAlarmHistoryLearnModel	455	SEMANTIC-MATCH	ccn/extracted/rc/wb/mgr/model/CcnAlarmHistoryLearnModel.js	compress		True
ccn	nmodule/ccn/rc/wb/mgr/CcnAlarmHistoryUxManager	2613	SKELETON-MATCH	ccn/extracted/rc/wb/mgr/CcnAlarmHistoryUxManager.js	skeleton		True
ccn	nmodule/ccn/rc/wb/mgr/model/CcnPointsListLearnModel	567	SEMANTIC-MATCH	ccn/extracted/rc/wb/mgr/model/CcnPointsListLearnModel.js	compress		True
ccn	nmodule/ccn/rc/wb/mgr/model/CcnPointListManagerModel	2531	SKELETON-MATCH	ccn/extracted/rc/wb/mgr/model/CcnPointListManagerModel.js	skeleton		True
ccn	nmodule/ccn/rc/wb/mgr/CcnPointListUxManager	4236	SKELETON-MATCH	ccn/extracted/rc/wb/mgr/CcnPointListUxManager.js	skeleton		True
ccn	nmodule/ccn/rc/wb/mgr/model/CcnDataPointsListManagerModel	1995	SKELETON-MATCH	ccn/extracted/rc/wb/mgr/model/CcnDataPointsListManagerModel.js	skeleton		True
ccn	nmodule/ccn/rc/wb/mgr/CcnDataPointsListUxManager	518	SKELETON-MATCH	ccn/extracted/rc/wb/mgr/CcnDataPointsListUxManager.js	skeleton		True
ccn	nmodule/ccn/rc/wb/mgr/model/CcnTableLearnModel	544	SEMANTIC-MATCH	ccn/extracted/rc/wb/mgr/model/CcnTableLearnModel.js	compress		True
ccn	nmodule/ccn/rc/wb/mgr/model/CcnTableManagerModel	823	SKELETON-MATCH	ccn/extracted/rc/wb/mgr/model/CcnTableManagerModel.js	skeleton		True
ccn	nmodule/ccn/rc/wb/mgr/CcnTableUxManager	4408	SKELETON-MATCH	ccn/extracted/rc/wb/mgr/CcnTableUxManager.js	skeleton		True
ccn	nmodule/ccn/rc/wb/mgr/model/CcnDataTableManagerModel	1054	SKELETON-MATCH	ccn/extracted/rc/wb/mgr/model/CcnDataTableManagerModel.js	skeleton		True
ccn	nmodule/ccn/rc/wb/mgr/CcnDataTableUxManager	2191	SKELETON-MATCH	ccn/extracted/rc/wb/mgr/CcnDataTableUxManager.js	skeleton		True
ccn	nmodule/ccn/rc/wb/mgr/model/CcnDeviceLearnModel	553	SEMANTIC-MATCH	ccn/extracted/rc/wb/mgr/model/CcnDeviceLearnModel.js	compress		True
ccn	nmodule/ccn/rc/wb/mgr/model/CcnDeviceManagerModel	1275	SKELETON-MATCH	ccn/extracted/rc/wb/mgr/model/CcnDeviceManagerModel.js	skeleton		True
ccn	nmodule/ccn/rc/wb/mgr/CcnDeviceUxManager	5355	SKELETON-MATCH	ccn/extracted/rc/wb/mgr/CcnDeviceUxManager.js	skeleton		True
ccn	nmodule/ccn/rc/wb/mgr/CcnFidPointListUxManager	453	SKELETON-MATCH	ccn/extracted/rc/wb/mgr/CcnFidPointListUxManager.js	skeleton		True
ccn	nmodule/ccn/rc/wb/mgr/TimeScheduleEntryEditor	1563	SKELETON-MATCH	ccn/extracted/rc/wb/mgr/TimeScheduleEntryEditor.js	skeleton		True
ccn	nmodule/ccn/rc/wb/mgr/TimeScheduleListEditor	1451	SKELETON-MATCH	ccn/extracted/rc/wb/mgr/TimeScheduleListEditor.js	skeleton		True
ccn	nmodule/ccn/rc/wb/mgr/CcnTimeScheduleUxManager	2022	SKELETON-MATCH	ccn/extracted/rc/wb/mgr/CcnTimeScheduleUxManager.js	skeleton		True
cloudLink	hbs!nmodule/cloudLink/rc/util/PassphraseDialogTemplate	809	HBS-RECOMPILE-MATCH	cloudLink/extracted/rc/util/PassphraseDialogTemplate.hbs			
cloudLink	nmodule/cloudLink/rc/util/PassphraseDialog	613	SEMANTIC-MATCH	cloudLink/extracted/rc/util/PassphraseDialog.js	compress		True
cloudLink	hbs!nmodule/cloudLink/rc/file/view/EncryptedDistributionViewTemplate	1874	HBS-RECOMPILE-MATCH	cloudLink/extracted/rc/file/view/EncryptedDistributionViewTemplate.hbs			
cloudLink	nmodule/cloudLink/rc/file/view/EncryptedDistributionView	2096	SKELETON-MATCH	cloudLink/extracted/rc/file/view/EncryptedDistributionView.js	skeleton		True
cloudLink	nmodule/cloudLink/rc/history/util/IconDisplayNameColumn	1059	SEMANTIC-MATCH	cloudLink/extracted/rc/history/util/IconDisplayNameColumn.js	compress		True
cloudLink	nmodule/cloudLink/rc/history/model/CloudHistoryExportLearnModel	1379	SKELETON-MATCH	cloudLink/extracted/rc/history/model/CloudHistoryExportLearnModel.js	skeleton		True
cloudLink	nmodule/cloudLink/rc/history/model/CloudHistoryExportMgrModel	1513	SKELETON-MATCH	cloudLink/extracted/rc/history/model/CloudHistoryExportMgrModel.js	skeleton		True
cloudLink	nmodule/cloudLink/rc/history/util/CloudHistoryExportAssignCommand	3457	SKELETON-MATCH	cloudLink/extracted/rc/history/util/CloudHistoryExportAssignCommand.js	skeleton		True
cloudLink	nmodule/cloudLink/rc/history/util/CloudHistoryExportUnassignCommand	3336	SKELETON-MATCH	cloudLink/extracted/rc/history/util/CloudHistoryExportUnassignCommand.js	skeleton		True
cloudLink	nmodule/cloudLink/rc/history/util/CloudHistoryExportExecuteCommand	897	SKELETON-MATCH	cloudLink/extracted/rc/history/util/CloudHistoryExportExecuteCommand.js	skeleton		True
cloudLink	nmodule/cloudLink/rc/history/util/HistoryIdAwareTreeNode	1246	SEMANTIC-MATCH	cloudLink/extracted/rc/history/util/HistoryIdAwareTreeNode.js	uglify-expr		True
cloudLink	hbs!nmodule/cloudLink/rc/history/mgr/HistoryConfigTemplate	1381	HBS-RECOMPILE-MATCH	cloudLink/extracted/rc/history/mgr/HistoryConfigTemplate.hbs			
cloudLink	nmodule/cloudLink/rc/history/mgr/CloudHistoryExportUxManager	9199	SEMANTIC-MATCH	cloudLink/extracted/rc/history/mgr/CloudHistoryExportUxManager.js	uglify-expr		True
cloudLinkForge	hbs!nmodule/cloudLinkForge/rc/DeviceRegistrationWidgetTemplate	3282	HBS-RECOMPILE-MATCH	cloudLinkForge/extracted/rc/DeviceRegistrationWidgetTemplate.hbs			
cloudLinkForge	nmodule/cloudLinkForge/rc/DeviceRegistrationWidget	3370	SEMANTIC-MATCH	cloudLinkForge/extracted/rc/DeviceRegistrationWidget.js	uglify-expr		True
control	nmodule/control/rc/baja/DailyTriggerMode	1409	SEMANTIC-MATCH	control/extracted/rc/baja/DailyTriggerMode.js	compress		True
control	nmodule/control/rc/baja/IntervalTriggerMode	1735	SEMANTIC-MATCH	control/extracted/rc/baja/IntervalTriggerMode.js	compress		True
control	nmodule/control/rc/baja/ManualTriggerMode	560	SEMANTIC-MATCH	control/extracted/rc/baja/ManualTriggerMode.js	compress		True
control	hbs!nmodule/control/rc/fe/templates/DailyTriggerModeEditor	1561	HBS-RECOMPILE-MATCH	control/extracted/rc/fe/templates/DailyTriggerModeEditor.hbs			
control	nmodule/control/rc/fe/DailyTriggerModeEditor	2151	SEMANTIC-MATCH	control/extracted/rc/fe/DailyTriggerModeEditor.js	uglify-expr		True
control	hbs!nmodule/control/rc/fe/templates/IntervalTriggerModeEditor	2598	HBS-RECOMPILE-MATCH	control/extracted/rc/fe/templates/IntervalTriggerModeEditor.hbs			
control	nmodule/control/rc/fe/IntervalTriggerModeEditor	3464	SEMANTIC-MATCH	control/extracted/rc/fe/IntervalTriggerModeEditor.js	uglify-expr		True
control	nmodule/control/rc/fe/ManualTriggerModeEditor	475	SEMANTIC-MATCH	control/extracted/rc/fe/ManualTriggerModeEditor.js	uglify-expr		True
control	hbs!nmodule/control/rc/fe/templates/TriggerModeEditor	425	HBS-RECOMPILE-MATCH	control/extracted/rc/fe/templates/TriggerModeEditor.hbs			
control	nmodule/control/rc/fe/TriggerModeEditor	3678	SEMANTIC-MATCH	control/extracted/rc/fe/TriggerModeEditor.js	uglify-expr		True
converters	nmodule/converters/rc/Converter	358	SKELETON-MATCH	converters/extracted/rc/Converter.js	skeleton		True
converters	nmodule/converters/rc/AbsTimeToNumber	420	SKELETON-MATCH	converters/extracted/rc/AbsTimeToNumber.js	skeleton		True
converters	nmodule/converters/rc/AbsTimeToString	526	SKELETON-MATCH	converters/extracted/rc/AbsTimeToString.js	skeleton		True
converters	nmodule/converters/rc/ActiveStateSimple	543	SKELETON-MATCH	converters/extracted/rc/ActiveStateSimple.js	skeleton		True
converters	nmodule/converters/rc/BooleanToDynamicEnum	409	SKELETON-MATCH	converters/extracted/rc/BooleanToDynamicEnum.js	skeleton		True
converters	nmodule/converters/rc/BooleanToFrozenEnum	400	SKELETON-MATCH	converters/extracted/rc/BooleanToFrozenEnum.js	skeleton		True
converters	nmodule/converters/rc/BooleanToNumber	457	SKELETON-MATCH	converters/extracted/rc/BooleanToNumber.js	skeleton		True
converters	nmodule/converters/rc/DynamicEnumToFrozenEnum	354	SKELETON-MATCH	converters/extracted/rc/DynamicEnumToFrozenEnum.js	skeleton		True
converters	nmodule/converters/rc/EnumToBoolean	329	SKELETON-MATCH	converters/extracted/rc/EnumToBoolean.js	skeleton		True
converters	nmodule/converters/rc/EnumToNumber	415	SKELETON-MATCH	converters/extracted/rc/EnumToNumber.js	skeleton		True
converters	nmodule/converters/rc/EnumToSimpleMap	2765	SKELETON-MATCH	converters/extracted/rc/EnumToSimpleMap.js	skeleton		True
converters	nmodule/converters/rc/EnumToString	311	SKELETON-MATCH	converters/extracted/rc/EnumToString.js	skeleton		True
converters	nmodule/converters/rc/fe/IEnumToSimpleEditor	3544	SKELETON-MATCH	converters/extracted/rc/fe/IEnumToSimpleEditor.js	skeleton		True
converters	nmodule/converters/rc/NumericToSimpleMap	2999	SKELETON-MATCH	converters/extracted/rc/NumericToSimpleMap.js	skeleton		True
converters	nmodule/converters/rc/fe/INumericToSimpleEditor	3548	SKELETON-MATCH	converters/extracted/rc/fe/INumericToSimpleEditor.js	skeleton		True
converters	nmodule/converters/rc/fe/IStatusToSimpleEditor	3389	SKELETON-MATCH	converters/extracted/rc/fe/IStatusToSimpleEditor.js	skeleton		True
converters	nmodule/converters/rc/FixedSimple	461	SKELETON-MATCH	converters/extracted/rc/FixedSimple.js	skeleton		True
converters	nmodule/converters/rc/FormatToString	336	SKELETON-MATCH	converters/extracted/rc/FormatToString.js	skeleton		True
converters	nmodule/converters/rc/FrozenEnumToDynamicEnum	360	SKELETON-MATCH	converters/extracted/rc/FrozenEnumToDynamicEnum.js	skeleton		True
converters	nmodule/converters/rc/IBooleanToBoolean	336	SKELETON-MATCH	converters/extracted/rc/IBooleanToBoolean.js	skeleton		True
converters	nmodule/converters/rc/IBooleanToSimple	657	SKELETON-MATCH	converters/extracted/rc/IBooleanToSimple.js	skeleton		True
converters	nmodule/converters/rc/IEnumToEnum	362	SKELETON-MATCH	converters/extracted/rc/IEnumToEnum.js	skeleton		True
converters	nmodule/converters/rc/IEnumToSimple	590	SKELETON-MATCH	converters/extracted/rc/IEnumToSimple.js	skeleton		True
converters	nmodule/converters/rc/INumericToNumber	349	SKELETON-MATCH	converters/extracted/rc/INumericToNumber.js	skeleton		True
converters	nmodule/converters/rc/INumericToSimple	586	SKELETON-MATCH	converters/extracted/rc/INumericToSimple.js	skeleton		True
converters	nmodule/converters/rc/IStatusToSimple	1376	SKELETON-MATCH	converters/extracted/rc/IStatusToSimple.js	skeleton		True
converters	nmodule/converters/rc/NumberToBoolean	337	SKELETON-MATCH	converters/extracted/rc/NumberToBoolean.js	skeleton		True
converters	nmodule/converters/rc/NumberToDynamicEnum	372	SKELETON-MATCH	converters/extracted/rc/NumberToDynamicEnum.js	skeleton		True
converters	nmodule/converters/rc/NumberToFrozenEnum	363	SKELETON-MATCH	converters/extracted/rc/NumberToFrozenEnum.js	skeleton		True
converters	nmodule/converters/rc/NumberToNumber	581	SKELETON-MATCH	converters/extracted/rc/NumberToNumber.js	skeleton		True
converters	nmodule/converters/rc/NumberToString	384	SKELETON-MATCH	converters/extracted/rc/NumberToString.js	skeleton		True
converters	nmodule/converters/rc/ObjectToString	425	SKELETON-MATCH	converters/extracted/rc/ObjectToString.js	skeleton		True
converters	nmodule/converters/rc/OrdToString	324	SKELETON-MATCH	converters/extracted/rc/OrdToString.js	skeleton		True
converters	nmodule/converters/rc/PassThrough	394	SKELETON-MATCH	converters/extracted/rc/PassThrough.js	skeleton		True
converters	nmodule/converters/rc/RelTimeToNumber	420	SKELETON-MATCH	converters/extracted/rc/RelTimeToNumber.js	skeleton		True
converters	nmodule/converters/rc/RelTimeToString	437	SKELETON-MATCH	converters/extracted/rc/RelTimeToString.js	skeleton		True
converters	nmodule/converters/rc/StatusBooleanToBoolean	339	SKELETON-MATCH	converters/extracted/rc/StatusBooleanToBoolean.js	skeleton		True
converters	nmodule/converters/rc/StatusBooleanToDynamicEnum	465	SKELETON-MATCH	converters/extracted/rc/StatusBooleanToDynamicEnum.js	skeleton		True
converters	nmodule/converters/rc/StatusBooleanToFrozenEnum	456	SKELETON-MATCH	converters/extracted/rc/StatusBooleanToFrozenEnum.js	skeleton		True
converters	nmodule/converters/rc/StatusBooleanToNumber	605	SKELETON-MATCH	converters/extracted/rc/StatusBooleanToNumber.js	skeleton		True
converters	nmodule/converters/rc/StatusBooleanToString	360	SKELETON-MATCH	converters/extracted/rc/StatusBooleanToString.js	skeleton		True
converters	nmodule/converters/rc/StatusEnumToBoolean	375	SKELETON-MATCH	converters/extracted/rc/StatusEnumToBoolean.js	skeleton		True
converters	nmodule/converters/rc/StatusEnumToDynamicEnum	430	SKELETON-MATCH	converters/extracted/rc/StatusEnumToDynamicEnum.js	skeleton		True
converters	nmodule/converters/rc/StatusEnumToFrozenEnum	413	SKELETON-MATCH	converters/extracted/rc/StatusEnumToFrozenEnum.js	skeleton		True
converters	nmodule/converters/rc/StatusEnumToNumber	561	SKELETON-MATCH	converters/extracted/rc/StatusEnumToNumber.js	skeleton		True
converters	nmodule/converters/rc/StatusEnumToString	344	SKELETON-MATCH	converters/extracted/rc/StatusEnumToString.js	skeleton		True
converters	nmodule/converters/rc/StatusNumericToBoolean	365	SKELETON-MATCH	converters/extracted/rc/StatusNumericToBoolean.js	skeleton		True
converters	nmodule/converters/rc/StatusNumericToDynamicEnum	437	SKELETON-MATCH	converters/extracted/rc/StatusNumericToDynamicEnum.js	skeleton		True
converters	nmodule/converters/rc/StatusNumericToFrozenEnum	419	SKELETON-MATCH	converters/extracted/rc/StatusNumericToFrozenEnum.js	skeleton		True
converters	nmodule/converters/rc/StatusNumericToNumber	556	SKELETON-MATCH	converters/extracted/rc/StatusNumericToNumber.js	skeleton		True
converters	nmodule/converters/rc/StatusNumericToString	358	SKELETON-MATCH	converters/extracted/rc/StatusNumericToString.js	skeleton		True
converters	nmodule/converters/rc/StatusStringToBoolean	412	SKELETON-MATCH	converters/extracted/rc/StatusStringToBoolean.js	skeleton		True
converters	nmodule/converters/rc/StatusStringToDynamicEnum	403	SKELETON-MATCH	converters/extracted/rc/StatusStringToDynamicEnum.js	skeleton		True
converters	nmodule/converters/rc/StatusStringToFormat	360	SKELETON-MATCH	converters/extracted/rc/StatusStringToFormat.js	skeleton		True
converters	nmodule/converters/rc/StatusStringToFrozenEnum	402	SKELETON-MATCH	converters/extracted/rc/StatusStringToFrozenEnum.js	skeleton		True
converters	nmodule/converters/rc/StatusStringToNumber	691	SKELETON-MATCH	converters/extracted/rc/StatusStringToNumber.js	skeleton		True
converters	nmodule/converters/rc/StatusStringToOrd	379	SKELETON-MATCH	converters/extracted/rc/StatusStringToOrd.js	skeleton		True
converters	nmodule/converters/rc/StatusValueToString	356	SKELETON-MATCH	converters/extracted/rc/StatusValueToString.js	skeleton		True
converters	nmodule/converters/rc/StringToBoolean	435	SKELETON-MATCH	converters/extracted/rc/StringToBoolean.js	skeleton		True
converters	nmodule/converters/rc/StringToDynamicEnum	347	SKELETON-MATCH	converters/extracted/rc/StringToDynamicEnum.js	skeleton		True
converters	nmodule/converters/rc/StringToFormat	411	SKELETON-MATCH	converters/extracted/rc/StringToFormat.js	skeleton		True
converters	nmodule/converters/rc/StringToFrozenEnum	346	SKELETON-MATCH	converters/extracted/rc/StringToFrozenEnum.js	skeleton		True
converters	nmodule/converters/rc/StringToNumber	588	SKELETON-MATCH	converters/extracted/rc/StringToNumber.js	skeleton		True
converters	nmodule/converters/rc/StringToOrd	402	SKELETON-MATCH	converters/extracted/rc/StringToOrd.js	skeleton		True
converters	nmodule/converters/rc/TimeToNumber	423	SKELETON-MATCH	converters/extracted/rc/TimeToNumber.js	skeleton		True
converters	nmodule/converters/rc/TimeToString	481	SKELETON-MATCH	converters/extracted/rc/TimeToString.js	skeleton		True
converters	nmodule/converters/rc/ValueToString	424	SKELETON-MATCH	converters/extracted/rc/ValueToString.js	skeleton		True
dashboard	nmodule/dashboard/rc/dashboard	3066	SEMANTIC-MATCH	dashboard/extracted/rc/dashboard.js	compress		True
dashboard	nmodule/dashboard/rc/ux/DashboardPane	3279	SKELETON-MATCH	dashboard/extracted/rc/ux/DashboardPane.js	skeleton		True
docDeveloper	nmodule/docDeveloper/ext/@babel/standalone/babel.min	76	STUB-OR-VENDOR-WRAPPER	docDeveloper/extracted/ext/@babel/standalone/babel.min.js			
docDeveloper	hbs!nmodule/docDeveloper/rc/JsPlaygroundSavedTemplate	1987	HBS-RECOMPILE-MATCH	docDeveloper/extracted/rc/JsPlaygroundSavedTemplate.hbs			
docDeveloper	nmodule/docDeveloper/rc/JsPlaygroundWidget	2609	SKELETON-MATCH	docDeveloper/extracted/rc/JsPlaygroundWidget.js	skeleton		True
driver	nmodule/driver/rc/baja/LinearConversion	1101	SEMANTIC-MATCH	driver/extracted/rc/baja/LinearConversion.js	uglify-expr		True
driver	nmodule/driver/rc/baja/LinearWithUnitConversion	1278	SEMANTIC-MATCH	driver/extracted/rc/baja/LinearWithUnitConversion.js	uglify-expr		True
driver	nmodule/driver/rc/baja/ProxyExt	515	SEMANTIC-MATCH	driver/extracted/rc/baja/ProxyExt.js	uglify-expr		True
driver	nmodule/driver/rc/baja/XYPoint	560	SEMANTIC-MATCH	driver/extracted/rc/baja/XYPoint.js	compress		True
driver	nmodule/driver/rc/fe/XYPointEditor	1072	SEMANTIC-MATCH	driver/extracted/rc/fe/XYPointEditor.js	uglify-expr		True
driver	hbs!nmodule/driver/rc/fe/templates/BaseTabularConversionEditor	1122	HBS-RECOMPILE-MATCH	driver/extracted/rc/fe/templates/BaseTabularConversionEditor.hbs			
driver	nmodule/driver/rc/fe/BaseTabularConversionEditor	4594	SKELETON-MATCH	driver/extracted/rc/fe/BaseTabularConversionEditor.js	skeleton		True
driver	hbs!nmodule/driver/rc/fe/templates/LinearConversionEditor	706	HBS-RECOMPILE-MATCH	driver/extracted/rc/fe/templates/LinearConversionEditor.hbs			
driver	nmodule/driver/rc/fe/LinearConversionEditor	2046	SEMANTIC-MATCH	driver/extracted/rc/fe/LinearConversionEditor.js	uglify-expr		True
driver	hbs!nmodule/driver/rc/fe/templates/LinearWithUnitConversionEditor	913	HBS-RECOMPILE-MATCH	driver/extracted/rc/fe/templates/LinearWithUnitConversionEditor.hbs			
driver	nmodule/driver/rc/fe/LinearWithUnitConversionEditor	2667	SEMANTIC-MATCH	driver/extracted/rc/fe/LinearWithUnitConversionEditor.js	uglify-expr		True
driver	nmodule/driver/rc/fe/ProxyConversionMiniEditor	1352	SEMANTIC-MATCH	driver/extracted/rc/fe/ProxyConversionMiniEditor.js	uglify-expr		True
driver	nmodule/driver/rc/fe/ProxyConversionEditor	2753	SEMANTIC-MATCH	driver/extracted/rc/fe/ProxyConversionEditor.js	uglify-expr		True
driver	nmodule/driver/rc/fe/TuningPolicyEditor	1831	SKELETON-MATCH	driver/extracted/rc/fe/TuningPolicyEditor.js	skeleton		True
driver	nmodule/driver/rc/rpc/driverHistory	316	SEMANTIC-MATCH	driver/extracted/rc/rpc/driverHistory.js	compress		True
driver	nmodule/driver/rc/wb/mgr/columns/DeviceExtsMgrColumn	1332	SEMANTIC-MATCH	driver/extracted/rc/wb/mgr/columns/DeviceExtsMgrColumn.js	uglify-expr		True
driver	nmodule/driver/rc/wb/mgr/DriverMgr	4698	SEMANTIC-MATCH	driver/extracted/rc/wb/mgr/DriverMgr.js	uglify-expr		True
driver	nmodule/driver/rc/wb/mgr/DeviceMgr	406	SEMANTIC-MATCH	driver/extracted/rc/wb/mgr/DeviceMgr.js	uglify-expr		True
driver	nmodule/driver/rc/wb/mgr/DeviceMgrModel	919	SKELETON-MATCH	driver/extracted/rc/wb/mgr/DeviceMgrModel.js	skeleton		True
driver	nmodule/driver/rc/wb/mgr/history/ArchiveCommand	888	SKELETON-MATCH	driver/extracted/rc/wb/mgr/history/ArchiveCommand.js	skeleton		True
driver	nmodule/driver/rc/wb/mgr/history/HistoryExportLearnNode	1198	SKELETON-MATCH	driver/extracted/rc/wb/mgr/history/HistoryExportLearnNode.js	skeleton		True
driver	nmodule/driver/rc/wb/mgr/history/HistoryExportLearn	849	SKELETON-MATCH	driver/extracted/rc/wb/mgr/history/HistoryExportLearn.js	skeleton		True
driver	nmodule/driver/rc/wb/mgr/history/HistoryExportLearnModel	601	SEMANTIC-MATCH	driver/extracted/rc/wb/mgr/history/HistoryExportLearnModel.js	compress		True
driver	nmodule/driver/rc/wb/mgr/history/historyMgrUtils	1708	SEMANTIC-MATCH	driver/extracted/rc/wb/mgr/history/historyMgrUtils.js	uglify-expr		True
driver	nmodule/driver/rc/wb/mgr/history/HistoryExportModel	948	SKELETON-MATCH	driver/extracted/rc/wb/mgr/history/HistoryExportModel.js	skeleton		True
driver	nmodule/driver/rc/wb/mgr/history/HistoryExportManager	2220	SKELETON-MATCH	driver/extracted/rc/wb/mgr/history/HistoryExportManager.js	skeleton		True
driver	nmodule/driver/rc/wb/mgr/history/HistoryImportModel	1281	SKELETON-MATCH	driver/extracted/rc/wb/mgr/history/HistoryImportModel.js	skeleton		True
driver	nmodule/driver/rc/wb/mgr/history/HistoryImportManager	1027	SKELETON-MATCH	driver/extracted/rc/wb/mgr/history/HistoryImportManager.js	skeleton		True
driver	nmodule/driver/rc/wb/mgr/network/DriverUxManagerModel	1458	SKELETON-MATCH	driver/extracted/rc/wb/mgr/network/DriverUxManagerModel.js	skeleton		True
driver	nmodule/driver/rc/wb/mgr/network/DriverUxManager	1444	SKELETON-MATCH	driver/extracted/rc/wb/mgr/network/DriverUxManager.js	skeleton		True
driver	nmodule/driver/rc/wb/mgr/point/PointLearnNode	856	SKELETON-MATCH	driver/extracted/rc/wb/mgr/point/PointLearnNode.js	skeleton		True
driver	nmodule/driver/rc/wb/mgr/point/PointLearn	960	SKELETON-MATCH	driver/extracted/rc/wb/mgr/point/PointLearn.js	skeleton		True
driver	nmodule/driver/rc/wb/mgr/point/PointLearnModel	1063	SKELETON-MATCH	driver/extracted/rc/wb/mgr/point/PointLearnModel.js	skeleton		True
driver	nmodule/driver/rc/wb/mgr/PointMgr	516	SEMANTIC-MATCH	driver/extracted/rc/wb/mgr/PointMgr.js	uglify-expr		True
driver	nmodule/driver/rc/wb/mgr/PointMgrModel	1991	SEMANTIC-MATCH	driver/extracted/rc/wb/mgr/PointMgrModel.js	uglify-expr		True
driver	nmodule/driver/rc/wb/mgr/schedule/scheduleMgrUtils	346	SEMANTIC-MATCH	driver/extracted/rc/wb/mgr/schedule/scheduleMgrUtils.js	compress		True
driver	nmodule/driver/rc/wb/mgr/schedule/columns/ExtMgrColumn	416	SKELETON-MATCH	driver/extracted/rc/wb/mgr/schedule/columns/ExtMgrColumn.js	skeleton		True
driver	nmodule/driver/rc/wb/mgr/schedule/ScheduleExportCommand	751	SKELETON-MATCH	driver/extracted/rc/wb/mgr/schedule/ScheduleExportCommand.js	skeleton		True
driver	nmodule/driver/rc/wb/mgr/schedule/ScheduleExportModel	1513	SKELETON-MATCH	driver/extracted/rc/wb/mgr/schedule/ScheduleExportModel.js	skeleton		True
driver	nmodule/driver/rc/wb/mgr/schedule/ScheduleExportManager	1155	SKELETON-MATCH	driver/extracted/rc/wb/mgr/schedule/ScheduleExportManager.js	skeleton		True
driver	nmodule/driver/rc/wb/mgr/schedule/ScheduleImportCommand	847	SKELETON-MATCH	driver/extracted/rc/wb/mgr/schedule/ScheduleImportCommand.js	skeleton		True
driver	nmodule/driver/rc/wb/mgr/schedule/ScheduleImportModel	2180	SKELETON-MATCH	driver/extracted/rc/wb/mgr/schedule/ScheduleImportModel.js	skeleton		True
driver	nmodule/driver/rc/wb/mgr/schedule/ScheduleImportManager	1611	SKELETON-MATCH	driver/extracted/rc/wb/mgr/schedule/ScheduleImportManager.js	skeleton		True
email	nmodule/email/rc/converters/EmailAddressListToString	591	SKELETON-MATCH	email/extracted/rc/converters/EmailAddressListToString.js	skeleton		True
email	nmodule/email/rc/converters/EmailAddressToString	366	SKELETON-MATCH	email/extracted/rc/converters/EmailAddressToString.js	skeleton		True
email	hbs!nmodule/email/rc/fe/templates/EmailAddressEditor	2090	HBS-RECOMPILE-MATCH	email/extracted/rc/fe/templates/EmailAddressEditor.hbs			
email	nmodule/email/rc/fe/EmailAddressEditor	1994	SEMANTIC-MATCH	email/extracted/rc/fe/EmailAddressEditor.js	uglify-expr		True
email	hbs!nmodule/email/rc/fe/templates/EmailAddressListEditor	1074	HBS-RECOMPILE-MATCH	email/extracted/rc/fe/templates/EmailAddressListEditor.hbs			
email	nmodule/email/rc/fe/EmailAddressListEditor	3373	SKELETON-MATCH	email/extracted/rc/fe/EmailAddressListEditor.js	skeleton		True
email	nmodule/email/rc/fe/TextPartEditor	896	SEMANTIC-MATCH	email/extracted/rc/fe/TextPartEditor.js	uglify-expr		True
email	hbs!nmodule/email/rc/fe/templates/EmailEditor	3423	HBS-RECOMPILE-MATCH	email/extracted/rc/fe/templates/EmailEditor.hbs			
email	nmodule/email/rc/fe/EmailEditor	1378	SEMANTIC-MATCH	email/extracted/rc/fe/EmailEditor.js	uglify-expr		True
email	nmodule/email/rc/mgr/EmailAccountColumn	371	SEMANTIC-MATCH	email/extracted/rc/mgr/EmailAccountColumn.js	uglify-expr		True
email	nmodule/email/rc/mgr/EmailAccountManagerModel	779	SEMANTIC-MATCH	email/extracted/rc/mgr/EmailAccountManagerModel.js	uglify-expr		True
email	nmodule/email/rc/mgr/EmailAuthenticationColumn	519	SKELETON-MATCH	email/extracted/rc/mgr/EmailAuthenticationColumn.js	skeleton		True
email	nmodule/email/rc/mgr/EmailProtocolColumn	481	SEMANTIC-MATCH	email/extracted/rc/mgr/EmailProtocolColumn.js	uglify-expr		True
email	nmodule/email/rc/mgr/EmailAccountManager	3269	SKELETON-MATCH	email/extracted/rc/mgr/EmailAccountManager.js	skeleton		True
email	nmodule/email/rc/types/EmailAddress	1335	SKELETON-MATCH	email/extracted/rc/types/EmailAddress.js	skeleton		True
email	nmodule/email/rc/types/EmailAddressList	904	SKELETON-MATCH	email/extracted/rc/types/EmailAddressList.js	skeleton		True
export	nmodule/export/rc/ExportDestinationType	569	SKELETON-MATCH	export/extracted/rc/ExportDestinationType.js	skeleton		True
export	nmodule/export/rc/Transformer	732	SKELETON-MATCH	export/extracted/rc/Transformer.js	skeleton		True
export	nmodule/export/rc/TransformOperation	562	SKELETON-MATCH	export/extracted/rc/TransformOperation.js	skeleton		True
export	nmodule/export/rc/TransformOperationOptionsProvider	256	SKELETON-MATCH	export/extracted/rc/TransformOperationOptionsProvider.js	skeleton		True
export	nmodule/export/rc/TransformOperationProvider	249	SKELETON-MATCH	export/extracted/rc/TransformOperationProvider.js	skeleton		True
gx	nmodule/gx/rc/util/colorUtils	3929	SKELETON-MATCH	gx/extracted/rc/util/colorUtils.js	skeleton		True
gx	nmodule/gx/rc/baja/Color	3961	SKELETON-MATCH	gx/extracted/rc/baja/Color.js	skeleton		True
gx	nmodule/gx/rc/util/gradientUtils	600	SEMANTIC-MATCH	gx/extracted/rc/util/gradientUtils.js	compress		True
gx	nmodule/gx/rc/baja/Brush	15337	SKELETON-MATCH	gx/extracted/rc/baja/Brush.js	skeleton		True
gx	nmodule/gx/rc/baja/Point	1180	SKELETON-MATCH	gx/extracted/rc/baja/Point.js	skeleton		True
gx	nmodule/gx/rc/baja/EllipseGeom	1813	SKELETON-MATCH	gx/extracted/rc/baja/EllipseGeom.js	skeleton		True
gx	nmodule/gx/rc/baja/Font	3695	SKELETON-MATCH	gx/extracted/rc/baja/Font.js	skeleton		True
gx	nmodule/gx/rc/baja/Image	1027	SKELETON-MATCH	gx/extracted/rc/baja/Image.js	skeleton		True
gx	nmodule/gx/rc/baja/Insets	2702	SKELETON-MATCH	gx/extracted/rc/baja/Insets.js	skeleton		True
gx	nmodule/gx/rc/baja/LineGeom	1909	SKELETON-MATCH	gx/extracted/rc/baja/LineGeom.js	skeleton		True
gx	nmodule/gx/rc/baja/PathGeom	12524	SKELETON-MATCH	gx/extracted/rc/baja/PathGeom.js	skeleton		True
gx	nmodule/gx/rc/baja/Pen	4487	SKELETON-MATCH	gx/extracted/rc/baja/Pen.js	skeleton		True
gx	nmodule/gx/rc/baja/PolygonGeom	1933	SKELETON-MATCH	gx/extracted/rc/baja/PolygonGeom.js	skeleton		True
gx	nmodule/gx/rc/baja/RectGeom	1585	SKELETON-MATCH	gx/extracted/rc/baja/RectGeom.js	skeleton		True
gx	nmodule/gx/rc/baja/Size	1067	SKELETON-MATCH	gx/extracted/rc/baja/Size.js	skeleton		True
gx	nmodule/gx/rc/fe/BaseGeomEditor	1350	SKELETON-MATCH	gx/extracted/rc/fe/BaseGeomEditor.js	skeleton		True
gx	nmodule/gx/rc/fe/GradientStopsEditor	8564	SKELETON-MATCH	gx/extracted/rc/fe/GradientStopsEditor.js	skeleton		True
gx	nmodule/gx/rc/fe/GradientEditor	5107	SKELETON-MATCH	gx/extracted/rc/fe/GradientEditor.js	skeleton		True
gx	nmodule/gx/rc/fe/ImageEditor	1906	SKELETON-MATCH	gx/extracted/rc/fe/ImageEditor.js	skeleton		True
gx	nmodule/gx/rc/fe/ImageBrushEditor	2995	SKELETON-MATCH	gx/extracted/rc/fe/ImageBrushEditor.js	skeleton		True
gx	nmodule/gx/rc/fe/BrushEditor	4976	SKELETON-MATCH	gx/extracted/rc/fe/BrushEditor.js	skeleton		True
gx	nmodule/gx/rc/fe/ColorPaletteChooser	1554	SKELETON-MATCH	gx/extracted/rc/fe/ColorPaletteChooser.js	skeleton		True
gx	nmodule/gx/rc/fe/ColorEditor	6920	SKELETON-MATCH	gx/extracted/rc/fe/ColorEditor.js	skeleton		True
gx	nmodule/gx/rc/fe/EllipseGeomEditor	386	SKELETON-MATCH	gx/extracted/rc/fe/EllipseGeomEditor.js	skeleton		True
gx	nmodule/gx/rc/fe/FontEditor	4048	SKELETON-MATCH	gx/extracted/rc/fe/FontEditor.js	skeleton		True
gx	nmodule/gx/rc/fe/InsetsEditor	2788	SKELETON-MATCH	gx/extracted/rc/fe/InsetsEditor.js	skeleton		True
gx	nmodule/gx/rc/fe/PathGeomEditor	18538	SKELETON-MATCH	gx/extracted/rc/fe/PathGeomEditor.js	skeleton		True
gx	nmodule/gx/rc/fe/PenEditor	4365	SKELETON-MATCH	gx/extracted/rc/fe/PenEditor.js	skeleton		True
gx	nmodule/gx/rc/fe/PointEditor	1663	SKELETON-MATCH	gx/extracted/rc/fe/PointEditor.js	skeleton		True
gx	nmodule/gx/rc/fe/PolygonGeomEditor	3609	SKELETON-MATCH	gx/extracted/rc/fe/PolygonGeomEditor.js	skeleton		True
gx	nmodule/gx/rc/fe/RectGeomEditor	380	SKELETON-MATCH	gx/extracted/rc/fe/RectGeomEditor.js	skeleton		True
gx	hbs!nmodule/gx/rc/fe/template/SizeEditor	1112	HBS-RECOMPILE-MATCH	gx/extracted/rc/fe/template/SizeEditor.hbs			
gx	nmodule/gx/rc/fe/SizeEditor	2323	SKELETON-MATCH	gx/extracted/rc/fe/SizeEditor.js	skeleton		True
gx	nmodule/gx/rc/util/fontUtils	189	SEMANTIC-MATCH	gx/extracted/rc/util/fontUtils.js	compress		True
hierarchy	nmodule/hierarchy/rc/bs/LevelElem	1887	SKELETON-MATCH	hierarchy/extracted/rc/bs/LevelElem.js	skeleton		True
hierarchy	nmodule/hierarchy/rc/bs/HierarchyChartFactory	662	SEMANTIC-MATCH	hierarchy/extracted/rc/bs/HierarchyChartFactory.js	uglify-expr		True
hierarchy	nmodule/hierarchy/rc/bs/HierarchySpace	1475	SEMANTIC-MATCH	hierarchy/extracted/rc/bs/HierarchySpace.js	uglify-expr		True
hierarchy	nmodule/hierarchy/rc/bs/levelElemMenuAgent	522	SEMANTIC-MATCH	hierarchy/extracted/rc/bs/levelElemMenuAgent.js	uglify-expr		True
hierarchy	nmodule/hierarchy/rc/bs/RoleHierarchies	667	SEMANTIC-MATCH	hierarchy/extracted/rc/bs/RoleHierarchies.js	uglify-expr		True
hierarchy	nmodule/hierarchy/rc/fe/RoleHierarchiesCompactEditor	2334	SKELETON-MATCH	hierarchy/extracted/rc/fe/RoleHierarchiesCompactEditor.js	skeleton		True
hierarchy	nmodule/hierarchy/rc/fe/RoleHierarchiesEditor	1162	SEMANTIC-MATCH	hierarchy/extracted/rc/fe/RoleHierarchiesEditor.js	uglify-expr		True
history	nmodule/history/rc/baja/Capacity	1596	SEMANTIC-MATCH	history/extracted/rc/baja/Capacity.js	uglify-expr		True
history	nmodule/history/rc/baja/CollectionInterval	1466	SEMANTIC-MATCH	history/extracted/rc/baja/CollectionInterval.js	uglify-expr		True
history	nmodule/history/rc/baja/HistoryId	1657	SEMANTIC-MATCH	history/extracted/rc/baja/HistoryId.js	uglify-expr		True
history	nmodule/history/rc/baja/TrendFlags	1423	SEMANTIC-MATCH	history/extracted/rc/baja/TrendFlags.js	uglify-expr		True
history	nmodule/history/rc/historyUtil	1747	SEMANTIC-MATCH	history/extracted/rc/historyUtil.js	uglify-expr		True
history	nmodule/history/rc/command/DisableCollectionCommand	779	SKELETON-MATCH	history/extracted/rc/command/DisableCollectionCommand.js	skeleton		True
history	nmodule/history/rc/command/EditSystemTagsEditor	903	SKELETON-MATCH	history/extracted/rc/command/EditSystemTagsEditor.js	skeleton		True
history	nmodule/history/rc/command/EditSystemTagsCommand	2110	SKELETON-MATCH	history/extracted/rc/command/EditSystemTagsCommand.js	skeleton		True
history	nmodule/history/rc/command/EnableCollectionCommand	776	SKELETON-MATCH	history/extracted/rc/command/EnableCollectionCommand.js	skeleton		True
history	nmodule/history/rc/command/GoToPointCommand	355	SKELETON-MATCH	history/extracted/rc/command/GoToPointCommand.js	skeleton		True
history	nmodule/history/rc/command/RenameHistoryEditor	1776	SKELETON-MATCH	history/extracted/rc/command/RenameHistoryEditor.js	skeleton		True
history	nmodule/history/rc/command/RenameHistoryCommand	1403	SKELETON-MATCH	history/extracted/rc/command/RenameHistoryCommand.js	skeleton		True
history	nmodule/history/rc/command/ShowWarningCommand	1520	SKELETON-MATCH	history/extracted/rc/command/ShowWarningCommand.js	skeleton		True
history	nmodule/history/rc/maintenance	603	SEMANTIC-MATCH	history/extracted/rc/maintenance.js	compress		True
history	hbs!nmodule/history/rc/templates/view	4331	HBS-RECOMPILE-MATCH	history/extracted/rc/templates/view.hbs			
history	hbs!nmodule/history/rc/templates/dialog	1510	HBS-RECOMPILE-MATCH	history/extracted/rc/templates/dialog.hbs			
history	nmodule/history/rc/DatabaseMaintenance	7983	SKELETON-MATCH	history/extracted/rc/DatabaseMaintenance.js	skeleton		True
history	nmodule/history/rc/DeviceHistoriesUxView	4522	SKELETON-MATCH	history/extracted/rc/DeviceHistoriesUxView.js	skeleton		True
history	hbs!nmodule/history/rc/fe/templates/BasicActivePeriodEditor	676	HBS-RECOMPILE-MATCH	history/extracted/rc/fe/templates/BasicActivePeriodEditor.hbs			
history	nmodule/history/rc/fe/BasicActivePeriodEditor	863	SEMANTIC-MATCH	history/extracted/rc/fe/BasicActivePeriodEditor.js	uglify-expr		True
history	nmodule/history/rc/fe/CapacityEditor	2586	SEMANTIC-MATCH	history/extracted/rc/fe/CapacityEditor.js	uglify-expr		True
history	nmodule/history/rc/fe/CollectionIntervalEditor	2092	SEMANTIC-MATCH	history/extracted/rc/fe/CollectionIntervalEditor.js	uglify-expr		True
history	nmodule/history/rc/fe/HistoryIdEditor	1725	SEMANTIC-MATCH	history/extracted/rc/fe/HistoryIdEditor.js	uglify-expr		True
history	nmodule/history/rc/fe/HistoryTableQueryAdapter	2377	SEMANTIC-MATCH	history/extracted/rc/fe/HistoryTableQueryAdapter.js	uglify-expr		True
history	nmodule/history/rc/servlet/queryServletUtil	748	SEMANTIC-MATCH	history/extracted/rc/servlet/queryServletUtil.js	compress		True
history	nmodule/history/rc/fe/HistoryTablePaginationModel	5174	SKELETON-MATCH	history/extracted/rc/fe/HistoryTablePaginationModel.js	skeleton		True
history	nmodule/history/rc/fe/HistoryTableStateHandler	1653	SEMANTIC-MATCH	history/extracted/rc/fe/HistoryTableStateHandler.js	compress		True
history	nmodule/history/rc/fe/PrecisionEditor	1437	SEMANTIC-MATCH	history/extracted/rc/fe/PrecisionEditor.js	uglify-expr		True
history	nmodule/history/rc/fe/RolloverValueEditor	1381	SEMANTIC-MATCH	history/extracted/rc/fe/RolloverValueEditor.js	uglify-expr		True
history	nmodule/history/rc/fe/TrendRecordEditor	2702	SKELETON-MATCH	history/extracted/rc/fe/TrendRecordEditor.js	skeleton		True
history	hbs!nmodule/history/rc/fe/templates/historyTable	1543	HBS-RECOMPILE-MATCH	history/extracted/rc/fe/templates/historyTable.hbs			
history	nmodule/history/rc/fe/WebHistoryTable	12553	SKELETON-MATCH	history/extracted/rc/fe/WebHistoryTable.js	skeleton		True
history	nmodule/history/rc/HistoryExtUxManager	10231	SKELETON-MATCH	history/extracted/rc/HistoryExtUxManager.js	skeleton		True
history	nmodule/history/rc/HistoryGroupManager	1665	SKELETON-MATCH	history/extracted/rc/HistoryGroupManager.js	skeleton		True
history	nmodule/history/rc/servlet/historyRpc	930	SEMANTIC-MATCH	history/extracted/rc/servlet/historyRpc.js	compress		True
history	nmodule/history/rc/wb/commands/SetHistoryDisplayNameCommand	1445	SKELETON-MATCH	history/extracted/rc/wb/commands/SetHistoryDisplayNameCommand.js	skeleton		True
history	nmodule/history/rc/wb/menu/historyMenuAgent	605	SEMANTIC-MATCH	history/extracted/rc/wb/menu/historyMenuAgent.js	compress		True
httpClient	nmodule/httpClient/rc/AddMorePointsCommand	906	SKELETON-MATCH	httpClient/extracted/rc/AddMorePointsCommand.js	skeleton		True
httpClient	nmodule/httpClient/rc/baja/HttpClient	588	SKELETON-MATCH	httpClient/extracted/rc/baja/HttpClient.js	skeleton		True
httpClient	nmodule/httpClient/rc/baja/HttpClientProxyExt	622	SKELETON-MATCH	httpClient/extracted/rc/baja/HttpClientProxyExt.js	skeleton		True
httpClient	hbs!nmodule/httpClient/rc/template/ClientSelectionEditor	428	HBS-RECOMPILE-MATCH	httpClient/extracted/rc/template/ClientSelectionEditor.hbs			
httpClient	nmodule/httpClient/rc/ClientSelectionEditor	4095	SEMANTIC-MATCH	httpClient/extracted/rc/ClientSelectionEditor.js	uglify-expr		True
httpClient	nmodule/httpClient/rc/column/PropertyPathEditorMgrColumn	1422	SKELETON-MATCH	httpClient/extracted/rc/column/PropertyPathEditorMgrColumn.js	skeleton		True
httpClient	nmodule/httpClient/rc/HttpClientChooser	1644	SEMANTIC-MATCH	httpClient/extracted/rc/HttpClientChooser.js	uglify-expr		True
httpClient	nmodule/httpClient/rc/PointPollCommand	654	SEMANTIC-MATCH	httpClient/extracted/rc/PointPollCommand.js	uglify-expr		True
httpClient	nmodule/httpClient/rc/HttpClientPointManager	1362	SEMANTIC-MATCH	httpClient/extracted/rc/HttpClientPointManager.js	uglify-expr		True
httpClient	nmodule/httpClient/rc/MultiAddSlotPicker	794	SKELETON-MATCH	httpClient/extracted/rc/MultiAddSlotPicker.js	skeleton		True
httpClient	nmodule/httpClient/rc/MultiAddOptionsEditor	4577	SKELETON-MATCH	httpClient/extracted/rc/MultiAddOptionsEditor.js	skeleton		True
httpClient	nmodule/httpClient/rc/PropertyPicker	1355	SEMANTIC-MATCH	httpClient/extracted/rc/PropertyPicker.js	uglify-expr		True
hx	hbs!bajaux/container/error	2466	HBS-RECOMPILE-MATCH	bajaux/extracted/rc/container/error.hbs			
hx	nmodule/hx/rc/container/hxContainer	12257	SKELETON-MATCH	hx/extracted/rc/container/hxContainer.js	skeleton		True
js	nmodule/js/rc/asyncUtils/asyncUtils	3015	SEMANTIC-MATCH	js/extracted/rc/asyncUtils/asyncUtils.js	uglify-expr		True
js	nmodule/js/rc/asyncUtils/promiseMux	1451	SEMANTIC-MATCH	js/extracted/rc/asyncUtils/promiseMux.js	compress		True
js	nmodule/js/rc/csrf/csrfUtil	320	SEMANTIC-MATCH	js/extracted/rc/csrf/csrfUtil.js	compress		True
js	nmodule/js/rc/rpc/rpc	1019	SEMANTIC-MATCH	js/extracted/rc/rpc/rpc.js	compress		True
js	nmodule/js/rc/lex/lex	4224	SKELETON-MATCH	js/extracted/rc/lex/lex.js	skeleton		True
js	nmodule/js/rc/lex/lexplugin	404	SEMANTIC-MATCH	js/extracted/rc/lex/lexplugin.js	compress		True
js	nmodule/js/rc/log/Level	730	SEMANTIC-MATCH	js/extracted/rc/log/Level.js	compress		True
js	nmodule/js/rc/log/handlers/consoleHandler	581	SEMANTIC-MATCH	js/extracted/rc/log/handlers/consoleHandler.js	compress		True
js	nmodule/js/rc/log/handlers/rpcHandler	427	SEMANTIC-MATCH	js/extracted/rc/log/handlers/rpcHandler.js	uglify-expr		True
js	nmodule/js/rc/log/Log	4675	SKELETON-MATCH	js/extracted/rc/log/Log.js	skeleton		True
js	nmodule/js/rc/log/logPlugin	215	SEMANTIC-MATCH	js/extracted/rc/log/logPlugin.js	compress		True
js	nmodule/js/rc/switchboard/switchboard	4563	SEMANTIC-MATCH	js/extracted/rc/switchboard/switchboard.js	compress		True
js	nmodule/js/rc/tinyevents/tinyevents	1746	SEMANTIC-MATCH	js/extracted/rc/tinyevents/tinyevents.js	uglify-expr		True
js	hbs!nmodule/js/rc/dialogs/loader	14671	HBS-RECOMPILE-MATCH	js/extracted/rc/dialogs/loader.hbs			
js	dialogs	9351	SKELETON-MATCH	js/extracted/rc/dialogs/dialogs.js	skeleton	alias	True
js	nmodule/js/rc/polyfills/BroadcastChannel	55	STUB-OR-VENDOR-WRAPPER	js/extracted/rc/polyfills/BroadcastChannel.js			
js	nmodule/js/rc/shims/Promise	160	SEMANTIC-MATCH	js/extracted/rc/shims/Promise.js	compress		True
js	nmodule/js/rc/shims/jquery/jquery	249	SEMANTIC-MATCH	js/extracted/rc/shims/jquery/jquery.js	compress		True
js	nmodule/js/rc/shims/jquery/jquery.min	253	IDENTICAL-AFTER-MINIFY	js/extracted/rc/shims/jquery/jquery.min.js	mangle		True
js	nmodule/js/rc/js.built.min	52	EMPTY-STUB	js/extracted/rc/js.built.min.js			True
js	hbs	7107	SKELETON-MATCH	js/extracted/rc/require-handlebars-plugin/hbs.js	skeleton	alias	True
jsonToolkit	hbs!nmodule/jsonToolkit/rc/fe/template/loader	14697	HBS-RECOMPILE-MATCH	jsonToolkit/extracted/rc/fe/template/loader.hbs			
jsonToolkit	nmodule/jsonToolkit/rc/fe/JsonOutputEditor	6066	SEMANTIC-MATCH	jsonToolkit/extracted/rc/fe/JsonOutputEditor.js	uglify-expr		True
jsonToolkit	nmodule/jsonToolkit/rc/fe/QueryPicker	2190	SEMANTIC-MATCH	jsonToolkit/extracted/rc/fe/QueryPicker.js	uglify-expr		True
jsonToolkit	nmodule/jsonToolkit/rc/fe/QueryStylePicker	2372	SEMANTIC-MATCH	jsonToolkit/extracted/rc/fe/QueryStylePicker.js	uglify-expr		True
jsonToolkit	nmodule/jsonToolkit/rc/fe/SlotOrdEditor	654	SEMANTIC-MATCH	jsonToolkit/extracted/rc/fe/SlotOrdEditor.js	uglify-expr		True
jsonToolkit	hbs!nmodule/jsonToolkit/rc/fe/template/SlotSelectionTypeEditor	622	HBS-RECOMPILE-MATCH	jsonToolkit/extracted/rc/fe/template/SlotSelectionTypeEditor.hbs			
jsonToolkit	nmodule/jsonToolkit/rc/fe/SlotSelectionTypeEditor	5328	SEMANTIC-MATCH	jsonToolkit/extracted/rc/fe/SlotSelectionTypeEditor.js	uglify-expr		True
kitControl	nmodule/kitControl/rc/baja/constants/Const	423	SEMANTIC-MATCH	kitControl/extracted/rc/baja/constants/Const.js	uglify-expr		True
kitControl	nmodule/kitControl/rc/baja/constants/BooleanConst	235	SEMANTIC-MATCH	kitControl/extracted/rc/baja/constants/BooleanConst.js	uglify-expr		True
kitControl	nmodule/kitControl/rc/baja/constants/EnumConst	232	SEMANTIC-MATCH	kitControl/extracted/rc/baja/constants/EnumConst.js	uglify-expr		True
kitControl	nmodule/kitControl/rc/baja/constants/NumericConst	235	SEMANTIC-MATCH	kitControl/extracted/rc/baja/constants/NumericConst.js	uglify-expr		True
kitControl	nmodule/kitControl/rc/baja/constants/StringConst	234	SEMANTIC-MATCH	kitControl/extracted/rc/baja/constants/StringConst.js	uglify-expr		True
kitControl	nmodule/kitControl/rc/baja/conversion/BooleanToStatusBoolean	311	SEMANTIC-MATCH	kitControl/extracted/rc/baja/conversion/BooleanToStatusBoolean.js	uglify-expr		True
kitControl	nmodule/kitControl/rc/baja/conversion/DoubleToStatusNumeric	310	SEMANTIC-MATCH	kitControl/extracted/rc/baja/conversion/DoubleToStatusNumeric.js	uglify-expr		True
kitControl	nmodule/kitControl/rc/baja/conversion/EnumToStatusEnum	305	SEMANTIC-MATCH	kitControl/extracted/rc/baja/conversion/EnumToStatusEnum.js	uglify-expr		True
kitControl	nmodule/kitControl/rc/baja/conversion/FloatToStatusNumeric	309	SEMANTIC-MATCH	kitControl/extracted/rc/baja/conversion/FloatToStatusNumeric.js	uglify-expr		True
kitControl	nmodule/kitControl/rc/baja/conversion/IntToStatusNumeric	307	SEMANTIC-MATCH	kitControl/extracted/rc/baja/conversion/IntToStatusNumeric.js	uglify-expr		True
kitControl	nmodule/kitControl/rc/baja/conversion/LongToStatusNumeric	308	SEMANTIC-MATCH	kitControl/extracted/rc/baja/conversion/LongToStatusNumeric.js	uglify-expr		True
kitControl	nmodule/kitControl/rc/baja/conversion/NumericUnitConverter	330	SEMANTIC-MATCH	kitControl/extracted/rc/baja/conversion/NumericUnitConverter.js	uglify-expr		True
kitControl	nmodule/kitControl/rc/baja/conversion/StatusValueToValue	468	SEMANTIC-MATCH	kitControl/extracted/rc/baja/conversion/StatusValueToValue.js	uglify-expr		True
kitControl	nmodule/kitControl/rc/baja/conversion/StatusBooleanToBoolean	423	SEMANTIC-MATCH	kitControl/extracted/rc/baja/conversion/StatusBooleanToBoolean.js	uglify-expr		True
kitControl	nmodule/kitControl/rc/baja/conversion/StatusEnumToEnum	417	SEMANTIC-MATCH	kitControl/extracted/rc/baja/conversion/StatusEnumToEnum.js	uglify-expr		True
kitControl	nmodule/kitControl/rc/baja/conversion/StatusEnumToInt	440	SEMANTIC-MATCH	kitControl/extracted/rc/baja/conversion/StatusEnumToInt.js	uglify-expr		True
kitControl	nmodule/kitControl/rc/baja/conversion/StatusEnumToStatusBoolean	488	SEMANTIC-MATCH	kitControl/extracted/rc/baja/conversion/StatusEnumToStatusBoolean.js	uglify-expr		True
kitControl	nmodule/kitControl/rc/baja/conversion/StatusEnumToStatusNumeric	314	SEMANTIC-MATCH	kitControl/extracted/rc/baja/conversion/StatusEnumToStatusNumeric.js	uglify-expr		True
kitControl	nmodule/kitControl/rc/baja/conversion/StatusNumericToDouble	422	SEMANTIC-MATCH	kitControl/extracted/rc/baja/conversion/StatusNumericToDouble.js	uglify-expr		True
kitControl	nmodule/kitControl/rc/baja/conversion/StatusNumericToFloat	421	SEMANTIC-MATCH	kitControl/extracted/rc/baja/conversion/StatusNumericToFloat.js	uglify-expr		True
kitControl	nmodule/kitControl/rc/baja/conversion/StatusNumericToInt	419	SEMANTIC-MATCH	kitControl/extracted/rc/baja/conversion/StatusNumericToInt.js	uglify-expr		True
kitControl	nmodule/kitControl/rc/baja/conversion/StatusNumericToStatusEnum	314	SEMANTIC-MATCH	kitControl/extracted/rc/baja/conversion/StatusNumericToStatusEnum.js	uglify-expr		True
kitControl	nmodule/kitControl/rc/baja/conversion/StatusStringToStatusNumeric	316	SEMANTIC-MATCH	kitControl/extracted/rc/baja/conversion/StatusStringToStatusNumeric.js	uglify-expr		True
kitControl	nmodule/kitControl/rc/baja/conversion/StringToStatusString	309	SEMANTIC-MATCH	kitControl/extracted/rc/baja/conversion/StringToStatusString.js	uglify-expr		True
kitControl	nmodule/kitControl/rc/baja/ElapsedActiveTimeAlarmAlgorithm	360	SEMANTIC-MATCH	kitControl/extracted/rc/baja/ElapsedActiveTimeAlarmAlgorithm.js	uglify-expr		True
kitControl	nmodule/kitControl/rc/baja/energy/DegreeDays	335	SEMANTIC-MATCH	kitControl/extracted/rc/baja/energy/DegreeDays.js	uglify-expr		True
kitControl	nmodule/kitControl/rc/baja/energy/NightPurge	414	SEMANTIC-MATCH	kitControl/extracted/rc/baja/energy/NightPurge.js	uglify-expr		True
kitControl	nmodule/kitControl/rc/baja/energy/OutsideAirOptimization	395	SEMANTIC-MATCH	kitControl/extracted/rc/baja/energy/OutsideAirOptimization.js	uglify-expr		True
kitControl	nmodule/kitControl/rc/baja/energy/SetpointLoadShed	337	SEMANTIC-MATCH	kitControl/extracted/rc/baja/energy/SetpointLoadShed.js	uglify-expr		True
kitControl	nmodule/kitControl/rc/baja/energy/SetpointOffset	330	SEMANTIC-MATCH	kitControl/extracted/rc/baja/energy/SetpointOffset.js	uglify-expr		True
kitControl	nmodule/kitControl/rc/baja/energy/SlidingWindowDemandCalc	417	SEMANTIC-MATCH	kitControl/extracted/rc/baja/energy/SlidingWindowDemandCalc.js	uglify-expr		True
kitControl	nmodule/kitControl/rc/baja/hvac/LeadLagCycles	301	SEMANTIC-MATCH	kitControl/extracted/rc/baja/hvac/LeadLagCycles.js	uglify-expr		True
kitControl	nmodule/kitControl/rc/baja/hvac/LeadLagRuntime	302	SEMANTIC-MATCH	kitControl/extracted/rc/baja/hvac/LeadLagRuntime.js	uglify-expr		True
kitControl	nmodule/kitControl/rc/baja/KitNumeric	421	SEMANTIC-MATCH	kitControl/extracted/rc/baja/KitNumeric.js	uglify-expr		True
kitControl	nmodule/kitControl/rc/baja/hvac/RaiseLower	321	SEMANTIC-MATCH	kitControl/extracted/rc/baja/hvac/RaiseLower.js	uglify-expr		True
kitControl	nmodule/kitControl/rc/baja/hvac/Sequence	296	SEMANTIC-MATCH	kitControl/extracted/rc/baja/hvac/Sequence.js	uglify-expr		True
kitControl	nmodule/kitControl/rc/baja/logic/Logic	455	SEMANTIC-MATCH	kitControl/extracted/rc/baja/logic/Logic.js	uglify-expr		True
kitControl	nmodule/kitControl/rc/baja/LoopAlarmAlgorithm	524	SEMANTIC-MATCH	kitControl/extracted/rc/baja/LoopAlarmAlgorithm.js	uglify-expr		True
kitControl	nmodule/kitControl/rc/baja/LoopPoint	396	SEMANTIC-MATCH	kitControl/extracted/rc/baja/LoopPoint.js	uglify-expr		True
kitControl	nmodule/kitControl/rc/baja/math/Math	453	SEMANTIC-MATCH	kitControl/extracted/rc/baja/math/Math.js	uglify-expr		True
kitControl	nmodule/kitControl/rc/baja/timer/BooleanDelay	296	SEMANTIC-MATCH	kitControl/extracted/rc/baja/timer/BooleanDelay.js	uglify-expr		True
kitControl	nmodule/kitControl/rc/baja/timer/CurrentTime	295	SEMANTIC-MATCH	kitControl/extracted/rc/baja/timer/CurrentTime.js	uglify-expr		True
kitControl	nmodule/kitControl/rc/baja/timer/NumericDelay	296	SEMANTIC-MATCH	kitControl/extracted/rc/baja/timer/NumericDelay.js	uglify-expr		True
kitControl	nmodule/kitControl/rc/baja/timer/OneShot	291	SEMANTIC-MATCH	kitControl/extracted/rc/baja/timer/OneShot.js	uglify-expr		True
kitControl	nmodule/kitControl/rc/baja/util/Counter	318	SEMANTIC-MATCH	kitControl/extracted/rc/baja/util/Counter.js	uglify-expr		True
kitControl	nmodule/kitControl/rc/baja/util/DecaInputNumeric	299	SEMANTIC-MATCH	kitControl/extracted/rc/baja/util/DecaInputNumeric.js	uglify-expr		True
kitControl	nmodule/kitControl/rc/baja/util/DigitalInputDemux	413	SEMANTIC-MATCH	kitControl/extracted/rc/baja/util/DigitalInputDemux.js	uglify-expr		True
kitControl	nmodule/kitControl/rc/baja/util/EnumSwitch	338	SEMANTIC-MATCH	kitControl/extracted/rc/baja/util/EnumSwitch.js	uglify-expr		True
kitControl	nmodule/kitControl/rc/baja/util/Latch	287	SEMANTIC-MATCH	kitControl/extracted/rc/baja/util/Latch.js	uglify-expr		True
kitControl	nmodule/kitControl/rc/baja/util/MinMaxAvg	341	SEMANTIC-MATCH	kitControl/extracted/rc/baja/util/MinMaxAvg.js	uglify-expr		True
kitControl	nmodule/kitControl/rc/baja/util/NumericMask	332	SEMANTIC-MATCH	kitControl/extracted/rc/baja/util/NumericMask.js	uglify-expr		True
kitControl	nmodule/kitControl/rc/baja/util/Switch	288	SEMANTIC-MATCH	kitControl/extracted/rc/baja/util/Switch.js	uglify-expr		True
kitControl	nmodule/kitControl/rc/fe/PropagateFlagsEditor	430	SKELETON-MATCH	kitControl/extracted/rc/fe/PropagateFlagsEditor.js	skeleton		True
kitIo	nmodule/kitIo/rc/baja/TabularConversion	1247	SEMANTIC-MATCH	kitIo/extracted/rc/baja/TabularConversion.js	uglify-expr		True
kitIo	nmodule/kitIo/rc/fe/TabularConversionEditor	709	SEMANTIC-MATCH	kitIo/extracted/rc/fe/TabularConversionEditor.js	uglify-expr		True
kitPx	nmodule/kitPx/rc/binding/ActionBinding	2196	SKELETON-MATCH	kitPx/extracted/rc/binding/ActionBinding.js	skeleton		True
kitPx	nmodule/kitPx/rc/binding/BoundLabelBinding	1410	SKELETON-MATCH	kitPx/extracted/rc/binding/BoundLabelBinding.js	skeleton		True
kitPx	nmodule/kitPx/rc/binding/ButtonGroupBinding	4182	SKELETON-MATCH	kitPx/extracted/rc/binding/ButtonGroupBinding.js	skeleton		True
kitPx	nmodule/kitPx/rc/binding/SetPointBinding	4594	SKELETON-MATCH	kitPx/extracted/rc/binding/SetPointBinding.js	skeleton		True
kitPx	nmodule/kitPx/rc/binding/IncrementSetPointBinding	485	SKELETON-MATCH	kitPx/extracted/rc/binding/IncrementSetPointBinding.js	skeleton		True
kitPx	nmodule/kitPx/rc/utils/kitPxUtils	965	SEMANTIC-MATCH	kitPx/extracted/rc/utils/kitPxUtils.js	compress		True
kitPx	nmodule/kitPx/rc/binding/MomentaryToggleBinding	943	SKELETON-MATCH	kitPx/extracted/rc/binding/MomentaryToggleBinding.js	skeleton		True
kitPx	nmodule/kitPx/rc/binding/MouseOverBinding	683	SKELETON-MATCH	kitPx/extracted/rc/binding/MouseOverBinding.js	skeleton		True
kitPx	nmodule/kitPx/rc/binding/PopupBinding	3086	SKELETON-MATCH	kitPx/extracted/rc/binding/PopupBinding.js	skeleton		True
kitPx	nmodule/kitPx/rc/binding/SpectrumBinding	1128	SKELETON-MATCH	kitPx/extracted/rc/binding/SpectrumBinding.js	skeleton		True
kitPx	nmodule/kitPx/rc/binding/SpectrumSetpointBinding	790	SKELETON-MATCH	kitPx/extracted/rc/binding/SpectrumSetpointBinding.js	skeleton		True
kitPx	nmodule/kitPx/rc/converters/IStatusToBrush	520	SKELETON-MATCH	kitPx/extracted/rc/converters/IStatusToBrush.js	skeleton		True
kitPx	nmodule/kitPx/rc/converters/OrdToImage	586	SKELETON-MATCH	kitPx/extracted/rc/converters/OrdToImage.js	skeleton		True
kitPx	nmodule/kitPx/rc/fe/GenericFieldEditor	2868	SKELETON-MATCH	kitPx/extracted/rc/fe/GenericFieldEditor.js	skeleton		True
kitPx	nmodule/kitPx/rc/fe/SetPointEditor	1877	SEMANTIC-MATCH	kitPx/extracted/rc/fe/SetPointEditor.js	uglify-expr		True
kitPx	nmodule/kitPx/rc/fe/SetPointFieldEditor	327	SKELETON-MATCH	kitPx/extracted/rc/fe/SetPointFieldEditor.js	skeleton		True
kitPx	nmodule/kitPx/rc/ux/AnalogMeter	4748	SKELETON-MATCH	kitPx/extracted/rc/ux/AnalogMeter.js	skeleton		True
kitPx	nmodule/kitPx/rc/ux/WbCommandButton	627	SKELETON-MATCH	kitPx/extracted/rc/ux/WbCommandButton.js	skeleton		True
kitPx	nmodule/kitPx/rc/ux/BackButton	471	SKELETON-MATCH	kitPx/extracted/rc/ux/BackButton.js	skeleton		True
kitPx	nmodule/kitPx/rc/ux/Bargraph	2945	SKELETON-MATCH	kitPx/extracted/rc/ux/Bargraph.js	skeleton		True
kitPx	nmodule/kitPx/rc/ux/BoundLabel	1351	SKELETON-MATCH	kitPx/extracted/rc/ux/BoundLabel.js	skeleton		True
kitPx	nmodule/kitPx/rc/ux/ForwardButton	476	SKELETON-MATCH	kitPx/extracted/rc/ux/ForwardButton.js	skeleton		True
kitPx	nmodule/kitPx/rc/ux/ImageButton	2379	SKELETON-MATCH	kitPx/extracted/rc/ux/ImageButton.js	skeleton		True
kitPx	nmodule/kitPx/rc/ux/LocalizableButton	2634	SKELETON-MATCH	kitPx/extracted/rc/ux/LocalizableButton.js	skeleton		True
kitPx	nmodule/kitPx/rc/ux/LocalizableLabel	1302	SKELETON-MATCH	kitPx/extracted/rc/ux/LocalizableLabel.js	skeleton		True
kitPx	nmodule/kitPx/rc/ux/LogoffButton	603	SKELETON-MATCH	kitPx/extracted/rc/ux/LogoffButton.js	skeleton		True
kitPx	nmodule/kitPx/rc/ux/RebootButton	1601	SKELETON-MATCH	kitPx/extracted/rc/ux/RebootButton.js	skeleton		True
kitPx	nmodule/kitPx/rc/ux/RefreshButton	576	SKELETON-MATCH	kitPx/extracted/rc/ux/RefreshButton.js	skeleton		True
kitPx	nmodule/kitPx/rc/ux/SaveButton	1219	SKELETON-MATCH	kitPx/extracted/rc/ux/SaveButton.js	skeleton		True
lonworks	nmodule/lonworks/rc/baja/DomainId	1332	SKELETON-MATCH	lonworks/extracted/rc/baja/DomainId.js	skeleton		True
lonworks	nmodule/lonworks/rc/baja/LonBigInteger	1036	SKELETON-MATCH	lonworks/extracted/rc/baja/LonBigInteger.js	skeleton		True
lonworks	nmodule/lonworks/rc/baja/LonEnum	962	SKELETON-MATCH	lonworks/extracted/rc/baja/LonEnum.js	skeleton		True
lonworks	nmodule/lonworks/rc/baja/LonLong	858	SKELETON-MATCH	lonworks/extracted/rc/baja/LonLong.js	skeleton		True
lonworks	nmodule/lonworks/rc/util/lonUtils	1263	SEMANTIC-MATCH	lonworks/extracted/rc/util/lonUtils.js	uglify-expr		True
lonworks	nmodule/lonworks/rc/baja/ProgramId	1747	SKELETON-MATCH	lonworks/extracted/rc/baja/ProgramId.js	skeleton		True
lonworks	nmodule/lonworks/rc/baja/SubnetNode	1320	SKELETON-MATCH	lonworks/extracted/rc/baja/SubnetNode.js	skeleton		True
lonworks	nmodule/lonworks/rc/fe/DomainIdEditor	3290	SKELETON-MATCH	lonworks/extracted/rc/fe/DomainIdEditor.js	skeleton		True
lonworks	nmodule/lonworks/rc/fe/LonLongEditor	1280	SKELETON-MATCH	lonworks/extracted/rc/fe/LonLongEditor.js	skeleton		True
lonworks	nmodule/lonworks/rc/fe/LonBigIntegerEditor	359	SKELETON-MATCH	lonworks/extracted/rc/fe/LonBigIntegerEditor.js	skeleton		True
lonworks	nmodule/lonworks/rc/fe/LonBooleanEditor	452	SKELETON-MATCH	lonworks/extracted/rc/fe/LonBooleanEditor.js	skeleton		True
lonworks	nmodule/lonworks/rc/fe/LonDoubleEditor	486	SKELETON-MATCH	lonworks/extracted/rc/fe/LonDoubleEditor.js	skeleton		True
lonworks	nmodule/lonworks/rc/fe/LonEnumEditor	421	SKELETON-MATCH	lonworks/extracted/rc/fe/LonEnumEditor.js	skeleton		True
lonworks	nmodule/lonworks/rc/fe/LonFloatEditor	482	SKELETON-MATCH	lonworks/extracted/rc/fe/LonFloatEditor.js	skeleton		True
lonworks	nmodule/lonworks/rc/fe/LonIntegerEditor	482	SKELETON-MATCH	lonworks/extracted/rc/fe/LonIntegerEditor.js	skeleton		True
lonworks	nmodule/lonworks/rc/menu/lonDeviceComponentMenuAgent	2195	SKELETON-MATCH	lonworks/extracted/rc/menu/lonDeviceComponentMenuAgent.js	skeleton		True
lonworks	nmodule/lonworks/rc/util/AppDownloadWidget	4190	SKELETON-MATCH	lonworks/extracted/rc/util/AppDownloadWidget.js	skeleton		True
lonworks	nmodule/lonworks/rc/util/ServicePinMonitor	1712	SKELETON-MATCH	lonworks/extracted/rc/util/ServicePinMonitor.js	skeleton		True
lonworks	nmodule/lonworks/rc/wb/lonlink/LinkTable	777	SKELETON-MATCH	lonworks/extracted/rc/wb/lonlink/LinkTable.js	skeleton		True
lonworks	nmodule/lonworks/rc/wb/lonlink/TagLinkTable	767	SKELETON-MATCH	lonworks/extracted/rc/wb/lonlink/TagLinkTable.js	skeleton		True
lonworks	nmodule/lonworks/rc/wb/lonlink/UxLonLinkManager	11368	SKELETON-MATCH	lonworks/extracted/rc/wb/lonlink/UxLonLinkManager.js	skeleton		True
lonworks	nmodule/lonworks/rc/wb/LonWebWiresheet	1434	SKELETON-MATCH	lonworks/extracted/rc/wb/LonWebWiresheet.js	skeleton		True
lonworks	nmodule/lonworks/rc/wb/mgr/LonNetworkAttributesManager	1058	SKELETON-MATCH	lonworks/extracted/rc/wb/mgr/LonNetworkAttributesManager.js	skeleton		True
lonworks	nmodule/lonworks/rc/wb/mgr/model/LonDeviceLearnModel	1666	SKELETON-MATCH	lonworks/extracted/rc/wb/mgr/model/LonDeviceLearnModel.js	skeleton		True
lonworks	nmodule/lonworks/rc/wb/mgr/model/LonDeviceManagerModel	7476	SKELETON-MATCH	lonworks/extracted/rc/wb/mgr/model/LonDeviceManagerModel.js	skeleton		True
lonworks	nmodule/lonworks/rc/wb/mgr/model/LonNetworkAttrModel	3620	SKELETON-MATCH	lonworks/extracted/rc/wb/mgr/model/LonNetworkAttrModel.js	skeleton		True
lonworks	nmodule/lonworks/rc/wb/mgr/model/LonPointLearnModel	622	SKELETON-MATCH	lonworks/extracted/rc/wb/mgr/model/LonPointLearnModel.js	skeleton		True
lonworks	nmodule/lonworks/rc/wb/mgr/model/LonPointManagerModel	4814	SKELETON-MATCH	lonworks/extracted/rc/wb/mgr/model/LonPointManagerModel.js	skeleton		True
lonworks	nmodule/lonworks/rc/wb/mgr/model/LonRouterLearnModel	1036	SEMANTIC-MATCH	lonworks/extracted/rc/wb/mgr/model/LonRouterLearnModel.js	compress		True
lonworks	nmodule/lonworks/rc/wb/mgr/model/LonRouterManagerModel	2488	SKELETON-MATCH	lonworks/extracted/rc/wb/mgr/model/LonRouterManagerModel.js	skeleton		True
lonworks	nmodule/lonworks/rc/wb/mgr/NcManager	608	SKELETON-MATCH	lonworks/extracted/rc/wb/mgr/NcManager.js	skeleton		True
lonworks	nmodule/lonworks/rc/wb/mgr/NvManager	612	SKELETON-MATCH	lonworks/extracted/rc/wb/mgr/NvManager.js	skeleton		True
lonworks	nmodule/lonworks/rc/wb/mgr/UxLonDeviceManager	16852	SKELETON-MATCH	lonworks/extracted/rc/wb/mgr/UxLonDeviceManager.js	skeleton		True
lonworks	nmodule/lonworks/rc/wb/mgr/UxLonPointManager	3875	SKELETON-MATCH	lonworks/extracted/rc/wb/mgr/UxLonPointManager.js	skeleton		True
lonworks	nmodule/lonworks/rc/wb/mgr/UxLonRouterManager	11304	SKELETON-MATCH	lonworks/extracted/rc/wb/mgr/UxLonRouterManager.js	skeleton		True
lonworks	nmodule/lonworks/rc/wb/UxLonUtilitiesManager	9721	SKELETON-MATCH	lonworks/extracted/rc/wb/UxLonUtilitiesManager.js	skeleton		True
maxpro	nmodule/maxpro/ext/std-video-player/dependency/video-js	67	STUB-OR-VENDOR-WRAPPER	maxpro/extracted/ext/std-video-player/dependency/video-js.js			
maxpro	nmodule/maxpro/ext/std-video-player/dependency/protocolFormater	86	STUB-OR-VENDOR-WRAPPER	maxpro/extracted/ext/std-video-player/dependency/protocolFormater.js			
maxpro	nmodule/maxpro/ext/std-video-player/dependency/videojsfmp4	106	STUB-OR-VENDOR-WRAPPER	maxpro/extracted/ext/std-video-player/dependency/videojsfmp4.js			
maxpro	nmodule/maxpro/ext/std-video-player/dependency/mjpegvideo	80	STUB-OR-VENDOR-WRAPPER	maxpro/extracted/ext/std-video-player/dependency/mjpegvideo.js			
maxpro	nmodule/maxpro/ext/std-video-player/std.video.player	143	STUB-OR-VENDOR-WRAPPER	maxpro/extracted/ext/std-video-player/std.video.player.js			
maxpro	nmodule/maxpro/rc/maxpro/MaxproVideoStream	8607	SKELETON-MATCH	maxpro/extracted/rc/maxpro/MaxproVideoStream.js	skeleton		True
modbusAsync	nmodule/modbusAsync/rc/mgr/model/ModbusAsyncDeviceModel	976	SKELETON-MATCH	modbusAsync/extracted/rc/mgr/model/ModbusAsyncDeviceModel.js	skeleton		True
modbusAsync	nmodule/modbusAsync/rc/mgr/ModbusAsyncDeviceUxManager	672	SKELETON-MATCH	modbusAsync/extracted/rc/mgr/ModbusAsyncDeviceUxManager.js	skeleton		True
modbusCore	nmodule/modbusCore/rc/baja/FlexAddress	2276	SKELETON-MATCH	modbusCore/extracted/rc/baja/FlexAddress.js	skeleton		True
modbusCore	nmodule/modbusCore/rc/baja/ModbusConfig	337	SKELETON-MATCH	modbusCore/extracted/rc/baja/ModbusConfig.js	skeleton		True
modbusCore	nmodule/modbusCore/rc/fe/FlexAddressEditor	1626	SKELETON-MATCH	modbusCore/extracted/rc/fe/FlexAddressEditor.js	skeleton		True
modbusCore	nmodule/modbusCore/rc/mgr/commands/ModbusNewDeviceCommand	804	SKELETON-MATCH	modbusCore/extracted/rc/mgr/commands/ModbusNewDeviceCommand.js	skeleton		True
modbusCore	nmodule/modbusCore/rc/mgr/commands/ModbusNewPointCommand	3208	SKELETON-MATCH	modbusCore/extracted/rc/mgr/commands/ModbusNewPointCommand.js	skeleton		True
modbusCore	nmodule/modbusCore/rc/mgr/ModbusBaseDeviceUxManager	711	SKELETON-MATCH	modbusCore/extracted/rc/mgr/ModbusBaseDeviceUxManager.js	skeleton		True
modbusCore	nmodule/modbusCore/rc/mgr/ModbusPointUxManager	636	SKELETON-MATCH	modbusCore/extracted/rc/mgr/ModbusPointUxManager.js	skeleton		True
modbusCore	nmodule/modbusCore/rc/util/dataTypeUtil	347	SEMANTIC-MATCH	modbusCore/extracted/rc/util/dataTypeUtil.js	compress		True
modbusCore	nmodule/modbusCore/rc/mgr/model/ModbusPointManagerModel	9275	SKELETON-MATCH	modbusCore/extracted/rc/mgr/model/ModbusPointManagerModel.js	skeleton		True
modbusCore	nmodule/modbusCore/rc/mgr/ModbusClientPointUxManager	742	SKELETON-MATCH	modbusCore/extracted/rc/mgr/ModbusClientPointUxManager.js	skeleton		True
modbusCore	nmodule/modbusCore/rc/mgr/ModbusServerPointUxManager	760	SKELETON-MATCH	modbusCore/extracted/rc/mgr/ModbusServerPointUxManager.js	skeleton		True
modbusCore	nmodule/modbusCore/rc/mgr/model/ModbusBaseDeviceModel	1483	SKELETON-MATCH	modbusCore/extracted/rc/mgr/model/ModbusBaseDeviceModel.js	skeleton		True
modbusSlave	nmodule/modbusSlave/rc/mgr/model/ModbusClientDeviceModel	751	SKELETON-MATCH	modbusSlave/extracted/rc/mgr/model/ModbusClientDeviceModel.js	skeleton		True
modbusSlave	nmodule/modbusSlave/rc/mgr/ModbusClientDeviceUxManager	675	SKELETON-MATCH	modbusSlave/extracted/rc/mgr/ModbusClientDeviceUxManager.js	skeleton		True
modbusTcp	nmodule/modbusTcp/rc/mgr/model/ModbusTcpGatewayDeviceModel	983	SKELETON-MATCH	modbusTcp/extracted/rc/mgr/model/ModbusTcpGatewayDeviceModel.js	skeleton		True
modbusTcp	nmodule/modbusTcp/rc/mgr/model/ModbusTcpDeviceModel	1001	SKELETON-MATCH	modbusTcp/extracted/rc/mgr/model/ModbusTcpDeviceModel.js	skeleton		True
modbusTcp	nmodule/modbusTcp/rc/mgr/ModbusTcpDeviceUxManager	702	SKELETON-MATCH	modbusTcp/extracted/rc/mgr/ModbusTcpDeviceUxManager.js	skeleton		True
modbusTcp	nmodule/modbusTcp/rc/mgr/ModbusTcpGatewayDeviceUxManager	693	SKELETON-MATCH	modbusTcp/extracted/rc/mgr/ModbusTcpGatewayDeviceUxManager.js	skeleton		True
modbusTcpSlave	nmodule/modbusTcpSlave/rc/mgr/model/ModbusTcpClientDeviceModel	769	SKELETON-MATCH	modbusTcpSlave/extracted/rc/mgr/model/ModbusTcpClientDeviceModel.js	skeleton		True
modbusTcpSlave	nmodule/modbusTcpSlave/rc/mgr/ModbusTcpClientDeviceUxManager	775	SKELETON-MATCH	modbusTcpSlave/extracted/rc/mgr/ModbusTcpClientDeviceUxManager.js	skeleton		True
naxisVideo	nmodule/naxisVideo/rc/naxisVideo/naxisVideoUtils	895	SEMANTIC-MATCH	naxisVideo/extracted/rc/naxisVideo/naxisVideoUtils.js	compress		True
naxisVideo	nmodule/naxisVideo/rc/naxisVideo/NAxisVideoStream	7301	SKELETON-MATCH	naxisVideo/extracted/rc/naxisVideo/NAxisVideoStream.js	skeleton		True
naxisVideo	nmodule/naxisVideo/rc/naxisVideoRequireJsConfig	70	STUB-OR-VENDOR-WRAPPER	naxisVideo/extracted/rc/naxisVideoRequireJsConfig.js			
ndriver	nmodule/ndriver/rc/util/util	567	SEMANTIC-MATCH	ndriver/extracted/rc/util/util.js	uglify-expr		True
ndriver	nmodule/ndriver/rc/column/DiscoveryPropertyMgrColumn	947	SKELETON-MATCH	ndriver/extracted/rc/column/DiscoveryPropertyMgrColumn.js	skeleton		True
ndriver	nmodule/ndriver/rc/util/columnUtil	1497	SKELETON-MATCH	ndriver/extracted/rc/util/columnUtil.js	skeleton		True
ndriver	nmodule/ndriver/rc/util/rpcUtil	1558	SEMANTIC-MATCH	ndriver/extracted/rc/util/rpcUtil.js	compress		True
ndriver	nmodule/ndriver/rc/util/learnUtil	2362	SEMANTIC-MATCH	ndriver/extracted/rc/util/learnUtil.js	uglify-expr		True
ndriver	nmodule/ndriver/rc/Automanager	5022	SEMANTIC-MATCH	ndriver/extracted/rc/Automanager.js	uglify-expr		True
ndriver	nmodule/ndriver/rc/column/NTypeMgrColumn	383	SEMANTIC-MATCH	ndriver/extracted/rc/column/NTypeMgrColumn.js	uglify-expr		True
ndriver	nmodule/ndriver/rc/column/OutMgrColumn	697	SKELETON-MATCH	ndriver/extracted/rc/column/OutMgrColumn.js	skeleton		True
ndriver	nmodule/ndriver/rc/util/modelUtil	1406	SEMANTIC-MATCH	ndriver/extracted/rc/util/modelUtil.js	uglify-expr		True
ndriver	nmodule/ndriver/rc/NDeviceManager	1542	SEMANTIC-MATCH	ndriver/extracted/rc/NDeviceManager.js	uglify-expr		True
ndriver	nmodule/ndriver/rc/NPointManager	1662	SEMANTIC-MATCH	ndriver/extracted/rc/NPointManager.js	uglify-expr		True
niagaraDriver	nmodule/niagaraDriver/rc/fe/RemoteStationEditor	2271	SKELETON-MATCH	niagaraDriver/extracted/rc/fe/RemoteStationEditor.js	skeleton		True
niagaraDriver	nmodule/niagaraDriver/rc/nd/NiagaraStation	952	SKELETON-MATCH	niagaraDriver/extracted/rc/nd/NiagaraStation.js	skeleton		True
niagaraDriver	nmodule/niagaraDriver/rc/rpc/history	510	SEMANTIC-MATCH	niagaraDriver/extracted/rc/rpc/history.js	uglify-expr		True
niagaraDriver	nmodule/niagaraDriver/rc/wb/mgr/commands/NiagaraCertManagerHyperlinkCommand	994	SKELETON-MATCH	niagaraDriver/extracted/rc/wb/mgr/commands/NiagaraCertManagerHyperlinkCommand.js	skeleton		True
niagaraDriver	nmodule/niagaraDriver/rc/wb/mgr/model/columns/NiagaraHistoryDescriptorPropColumn	1045	SKELETON-MATCH	niagaraDriver/extracted/rc/wb/mgr/model/columns/NiagaraHistoryDescriptorPropColumn.js	skeleton		True
niagaraDriver	nmodule/niagaraDriver/rc/wb/mgr/model/columns/NiagaraScheduleLearnTypeColumn	382	SKELETON-MATCH	niagaraDriver/extracted/rc/wb/mgr/model/columns/NiagaraScheduleLearnTypeColumn.js	skeleton		True
niagaraDriver	nmodule/niagaraDriver/rc/wb/mgr/model/NiagaraHistoryExportLearnModel	768	SEMANTIC-MATCH	niagaraDriver/extracted/rc/wb/mgr/model/NiagaraHistoryExportLearnModel.js	compress		True
niagaraDriver	nmodule/niagaraDriver/rc/wb/mgr/model/NiagaraHistoryExportLearnNode	1293	SKELETON-MATCH	niagaraDriver/extracted/rc/wb/mgr/model/NiagaraHistoryExportLearnNode.js	skeleton		True
niagaraDriver	nmodule/niagaraDriver/rc/wb/mgr/model/NiagaraHistoryExportModel	1279	SKELETON-MATCH	niagaraDriver/extracted/rc/wb/mgr/model/NiagaraHistoryExportModel.js	skeleton		True
niagaraDriver	nmodule/niagaraDriver/rc/wb/mgr/model/NiagaraHistoryImportModel	1442	SKELETON-MATCH	niagaraDriver/extracted/rc/wb/mgr/model/NiagaraHistoryImportModel.js	skeleton		True
niagaraDriver	nmodule/niagaraDriver/rc/wb/mgr/model/NiagaraPointLearnNode	1273	SKELETON-MATCH	niagaraDriver/extracted/rc/wb/mgr/model/NiagaraPointLearnNode.js	skeleton		True
niagaraDriver	nmodule/niagaraDriver/rc/wb/mgr/model/NiagaraPointManagerModel	2493	SKELETON-MATCH	niagaraDriver/extracted/rc/wb/mgr/model/NiagaraPointManagerModel.js	skeleton		True
niagaraDriver	nmodule/niagaraDriver/rc/wb/mgr/model/NiagaraScheduleImportModel	519	SKELETON-MATCH	niagaraDriver/extracted/rc/wb/mgr/model/NiagaraScheduleImportModel.js	skeleton		True
niagaraDriver	nmodule/niagaraDriver/rc/wb/mgr/model/NiagaraScheduleLearnModel	909	SKELETON-MATCH	niagaraDriver/extracted/rc/wb/mgr/model/NiagaraScheduleLearnModel.js	skeleton		True
niagaraDriver	nmodule/niagaraDriver/rc/wb/mgr/model/NiagaraStationLearnModel	1537	SKELETON-MATCH	niagaraDriver/extracted/rc/wb/mgr/model/NiagaraStationLearnModel.js	skeleton		True
niagaraDriver	nmodule/niagaraDriver/rc/wb/mgr/model/NiagaraStationManagerModel	3516	SKELETON-MATCH	niagaraDriver/extracted/rc/wb/mgr/model/NiagaraStationManagerModel.js	skeleton		True
niagaraDriver	nmodule/niagaraDriver/rc/wb/mgr/NiagaraHistoryExportLearn	790	SKELETON-MATCH	niagaraDriver/extracted/rc/wb/mgr/NiagaraHistoryExportLearn.js	skeleton		True
niagaraDriver	nmodule/niagaraDriver/rc/wb/mgr/NiagaraHistoryExportUxManager	2963	SKELETON-MATCH	niagaraDriver/extracted/rc/wb/mgr/NiagaraHistoryExportUxManager.js	skeleton		True
niagaraDriver	nmodule/niagaraDriver/rc/wb/mgr/NiagaraHistoryImportLearn	4278	SKELETON-MATCH	niagaraDriver/extracted/rc/wb/mgr/NiagaraHistoryImportLearn.js	skeleton		True
niagaraDriver	nmodule/niagaraDriver/rc/wb/mgr/NiagaraHistoryImportUxManager	866	SKELETON-MATCH	niagaraDriver/extracted/rc/wb/mgr/NiagaraHistoryImportUxManager.js	skeleton		True
niagaraDriver	nmodule/niagaraDriver/rc/wb/mgr/NiagaraPointLearn	553	SKELETON-MATCH	niagaraDriver/extracted/rc/wb/mgr/NiagaraPointLearn.js	skeleton		True
niagaraDriver	nmodule/niagaraDriver/rc/wb/mgr/NiagaraPointUxManager	4939	SKELETON-MATCH	niagaraDriver/extracted/rc/wb/mgr/NiagaraPointUxManager.js	skeleton		True
niagaraDriver	nmodule/niagaraDriver/rc/wb/mgr/NiagaraScheduleExportUxManager	890	SKELETON-MATCH	niagaraDriver/extracted/rc/wb/mgr/NiagaraScheduleExportUxManager.js	skeleton		True
niagaraDriver	nmodule/niagaraDriver/rc/wb/mgr/NiagaraScheduleImportUxManager	3156	SKELETON-MATCH	niagaraDriver/extracted/rc/wb/mgr/NiagaraScheduleImportUxManager.js	skeleton		True
niagaraDriver	nmodule/niagaraDriver/rc/wb/mgr/NiagaraStationLearnContextMenu	1130	SKELETON-MATCH	niagaraDriver/extracted/rc/wb/mgr/NiagaraStationLearnContextMenu.js	skeleton		True
niagaraDriver	nmodule/niagaraDriver/rc/wb/mgr/NiagaraStationUxManager	5723	SKELETON-MATCH	niagaraDriver/extracted/rc/wb/mgr/NiagaraStationUxManager.js	skeleton		True
niagaraSystemIndex	nmodule/niagaraSystemIndex/rc/fe/niagaraSystemIndexMgrAgent	1902	SKELETON-MATCH	niagaraSystemIndex/extracted/rc/fe/niagaraSystemIndexMgrAgent.js	skeleton		True
nrio	nmodule/nrio/rc/baja/NrioShunt500OhmConversion	1007	SEMANTIC-MATCH	nrio/extracted/rc/baja/NrioShunt500OhmConversion.js	uglify-expr		True
nrio	nmodule/nrio/rc/baja/NrioTabularThermistorConversion	1673	SEMANTIC-MATCH	nrio/extracted/rc/baja/NrioTabularThermistorConversion.js	uglify-expr		True
nrio	nmodule/nrio/rc/fe/NrioProxyConversionEditor	732	SKELETON-MATCH	nrio/extracted/rc/fe/NrioProxyConversionEditor.js	skeleton		True
nrio	nmodule/nrio/rc/fe/NrioShunt500OhmConversionEditor	941	SEMANTIC-MATCH	nrio/extracted/rc/fe/NrioShunt500OhmConversionEditor.js	uglify-expr		True
nrio	nmodule/nrio/rc/fe/NrioTabularThermistorConversionEditor	718	SEMANTIC-MATCH	nrio/extracted/rc/fe/NrioTabularThermistorConversionEditor.js	uglify-expr		True
nrio	nmodule/nrio/rc/wb/mgr/commands/UpgradeFirmwareCommand	1022	SKELETON-MATCH	nrio/extracted/rc/wb/mgr/commands/UpgradeFirmwareCommand.js	skeleton		True
nrio	nmodule/nrio/rc/wb/mgr/commands/WinkDeviceCommand	981	SKELETON-MATCH	nrio/extracted/rc/wb/mgr/commands/WinkDeviceCommand.js	skeleton		True
nrio	nmodule/nrio/rc/wb/mgr/model/NrioDeviceLearnModel	1126	SKELETON-MATCH	nrio/extracted/rc/wb/mgr/model/NrioDeviceLearnModel.js	skeleton		True
nrio	nmodule/nrio/rc/wb/mgr/model/NrioDeviceManagerModel	1976	SKELETON-MATCH	nrio/extracted/rc/wb/mgr/model/NrioDeviceManagerModel.js	skeleton		True
nrio	nmodule/nrio/rc/wb/mgr/model/NrioPointLearnModel	933	SEMANTIC-MATCH	nrio/extracted/rc/wb/mgr/model/NrioPointLearnModel.js	compress		True
nrio	nmodule/nrio/rc/wb/mgr/model/NrioPointManagerModel	1874	SKELETON-MATCH	nrio/extracted/rc/wb/mgr/model/NrioPointManagerModel.js	skeleton		True
nrio	nmodule/nrio/rc/wb/mgr/NrioDeviceUxManager	5564	SKELETON-MATCH	nrio/extracted/rc/wb/mgr/NrioDeviceUxManager.js	skeleton		True
nrio	nmodule/nrio/rc/wb/mgr/NrioMgrTypeImpl	1829	SKELETON-MATCH	nrio/extracted/rc/wb/mgr/NrioMgrTypeImpl.js	skeleton		True
nrio	nmodule/nrio/rc/wb/mgr/NrioPointUxManager	7508	SKELETON-MATCH	nrio/extracted/rc/wb/mgr/NrioPointUxManager.js	skeleton		True
nss	nmodule/nss/rc/fe/SeverityWidget	862	SKELETON-MATCH	nss/extracted/rc/fe/SeverityWidget.js	skeleton		True
nss	nmodule/nss/rc/fe/CountsBySeverityWidget	2299	SKELETON-MATCH	nss/extracted/rc/fe/CountsBySeverityWidget.js	skeleton		True
nss	nmodule/nss/rc/model/Entity	855	SKELETON-MATCH	nss/extracted/rc/model/Entity.js	skeleton		True
nss	nmodule/nss/rc/model/Severity	674	SKELETON-MATCH	nss/extracted/rc/model/Severity.js	skeleton		True
nss	nmodule/nss/rc/model/Item	973	SKELETON-MATCH	nss/extracted/rc/model/Item.js	skeleton		True
nss	nmodule/nss/rc/fe/ItemWidget	1323	SKELETON-MATCH	nss/extracted/rc/fe/ItemWidget.js	skeleton		True
nss	nmodule/nss/rc/fe/ItemsArrayCompositeEditor	437	SKELETON-MATCH	nss/extracted/rc/fe/ItemsArrayCompositeEditor.js	skeleton		True
nss	nmodule/nss/rc/util/securityDashboardUtil	1293	SEMANTIC-MATCH	nss/extracted/rc/util/securityDashboardUtil.js	compress		True
nss	nmodule/nss/rc/model/ItemCollection	2381	SKELETON-MATCH	nss/extracted/rc/model/ItemCollection.js	skeleton		True
nss	nmodule/nss/rc/fe/ItemCollectionDetailsWidget	2861	SKELETON-MATCH	nss/extracted/rc/fe/ItemCollectionDetailsWidget.js	skeleton		True
nss	nmodule/nss/rc/fe/ItemCollectionSummaryWidget	6290	SKELETON-MATCH	nss/extracted/rc/fe/ItemCollectionSummaryWidget.js	skeleton		True
nss	nmodule/nss/rc/model/SourceCollection	2027	SKELETON-MATCH	nss/extracted/rc/model/SourceCollection.js	skeleton		True
nss	nmodule/nss/rc/fe/SourceOverviewWidget	2912	SKELETON-MATCH	nss/extracted/rc/fe/SourceOverviewWidget.js	skeleton		True
nss	nmodule/nss/rc/fe/SourceCollectionCompositeEditor	639	SKELETON-MATCH	nss/extracted/rc/fe/SourceCollectionCompositeEditor.js	skeleton		True
nss	nmodule/nss/rc/fe/SourceCollectionWidget	2754	SKELETON-MATCH	nss/extracted/rc/fe/SourceCollectionWidget.js	skeleton		True
nss	nmodule/nss/rc/rpc/rpc	5175	SKELETON-MATCH	nss/extracted/rc/rpc/rpc.js	skeleton		True
nss	nmodule/nss/rc/rpc/StationDashboardService	622	SKELETON-MATCH	nss/extracted/rc/rpc/StationDashboardService.js	skeleton		True
nss	nmodule/nss/rc/rpc/SystemDashboardService	632	SKELETON-MATCH	nss/extracted/rc/rpc/SystemDashboardService.js	skeleton		True
nss	nmodule/nss/rc/fe/SecurityDashboard	4400	SKELETON-MATCH	nss/extracted/rc/fe/SecurityDashboard.js	skeleton		True
nss	nmodule/nss/rc/fe/securityDashboardMgrAgent	1758	SEMANTIC-MATCH	nss/extracted/rc/fe/securityDashboardMgrAgent.js	uglify-expr		True
nurio	nmodule/nurio/rc/baja/NurioShunt500OhmConversion	1011	SEMANTIC-MATCH	nurio/extracted/rc/baja/NurioShunt500OhmConversion.js	uglify-expr		True
nurio	nmodule/nurio/rc/baja/NurioTabularThermistorConversion	1677	SEMANTIC-MATCH	nurio/extracted/rc/baja/NurioTabularThermistorConversion.js	uglify-expr		True
nurio	nmodule/nurio/rc/fe/NurioProxyConversionTypes	560	SEMANTIC-MATCH	nurio/extracted/rc/fe/NurioProxyConversionTypes.js	compress		True
nurio	nmodule/nurio/rc/fe/NurioProxyConversionEditor	400	SKELETON-MATCH	nurio/extracted/rc/fe/NurioProxyConversionEditor.js	skeleton		True
nurio	nmodule/nurio/rc/fe/NurioShunt500OhmConversionEditor	864	SEMANTIC-MATCH	nurio/extracted/rc/fe/NurioShunt500OhmConversionEditor.js	uglify-expr		True
nurio	nmodule/nurio/rc/fe/NurioTabularThermistorConversionEditor	723	SEMANTIC-MATCH	nurio/extracted/rc/fe/NurioTabularThermistorConversionEditor.js	uglify-expr		True
nurio	nmodule/nurio/rc/wb/mgr/commands/WinkDeviceCommand	988	SKELETON-MATCH	nurio/extracted/rc/wb/mgr/commands/WinkDeviceCommand.js	skeleton		True
nurio	nmodule/nurio/rc/wb/mgr/model/NurioDeviceLearnModel	975	SKELETON-MATCH	nurio/extracted/rc/wb/mgr/model/NurioDeviceLearnModel.js	skeleton		True
nurio	nmodule/nurio/rc/wb/mgr/model/NurioDeviceManagerModel	1702	SKELETON-MATCH	nurio/extracted/rc/wb/mgr/model/NurioDeviceManagerModel.js	skeleton		True
nurio	nmodule/nurio/rc/wb/mgr/model/NurioPointLearnModel	842	SEMANTIC-MATCH	nurio/extracted/rc/wb/mgr/model/NurioPointLearnModel.js	compress		True
nurio	nmodule/nurio/rc/wb/mgr/model/NurioPointManagerModel	2923	SKELETON-MATCH	nurio/extracted/rc/wb/mgr/model/NurioPointManagerModel.js	skeleton		True
nurio	nmodule/nurio/rc/wb/mgr/NurioDeviceUxManager	6336	SKELETON-MATCH	nurio/extracted/rc/wb/mgr/NurioDeviceUxManager.js	skeleton		True
nurio	nmodule/nurio/rc/wb/mgr/NurioMgrTypeImpl	2499	SKELETON-MATCH	nurio/extracted/rc/wb/mgr/NurioMgrTypeImpl.js	skeleton		True
nurio	nmodule/nurio/rc/wb/mgr/NurioPointUxManager	9547	SKELETON-MATCH	nurio/extracted/rc/wb/mgr/NurioPointUxManager.js	skeleton		True
onCall	nmodule/onCall/rc/wb/model/OnCallContactManagerModel	1760	SKELETON-MATCH	onCall/extracted/rc/wb/model/OnCallContactManagerModel.js	skeleton		True
onCall	nmodule/onCall/rc/wb/model/OnCallListManagerModel	1031	SKELETON-MATCH	onCall/extracted/rc/wb/model/OnCallListManagerModel.js	skeleton		True
onCall	nmodule/onCall/rc/wb/UxOnCallContactManager	1686	SKELETON-MATCH	onCall/extracted/rc/wb/UxOnCallContactManager.js	skeleton		True
onCall	nmodule/onCall/rc/wb/UxOnCallListManager	1804	SKELETON-MATCH	onCall/extracted/rc/wb/UxOnCallListManager.js	skeleton		True
onCall	nmodule/onCall/rc/wb/UxOnCallUserReportView	2185	SKELETON-MATCH	onCall/extracted/rc/wb/UxOnCallUserReportView.js	skeleton		True
platCrypto	nmodule/platCrypto/rc/CertConstants	1380	SEMANTIC-MATCH	platCrypto/extracted/rc/CertConstants.js	compress		True
platCrypto	nmodule/platCrypto/rc/fe/CertificateAliasCredentialEditor	2508	SKELETON-MATCH	platCrypto/extracted/rc/fe/CertificateAliasCredentialEditor.js	skeleton		True
platCrypto	nmodule/platCrypto/rc/fe/extensions/BasicConstraintEditor	3426	SKELETON-MATCH	platCrypto/extracted/rc/fe/extensions/BasicConstraintEditor.js	skeleton		True
platCrypto	nmodule/platCrypto/rc/fe/extensions/SubjectAlternativeNameEditor	6503	SKELETON-MATCH	platCrypto/extracted/rc/fe/extensions/SubjectAlternativeNameEditor.js	skeleton		True
platCrypto	nmodule/platCrypto/rc/fe/extensions/CrlDistributionPointsEditor	9517	SKELETON-MATCH	platCrypto/extracted/rc/fe/extensions/CrlDistributionPointsEditor.js	skeleton		True
platCrypto	nmodule/platCrypto/rc/fe/extensions/ExtendedKeyUsageEditor	4942	SKELETON-MATCH	platCrypto/extracted/rc/fe/extensions/ExtendedKeyUsageEditor.js	skeleton		True
platCrypto	nmodule/platCrypto/rc/fe/extensions/KeyUsageEditor	2007	SKELETON-MATCH	platCrypto/extracted/rc/fe/extensions/KeyUsageEditor.js	skeleton		True
platCrypto	nmodule/platCrypto/rc/fe/certificateEditorUtils	1704	SEMANTIC-MATCH	platCrypto/extracted/rc/fe/certificateEditorUtils.js	compress		True
platCrypto	nmodule/platCrypto/rc/wb/cert/util/DN	1440	SKELETON-MATCH	platCrypto/extracted/rc/wb/cert/util/DN.js	skeleton		True
platCrypto	nmodule/platCrypto/rc/rpc/certManagement	4287	SEMANTIC-MATCH	platCrypto/extracted/rc/rpc/certManagement.js	uglify-expr		True
platCrypto	nmodule/platCrypto/rc/wb/cert/certManagerEvents	137	SEMANTIC-MATCH	platCrypto/extracted/rc/wb/cert/certManagerEvents.js	compress		True
platCrypto	nmodule/platCrypto/rc/wb/cert/util/certUtils	2406	SEMANTIC-MATCH	platCrypto/extracted/rc/wb/cert/util/certUtils.js	uglify-expr		True
platCrypto	nmodule/platCrypto/rc/fe/DistinguishedNameEditor	6551	SKELETON-MATCH	platCrypto/extracted/rc/fe/DistinguishedNameEditor.js	skeleton		True
platCrypto	nmodule/platCrypto/rc/fe/ExtensionEditor	10405	SKELETON-MATCH	platCrypto/extracted/rc/fe/ExtensionEditor.js	skeleton		True
platCrypto	nmodule/platCrypto/rc/fe/SingleExtensionEditor	3419	SKELETON-MATCH	platCrypto/extracted/rc/fe/SingleExtensionEditor.js	skeleton		True
platCrypto	nmodule/platCrypto/rc/wb/cert/commands/ExtensionDetailsWidget	783	SKELETON-MATCH	platCrypto/extracted/rc/wb/cert/commands/ExtensionDetailsWidget.js	skeleton		True
platCrypto	nmodule/platCrypto/rc/wb/cert/commands/CertTable	2841	SKELETON-MATCH	platCrypto/extracted/rc/wb/cert/commands/CertTable.js	skeleton		True
platCrypto	nmodule/platCrypto/rc/wb/cert/CertDetailsTabs	1944	SKELETON-MATCH	platCrypto/extracted/rc/wb/cert/CertDetailsTabs.js	skeleton		True
platCrypto	nmodule/platCrypto/rc/wb/cert/CertHeader	821	SKELETON-MATCH	platCrypto/extracted/rc/wb/cert/CertHeader.js	skeleton		True
platCrypto	nmodule/platCrypto/rc/wb/cert/CertDetails	902	SKELETON-MATCH	platCrypto/extracted/rc/wb/cert/CertDetails.js	skeleton		True
platCrypto	nmodule/platCrypto/rc/wb/cert/commands/CertExportWidget	9178	SKELETON-MATCH	platCrypto/extracted/rc/wb/cert/commands/CertExportWidget.js	skeleton		True
platCrypto	nmodule/platCrypto/rc/wb/cert/commands/CertExportCommand	1601	SKELETON-MATCH	platCrypto/extracted/rc/wb/cert/commands/CertExportCommand.js	skeleton		True
platCrypto	nmodule/platCrypto/rc/wb/cert/commands/ViewCertDetailsCommand	793	SKELETON-MATCH	platCrypto/extracted/rc/wb/cert/commands/ViewCertDetailsCommand.js	skeleton		True
platCrypto	nmodule/platCrypto/rc/wb/cert/util/ISO8601Column	572	SKELETON-MATCH	platCrypto/extracted/rc/wb/cert/util/ISO8601Column.js	skeleton		True
platCrypto	nmodule/platCrypto/rc/wb/cert/util/certColumns	2717	SEMANTIC-MATCH	platCrypto/extracted/rc/wb/cert/util/certColumns.js	compress		True
platCrypto	nmodule/platCrypto/rc/wb/cert/util/CertTabContextMenuSupport	520	SEMANTIC-MATCH	platCrypto/extracted/rc/wb/cert/util/CertTabContextMenuSupport.js	compress		True
platCrypto	nmodule/platCrypto/rc/wb/cert/tabs/SystemTrustStoreTab	1655	SKELETON-MATCH	platCrypto/extracted/rc/wb/cert/tabs/SystemTrustStoreTab.js	skeleton		True
platCrypto	nmodule/platCrypto/rc/wb/cert/commands/ApproveCommand	1943	SKELETON-MATCH	platCrypto/extracted/rc/wb/cert/commands/ApproveCommand.js	skeleton		True
platCrypto	nmodule/platCrypto/rc/wb/cert/commands/ExemptionDeleteCommand	1169	SKELETON-MATCH	platCrypto/extracted/rc/wb/cert/commands/ExemptionDeleteCommand.js	skeleton		True
platCrypto	nmodule/platCrypto/rc/wb/cert/commands/UnapproveCommand	280	SKELETON-MATCH	platCrypto/extracted/rc/wb/cert/commands/UnapproveCommand.js	skeleton		True
platCrypto	nmodule/platCrypto/rc/wb/cert/commands/CertTableChanged	1977	SKELETON-MATCH	platCrypto/extracted/rc/wb/cert/commands/CertTableChanged.js	skeleton		True
platCrypto	nmodule/platCrypto/rc/wb/cert/commands/ExemptionChangedWidget	1521	SKELETON-MATCH	platCrypto/extracted/rc/wb/cert/commands/ExemptionChangedWidget.js	skeleton		True
platCrypto	nmodule/platCrypto/rc/wb/cert/commands/ExemptionDetailsWidget	1287	SKELETON-MATCH	platCrypto/extracted/rc/wb/cert/commands/ExemptionDetailsWidget.js	skeleton		True
platCrypto	nmodule/platCrypto/rc/wb/cert/commands/ViewExemptionDetailsCommand	1306	SKELETON-MATCH	platCrypto/extracted/rc/wb/cert/commands/ViewExemptionDetailsCommand.js	skeleton		True
platCrypto	nmodule/platCrypto/rc/wb/cert/tabs/UserExemptionStoreTab	2053	SKELETON-MATCH	platCrypto/extracted/rc/wb/cert/tabs/UserExemptionStoreTab.js	skeleton		True
platCrypto	nmodule/platCrypto/rc/wb/cert/commands/CertDeleteCommand	2373	SKELETON-MATCH	platCrypto/extracted/rc/wb/cert/commands/CertDeleteCommand.js	skeleton		True
platCrypto	nmodule/platCrypto/rc/wb/cert/commands/CertImportFileMgr	2461	SEMANTIC-MATCH	platCrypto/extracted/rc/wb/cert/commands/CertImportFileMgr.js	uglify-expr		True
platCrypto	nmodule/platCrypto/rc/wb/cert/commands/CertImportWidget	4770	SKELETON-MATCH	platCrypto/extracted/rc/wb/cert/commands/CertImportWidget.js	skeleton		True
platCrypto	nmodule/platCrypto/rc/wb/cert/commands/CertImportCommand	7037	SKELETON-MATCH	platCrypto/extracted/rc/wb/cert/commands/CertImportCommand.js	skeleton		True
platCrypto	nmodule/platCrypto/rc/wb/cert/util/parseCert	825	SEMANTIC-MATCH	platCrypto/extracted/rc/wb/cert/util/parseCert.js	uglify-expr		True
platCrypto	nmodule/platCrypto/rc/wb/cert/commands/CertRequestWidget	1649	SKELETON-MATCH	platCrypto/extracted/rc/wb/cert/commands/CertRequestWidget.js	skeleton		True
platCrypto	nmodule/platCrypto/rc/wb/cert/commands/CertRequestCommand	1530	SKELETON-MATCH	platCrypto/extracted/rc/wb/cert/commands/CertRequestCommand.js	skeleton		True
platCrypto	nmodule/platCrypto/rc/wb/cert/forms/Form	4285	SKELETON-MATCH	platCrypto/extracted/rc/wb/cert/forms/Form.js	skeleton		True
platCrypto	nmodule/platCrypto/rc/wb/cert/forms/GeneralAttributes	6011	SKELETON-MATCH	platCrypto/extracted/rc/wb/cert/forms/GeneralAttributes.js	skeleton		True
platCrypto	nmodule/platCrypto/rc/wb/cert/NewCertWidget	1278	SKELETON-MATCH	platCrypto/extracted/rc/wb/cert/NewCertWidget.js	skeleton		True
platCrypto	nmodule/platCrypto/rc/wb/cert/commands/NewCertCommand	5518	SKELETON-MATCH	platCrypto/extracted/rc/wb/cert/commands/NewCertCommand.js	skeleton		True
platCrypto	nmodule/platCrypto/rc/wb/cert/commands/ResetCertCommand	1412	SKELETON-MATCH	platCrypto/extracted/rc/wb/cert/commands/ResetCertCommand.js	skeleton		True
platCrypto	nmodule/platCrypto/rc/wb/cert/tabs/UserKeyStoreTab	2882	SKELETON-MATCH	platCrypto/extracted/rc/wb/cert/tabs/UserKeyStoreTab.js	skeleton		True
platCrypto	nmodule/platCrypto/rc/wb/cert/tabs/UserTrustStoreTab	2358	SKELETON-MATCH	platCrypto/extracted/rc/wb/cert/tabs/UserTrustStoreTab.js	skeleton		True
platCrypto	nmodule/platCrypto/rc/wb/cert/CertManager	3784	SKELETON-MATCH	platCrypto/extracted/rc/wb/cert/CertManager.js	skeleton		True
platCrypto	nmodule/platCrypto/rc/wb/cert/typedefs	61	STUB-OR-VENDOR-WRAPPER	platCrypto/extracted/rc/wb/cert/typedefs.js			
platCrypto	nmodule/platCrypto/rc/wb/cert/util/formUtil	346	SEMANTIC-MATCH	platCrypto/extracted/rc/wb/cert/util/formUtil.js	uglify-expr		True
platDataRecovery	nmodule/platDataRecovery/rc/baja/DataRecoveryPersistenceCapacity	1373	SKELETON-MATCH	platDataRecovery/extracted/rc/baja/DataRecoveryPersistenceCapacity.js	skeleton		True
platDataRecovery	nmodule/platDataRecovery/rc/DataRecoveryPersistenceCapacityEditor	1503	SKELETON-MATCH	platDataRecovery/extracted/rc/DataRecoveryPersistenceCapacityEditor.js	skeleton		True
platform	nmodule/platform/rc/baja/Version	1055	SKELETON-MATCH	platform/extracted/rc/baja/Version.js	skeleton		True
platform	nmodule/platform/rc/fe/VersionEditor	1244	SKELETON-MATCH	platform/extracted/rc/fe/VersionEditor.js	skeleton		True
provisioningNiagara	nmodule/provisioningNiagara/rc/wb/fe/TemplatePasswordEditor	1472	SKELETON-MATCH	provisioningNiagara/extracted/rc/wb/fe/TemplatePasswordEditor.js	skeleton		True
provisioningNiagara	nmodule/provisioningNiagara/rc/baja/AbstractTemplateFactory	3138	SKELETON-MATCH	provisioningNiagara/extracted/rc/baja/AbstractTemplateFactory.js	skeleton		True
provisioningNiagara	nmodule/provisioningNiagara/rc/baja/AbstractUpgradeTemplateFactory	2401	SKELETON-MATCH	provisioningNiagara/extracted/rc/baja/AbstractUpgradeTemplateFactory.js	skeleton		True
provisioningNiagara	nmodule/provisioningNiagara/rc/wb/fe/AddStationUserEditor	2238	SKELETON-MATCH	provisioningNiagara/extracted/rc/wb/fe/AddStationUserEditor.js	skeleton		True
provisioningNiagara	nmodule/provisioningNiagara/rc/baja/AddStationUserStepFactory	1489	SKELETON-MATCH	provisioningNiagara/extracted/rc/baja/AddStationUserStepFactory.js	skeleton		True
provisioningNiagara	nmodule/provisioningNiagara/rc/wb/commands/RestoreBackupCommand	3256	SKELETON-MATCH	provisioningNiagara/extracted/rc/wb/commands/RestoreBackupCommand.js	skeleton		True
provisioningNiagara	nmodule/provisioningNiagara/rc/baja/BackupUxJobStepDetails	493	SKELETON-MATCH	provisioningNiagara/extracted/rc/baja/BackupUxJobStepDetails.js	skeleton		True
provisioningNiagara	nmodule/provisioningNiagara/rc/baja/SimpleJobStepFactory	541	SKELETON-MATCH	provisioningNiagara/extracted/rc/baja/SimpleJobStepFactory.js	skeleton		True
provisioningNiagara	nmodule/provisioningNiagara/rc/baja/ConvertToPerpetualLicenseModeFactory	819	SKELETON-MATCH	provisioningNiagara/extracted/rc/baja/ConvertToPerpetualLicenseModeFactory.js	skeleton		True
provisioningNiagara	nmodule/provisioningNiagara/rc/baja/CopyFileFactory	2917	SKELETON-MATCH	provisioningNiagara/extracted/rc/baja/CopyFileFactory.js	skeleton		True
provisioningNiagara	nmodule/provisioningNiagara/rc/baja/DeployApplicationFactory	553	SKELETON-MATCH	provisioningNiagara/extracted/rc/baja/DeployApplicationFactory.js	skeleton		True
provisioningNiagara	nmodule/provisioningNiagara/rc/baja/DeployTemplateFactory	538	SKELETON-MATCH	provisioningNiagara/extracted/rc/baja/DeployTemplateFactory.js	skeleton		True
provisioningNiagara	nmodule/provisioningNiagara/rc/baja/DhcpDiscoveryStepFactory	499	SKELETON-MATCH	provisioningNiagara/extracted/rc/baja/DhcpDiscoveryStepFactory.js	skeleton		True
provisioningNiagara	nmodule/provisioningNiagara/rc/baja/EnableBootstrapStepFactory	509	SKELETON-MATCH	provisioningNiagara/extracted/rc/baja/EnableBootstrapStepFactory.js	skeleton		True
provisioningNiagara	nmodule/provisioningNiagara/rc/util/provisioningNiagaraUtils	3752	SEMANTIC-MATCH	provisioningNiagara/extracted/rc/util/provisioningNiagaraUtils.js	uglify-expr		True
provisioningNiagara	nmodule/provisioningNiagara/rc/wb/fe/ExportApplicationTemplateConfigEditor	2439	SKELETON-MATCH	provisioningNiagara/extracted/rc/wb/fe/ExportApplicationTemplateConfigEditor.js	skeleton		True
provisioningNiagara	nmodule/provisioningNiagara/rc/baja/ExportApplicationTemplateConfigJobStepFactory	1538	SKELETON-MATCH	provisioningNiagara/extracted/rc/baja/ExportApplicationTemplateConfigJobStepFactory.js	skeleton		True
provisioningNiagara	nmodule/provisioningNiagara/rc/wb/fe/ExportCsrEditor	3029	SKELETON-MATCH	provisioningNiagara/extracted/rc/wb/fe/ExportCsrEditor.js	skeleton		True
provisioningNiagara	nmodule/provisioningNiagara/rc/baja/ExportCsrFactory	898	SKELETON-MATCH	provisioningNiagara/extracted/rc/baja/ExportCsrFactory.js	skeleton		True
provisioningNiagara	nmodule/provisioningNiagara/rc/wb/fe/ImportSignedCertificateEditor	3160	SKELETON-MATCH	provisioningNiagara/extracted/rc/wb/fe/ImportSignedCertificateEditor.js	skeleton		True
provisioningNiagara	nmodule/provisioningNiagara/rc/baja/ImportSignedCertificateFactory	2747	SKELETON-MATCH	provisioningNiagara/extracted/rc/baja/ImportSignedCertificateFactory.js	skeleton		True
provisioningNiagara	nmodule/provisioningNiagara/rc/wb/fe/InstallCertEditor	3257	SKELETON-MATCH	provisioningNiagara/extracted/rc/wb/fe/InstallCertEditor.js	skeleton		True
provisioningNiagara	nmodule/provisioningNiagara/rc/baja/InstallCertificateStepFactory	1606	SKELETON-MATCH	provisioningNiagara/extracted/rc/baja/InstallCertificateStepFactory.js	skeleton		True
provisioningNiagara	nmodule/provisioningNiagara/rc/baja/InstallCleanDistFactory	5278	SKELETON-MATCH	provisioningNiagara/extracted/rc/baja/InstallCleanDistFactory.js	skeleton		True
provisioningNiagara	nmodule/provisioningNiagara/rc/baja/NiagaraNetworkDiscoveryStepFactory	1445	SKELETON-MATCH	provisioningNiagara/extracted/rc/baja/NiagaraNetworkDiscoveryStepFactory.js	skeleton		True
provisioningNiagara	nmodule/provisioningNiagara/rc/baja/ProvisioningBackupFactory	512	SKELETON-MATCH	provisioningNiagara/extracted/rc/baja/ProvisioningBackupFactory.js	skeleton		True
provisioningNiagara	nmodule/provisioningNiagara/rc/baja/RebootJobStepFactory	617	SKELETON-MATCH	provisioningNiagara/extracted/rc/baja/RebootJobStepFactory.js	skeleton		True
provisioningNiagara	nmodule/provisioningNiagara/rc/baja/RemovePlatformUserStepFactory	1339	SKELETON-MATCH	provisioningNiagara/extracted/rc/baja/RemovePlatformUserStepFactory.js	skeleton		True
provisioningNiagara	nmodule/provisioningNiagara/rc/baja/RemovePropertyEditor	2362	SKELETON-MATCH	provisioningNiagara/extracted/rc/baja/RemovePropertyEditor.js	skeleton		True
provisioningNiagara	nmodule/provisioningNiagara/rc/baja/RemovePropertyStepFactory	1003	SKELETON-MATCH	provisioningNiagara/extracted/rc/baja/RemovePropertyStepFactory.js	skeleton		True
provisioningNiagara	nmodule/provisioningNiagara/rc/baja/RemoveStationUserStepFactory	1269	SKELETON-MATCH	provisioningNiagara/extracted/rc/baja/RemoveStationUserStepFactory.js	skeleton		True
provisioningNiagara	nmodule/provisioningNiagara/rc/baja/RenameStationStepFactory	499	SKELETON-MATCH	provisioningNiagara/extracted/rc/baja/RenameStationStepFactory.js	skeleton		True
provisioningNiagara	nmodule/provisioningNiagara/rc/baja/RobotStepFactory	1648	SKELETON-MATCH	provisioningNiagara/extracted/rc/baja/RobotStepFactory.js	skeleton		True
provisioningNiagara	nmodule/provisioningNiagara/rc/baja/SecurityGroupStepFactory	1423	SKELETON-MATCH	provisioningNiagara/extracted/rc/baja/SecurityGroupStepFactory.js	skeleton		True
provisioningNiagara	nmodule/provisioningNiagara/rc/wb/fe/SetCertificateAliasEditor	2669	SKELETON-MATCH	provisioningNiagara/extracted/rc/wb/fe/SetCertificateAliasEditor.js	skeleton		True
provisioningNiagara	nmodule/provisioningNiagara/rc/baja/SetCertificateAliasFactory	968	SKELETON-MATCH	provisioningNiagara/extracted/rc/baja/SetCertificateAliasFactory.js	skeleton		True
provisioningNiagara	nmodule/provisioningNiagara/rc/wb/fe/SetUserPasswordEditor	7152	SKELETON-MATCH	provisioningNiagara/extracted/rc/wb/fe/SetUserPasswordEditor.js	skeleton		True
provisioningNiagara	nmodule/provisioningNiagara/rc/baja/SetPlatformCredentialsStepFactory	1641	SKELETON-MATCH	provisioningNiagara/extracted/rc/baja/SetPlatformCredentialsStepFactory.js	skeleton		True
provisioningNiagara	nmodule/provisioningNiagara/rc/baja/SetPlatformUserPasswordStepFactory	1791	SKELETON-MATCH	provisioningNiagara/extracted/rc/baja/SetPlatformUserPasswordStepFactory.js	skeleton		True
provisioningNiagara	nmodule/provisioningNiagara/rc/baja/SetPropertyMultiTargetEditor	1901	SKELETON-MATCH	provisioningNiagara/extracted/rc/baja/SetPropertyMultiTargetEditor.js	skeleton		True
provisioningNiagara	nmodule/provisioningNiagara/rc/baja/SetPropertyEditor	4698	SKELETON-MATCH	provisioningNiagara/extracted/rc/baja/SetPropertyEditor.js	skeleton		True
provisioningNiagara	nmodule/provisioningNiagara/rc/baja/SetPropertyStepFactory	1445	SKELETON-MATCH	provisioningNiagara/extracted/rc/baja/SetPropertyStepFactory.js	skeleton		True
provisioningNiagara	nmodule/provisioningNiagara/rc/baja/SetStationConnectionCredentialsStepFactory	1728	SKELETON-MATCH	provisioningNiagara/extracted/rc/baja/SetStationConnectionCredentialsStepFactory.js	skeleton		True
provisioningNiagara	nmodule/provisioningNiagara/rc/baja/SetStationUserPasswordStepFactory	1667	SKELETON-MATCH	provisioningNiagara/extracted/rc/baja/SetStationUserPasswordStepFactory.js	skeleton		True
provisioningNiagara	nmodule/provisioningNiagara/rc/baja/SystemPassphraseEditor	2859	SKELETON-MATCH	provisioningNiagara/extracted/rc/baja/SystemPassphraseEditor.js	skeleton		True
provisioningNiagara	nmodule/provisioningNiagara/rc/baja/SetSystemPassphraseStepFactory	2266	SKELETON-MATCH	provisioningNiagara/extracted/rc/baja/SetSystemPassphraseStepFactory.js	skeleton		True
provisioningNiagara	nmodule/provisioningNiagara/rc/wb/fe/NtpServerEditor	4239	SKELETON-MATCH	provisioningNiagara/extracted/rc/wb/fe/NtpServerEditor.js	skeleton		True
provisioningNiagara	nmodule/provisioningNiagara/rc/wb/fe/NtpEditor	7641	SKELETON-MATCH	provisioningNiagara/extracted/rc/wb/fe/NtpEditor.js	skeleton		True
provisioningNiagara	nmodule/provisioningNiagara/rc/wb/fe/SetTimeEditor	3498	SKELETON-MATCH	provisioningNiagara/extracted/rc/wb/fe/SetTimeEditor.js	skeleton		True
provisioningNiagara	nmodule/provisioningNiagara/rc/baja/SetTimeStepFactory	2016	SKELETON-MATCH	provisioningNiagara/extracted/rc/baja/SetTimeStepFactory.js	skeleton		True
provisioningNiagara	nmodule/provisioningNiagara/rc/baja/SetTlsLevelFactory	1142	SKELETON-MATCH	provisioningNiagara/extracted/rc/baja/SetTlsLevelFactory.js	skeleton		True
provisioningNiagara	nmodule/provisioningNiagara/rc/baja/SetupReciprocalConnectionStepEditor	2129	SKELETON-MATCH	provisioningNiagara/extracted/rc/baja/SetupReciprocalConnectionStepEditor.js	skeleton		True
provisioningNiagara	nmodule/provisioningNiagara/rc/baja/SetupReciprocalConnectionStepFactory	962	SKELETON-MATCH	provisioningNiagara/extracted/rc/baja/SetupReciprocalConnectionStepFactory.js	skeleton		True
provisioningNiagara	nmodule/provisioningNiagara/rc/baja/SignCertEditor	4387	SKELETON-MATCH	provisioningNiagara/extracted/rc/baja/SignCertEditor.js	skeleton		True
provisioningNiagara	nmodule/provisioningNiagara/rc/baja/SignCertFactory	2763	SKELETON-MATCH	provisioningNiagara/extracted/rc/baja/SignCertFactory.js	skeleton		True
provisioningNiagara	nmodule/provisioningNiagara/rc/baja/software/InstallableSpecNode	496	SKELETON-MATCH	provisioningNiagara/extracted/rc/baja/software/InstallableSpecNode.js	skeleton		True
provisioningNiagara	nmodule/provisioningNiagara/rc/baja/software/InstallableSummaryNode	1120	SKELETON-MATCH	provisioningNiagara/extracted/rc/baja/software/InstallableSummaryNode.js	skeleton		True
provisioningNiagara	nmodule/provisioningNiagara/rc/baja/software/InstallSoftwareWidget	2709	SKELETON-MATCH	provisioningNiagara/extracted/rc/baja/software/InstallSoftwareWidget.js	skeleton		True
provisioningNiagara	nmodule/provisioningNiagara/rc/baja/software/SoftwareValidationStatusWidget	1204	SKELETON-MATCH	provisioningNiagara/extracted/rc/baja/software/SoftwareValidationStatusWidget.js	skeleton		True
provisioningNiagara	nmodule/provisioningNiagara/rc/baja/software/InstallSoftwareFactory	3019	SKELETON-MATCH	provisioningNiagara/extracted/rc/baja/software/InstallSoftwareFactory.js	skeleton		True
provisioningNiagara	nmodule/provisioningNiagara/rc/baja/UpdateConfigurationFactory	563	SKELETON-MATCH	provisioningNiagara/extracted/rc/baja/UpdateConfigurationFactory.js	skeleton		True
provisioningNiagara	nmodule/provisioningNiagara/rc/baja/UpdateLicensesStepFactory	1812	SKELETON-MATCH	provisioningNiagara/extracted/rc/baja/UpdateLicensesStepFactory.js	skeleton		True
provisioningNiagara	nmodule/provisioningNiagara/rc/baja/UpgradeApplicationFactory	395	SKELETON-MATCH	provisioningNiagara/extracted/rc/baja/UpgradeApplicationFactory.js	skeleton		True
provisioningNiagara	nmodule/provisioningNiagara/rc/baja/UpgradeOutOfDateFactory	622	SKELETON-MATCH	provisioningNiagara/extracted/rc/baja/UpgradeOutOfDateFactory.js	skeleton		True
provisioningNiagara	nmodule/provisioningNiagara/rc/baja/UpgradeTemplateFactory	386	SKELETON-MATCH	provisioningNiagara/extracted/rc/baja/UpgradeTemplateFactory.js	skeleton		True
provisioningNiagara	nmodule/provisioningNiagara/rc/wb/BackupStepUxDetailsView	993	SKELETON-MATCH	provisioningNiagara/extracted/rc/wb/BackupStepUxDetailsView.js	skeleton		True
provisioningNiagara	nmodule/provisioningNiagara/rc/wb/jobBuilder/CheckedNavTree	1752	SKELETON-MATCH	provisioningNiagara/extracted/rc/wb/jobBuilder/CheckedNavTree.js	skeleton		True
provisioningNiagara	nmodule/provisioningNiagara/rc/wb/jobBuilder/DeviceTree	2858	SKELETON-MATCH	provisioningNiagara/extracted/rc/wb/jobBuilder/DeviceTree.js	skeleton		True
provisioningNiagara	nmodule/provisioningNiagara/rc/wb/jobBuilder/ListWidget	4394	SKELETON-MATCH	provisioningNiagara/extracted/rc/wb/jobBuilder/ListWidget.js	skeleton		True
provisioningNiagara	nmodule/provisioningNiagara/rc/wb/jobBuilder/NiagaraNetworkJobEditor	13002	SKELETON-MATCH	provisioningNiagara/extracted/rc/wb/jobBuilder/NiagaraNetworkJobEditor.js	skeleton		True
provisioningNiagara	nmodule/provisioningNiagara/rc/wb/jobBuilder/NiagaraNetworkUxJobBuilder	1082	SKELETON-MATCH	provisioningNiagara/extracted/rc/wb/jobBuilder/NiagaraNetworkUxJobBuilder.js	skeleton		True
provisioningNiagara	nmodule/provisioningNiagara/rc/wb/jobBuilder/NiagaraNetworkUxPrototypeView	1866	SKELETON-MATCH	provisioningNiagara/extracted/rc/wb/jobBuilder/NiagaraNetworkUxPrototypeView.js	skeleton		True
provisioningNiagara	nmodule/provisioningNiagara/rc/wb/mgr/columns/PlatformConnectionPasswordColumn	675	SKELETON-MATCH	provisioningNiagara/extracted/rc/wb/mgr/columns/PlatformConnectionPasswordColumn.js	skeleton		True
provisioningNiagara	nmodule/provisioningNiagara/rc/wb/mgr/platformConnectionMgrAgent	979	SEMANTIC-MATCH	provisioningNiagara/extracted/rc/wb/mgr/platformConnectionMgrAgent.js	compress		True
provisioningNiagara	nmodule/provisioningNiagara/rc/wb/NiagaraNetworkUxJobList	352	SKELETON-MATCH	provisioningNiagara/extracted/rc/wb/NiagaraNetworkUxJobList.js	skeleton		True
provisioningNiagara	nmodule/provisioningNiagara/rc/wb/NiagaraNetworkUxJobView	456	SKELETON-MATCH	provisioningNiagara/extracted/rc/wb/NiagaraNetworkUxJobView.js	skeleton		True
rdb	nmodule/rdb/rc/fe/RdbmsColumnSelectionEditor	2329	SKELETON-MATCH	rdb/extracted/rc/fe/RdbmsColumnSelectionEditor.js	skeleton		True
rdb	nmodule/rdb/rc/model/RdbDeviceUxManagerModel	4227	SKELETON-MATCH	rdb/extracted/rc/model/RdbDeviceUxManagerModel.js	skeleton		True
rdb	nmodule/rdb/rc/mgr/RdbDeviceUxManager	533	SKELETON-MATCH	rdb/extracted/rc/mgr/RdbDeviceUxManager.js	skeleton		True
rdb	nmodule/rdb/rc/model/RdbHistoryExportModel	643	SKELETON-MATCH	rdb/extracted/rc/model/RdbHistoryExportModel.js	skeleton		True
rdb	nmodule/rdb/rc/mgr/RdbHistoryExportManager	978	SKELETON-MATCH	rdb/extracted/rc/mgr/RdbHistoryExportManager.js	skeleton		True
rdb	nmodule/rdb/rc/model/columns/RdbmsHistoryImportColumn	575	SKELETON-MATCH	rdb/extracted/rc/model/columns/RdbmsHistoryImportColumn.js	skeleton		True
rdb	nmodule/rdb/rc/model/RdbmsHistoryImportModel	2265	SKELETON-MATCH	rdb/extracted/rc/model/RdbmsHistoryImportModel.js	skeleton		True
rdb	nmodule/rdb/rc/model/RdbmsHistoryLearnModel	834	SKELETON-MATCH	rdb/extracted/rc/model/RdbmsHistoryLearnModel.js	skeleton		True
rdb	nmodule/rdb/rc/mgr/RdbmsHistoryImportUxManager	3790	SKELETON-MATCH	rdb/extracted/rc/mgr/RdbmsHistoryImportUxManager.js	skeleton		True
rdbMySQL	nmodule/rdbMySQL/rc/history/MySQLHistoryExportUxManager	656	SKELETON-MATCH	rdbMySQL/extracted/rc/history/MySQLHistoryExportUxManager.js	skeleton		True
rdbSqlServer	nmodule/rdbSqlServer/rc/history/SqlServerHistoryExportUxManager	688	SKELETON-MATCH	rdbSqlServer/extracted/rc/history/SqlServerHistoryExportUxManager.js	skeleton		True
report	nmodule/report/rc/baja/ExportSourceInfo	2011	SKELETON-MATCH	report/extracted/rc/baja/ExportSourceInfo.js	skeleton		True
report	nmodule/report/rc/fe/ExportSourceInfoEditor	5364	SKELETON-MATCH	report/extracted/rc/fe/ExportSourceInfoEditor.js	skeleton		True
report	nmodule/report/rc/fe/GridColumn	1099	SEMANTIC-MATCH	report/extracted/rc/fe/GridColumn.js	uglify-expr		True
report	nmodule/report/rc/fe/GridPaginationHandler	2505	SKELETON-MATCH	report/extracted/rc/fe/GridPaginationHandler.js	skeleton		True
report	nmodule/report/rc/fe/GridPaginationModel	551	SEMANTIC-MATCH	report/extracted/rc/fe/GridPaginationModel.js	uglify-expr		True
report	hbs!nmodule/report/rc/fe/templates/GridTableContainer	507	HBS-RECOMPILE-MATCH	report/extracted/rc/fe/templates/GridTableContainer.hbs			
report	nmodule/report/rc/fe/GridTableContainer	8106	SKELETON-MATCH	report/extracted/rc/fe/GridTableContainer.js	skeleton		True
report	nmodule/report/rc/fe/ReportPane	1035	SKELETON-MATCH	report/extracted/rc/fe/ReportPane.js	skeleton		True
report	nmodule/report/rc/fe/SectionHeader	407	SKELETON-MATCH	report/extracted/rc/fe/SectionHeader.js	skeleton		True
saml	nmodule/saml/rc/fe/BooleanCheckboxEditor	1510	SEMANTIC-MATCH	saml/extracted/rc/fe/BooleanCheckboxEditor.js	uglify-expr		True
saml	nmodule/saml/rc/fe/SelectedMgrColumn	885	SKELETON-MATCH	saml/extracted/rc/fe/SelectedMgrColumn.js	skeleton		True
saml	nmodule/saml/rc/util/circleOfTrustUtils	1179	SEMANTIC-MATCH	saml/extracted/rc/util/circleOfTrustUtils.js	compress		True
saml	nmodule/saml/rc/util/AddPrototypeCommand	1123	SKELETON-MATCH	saml/extracted/rc/util/AddPrototypeCommand.js	skeleton		True
saml	nmodule/saml/rc/util/AddStationCommand	2751	SKELETON-MATCH	saml/extracted/rc/util/AddStationCommand.js	skeleton		True
saml	nmodule/saml/rc/util/EditPrototypeCommand	1426	SKELETON-MATCH	saml/extracted/rc/util/EditPrototypeCommand.js	skeleton		True
saml	nmodule/saml/rc/util/EditStationCommand	1828	SKELETON-MATCH	saml/extracted/rc/util/EditStationCommand.js	skeleton		True
saml	nmodule/saml/rc/util/DeletePrototypeCommand	641	SKELETON-MATCH	saml/extracted/rc/util/DeletePrototypeCommand.js	skeleton		True
saml	nmodule/saml/rc/util/DeleteStationCommand	1222	SKELETON-MATCH	saml/extracted/rc/util/DeleteStationCommand.js	skeleton		True
saml	nmodule/saml/rc/fe/CircleOfTrustManager	13197	SKELETON-MATCH	saml/extracted/rc/fe/CircleOfTrustManager.js	skeleton		True
saml	nmodule/saml/rc/fe/CircleOfTrustPropertySheet	375	SKELETON-MATCH	saml/extracted/rc/fe/CircleOfTrustPropertySheet.js	skeleton		True
saml	nmodule/saml/rc/fe/CircleOfTrustTabsWidget	5610	SKELETON-MATCH	saml/extracted/rc/fe/CircleOfTrustTabsWidget.js	skeleton		True
saml	nmodule/saml/rc/fe/CircleOfTrustEditor	1991	SKELETON-MATCH	saml/extracted/rc/fe/CircleOfTrustEditor.js	skeleton		True
saml	nmodule/saml/rc/fe/CircleOfTrustMgrModel	724	SKELETON-MATCH	saml/extracted/rc/fe/CircleOfTrustMgrModel.js	skeleton		True
saml	nmodule/saml/rc/fe/samlCoTPrototypesMgrAgent	614	SKELETON-MATCH	saml/extracted/rc/fe/samlCoTPrototypesMgrAgent.js	skeleton		True
saml	nmodule/saml/rc/util/UserCOTPrototypesEditor	2506	SEMANTIC-MATCH	saml/extracted/rc/util/UserCOTPrototypesEditor.js	uglify-expr		True
schedule	nmodule/schedule/rc/servlets/ssc	1395	SEMANTIC-MATCH	schedule/extracted/rc/servlets/ssc.js	compress		True
schedule	nmodule/schedule/rc/model/TimeOfDay	1610	SKELETON-MATCH	schedule/extracted/rc/model/TimeOfDay.js	skeleton		True
schedule	nmodule/schedule/rc/util/scheduleUtils	4176	SKELETON-MATCH	schedule/extracted/rc/util/scheduleUtils.js	skeleton		True
schedule	nmodule/schedule/rc/baja/fe/ActiveDatesCalendar	5870	SKELETON-MATCH	schedule/extracted/rc/baja/fe/ActiveDatesCalendar.js	skeleton		True
schedule	nmodule/schedule/rc/fe/templates	479	SEMANTIC-MATCH	schedule/extracted/rc/fe/templates.js	uglify-expr		True
schedule	nmodule/schedule/rc/baja/fe/TimeScheduleEditor	2084	SEMANTIC-MATCH	schedule/extracted/rc/baja/fe/TimeScheduleEditor.js	uglify-expr		True
schedule	nmodule/schedule/rc/model/ScheduleBlock	1246	SEMANTIC-MATCH	schedule/extracted/rc/model/ScheduleBlock.js	uglify-expr		True
schedule	nmodule/schedule/rc/model/DaySchedule	578	SEMANTIC-MATCH	schedule/extracted/rc/model/DaySchedule.js	compress		True
schedule	nmodule/schedule/rc/model/WeekSchedule	319	SEMANTIC-MATCH	schedule/extracted/rc/model/WeekSchedule.js	compress		True
schedule	nmodule/schedule/rc/baja/model/ScheduleTranslator	2823	SEMANTIC-MATCH	schedule/extracted/rc/baja/model/ScheduleTranslator.js	uglify-expr		True
schedule	nmodule/schedule/rc/baja/util/scheduleColorUtils	1844	SKELETON-MATCH	schedule/extracted/rc/baja/util/scheduleColorUtils.js	skeleton		True
schedule	nmodule/schedule/rc/fe/ScheduleBlockEditor	1948	SEMANTIC-MATCH	schedule/extracted/rc/fe/ScheduleBlockEditor.js	uglify-expr		True
schedule	nmodule/schedule/rc/util/enclosingPoint	479	SEMANTIC-MATCH	schedule/extracted/rc/util/enclosingPoint.js	compress		True
schedule	nmodule/schedule/rc/util/time	483	SKELETON-MATCH	schedule/extracted/rc/util/time.js	skeleton		True
schedule	nmodule/schedule/rc/fe/mixin/DayEditorDragSupport	6024	SKELETON-MATCH	schedule/extracted/rc/fe/mixin/DayEditorDragSupport.js	skeleton		True
schedule	nmodule/schedule/rc/fe/DayEditor	7463	SKELETON-MATCH	schedule/extracted/rc/fe/DayEditor.js	skeleton		True
schedule	nmodule/schedule/rc/baja/fe/BajaDayEditor	3317	SEMANTIC-MATCH	schedule/extracted/rc/baja/fe/BajaDayEditor.js	uglify-expr		True
schedule	nmodule/schedule/rc/baja/fe/ScheduleEnumSetEditor	1735	SKELETON-MATCH	schedule/extracted/rc/baja/fe/ScheduleEnumSetEditor.js	skeleton		True
schedule	nmodule/schedule/rc/baja/fe/DayOfMonthScheduleEnumSetEditor	667	SEMANTIC-MATCH	schedule/extracted/rc/baja/fe/DayOfMonthScheduleEnumSetEditor.js	uglify-expr		True
schedule	nmodule/schedule/rc/baja/fe/MonthScheduleEnumSetEditor	647	SEMANTIC-MATCH	schedule/extracted/rc/baja/fe/MonthScheduleEnumSetEditor.js	uglify-expr		True
schedule	nmodule/schedule/rc/baja/fe/WeekdayScheduleEnumSetEditor	491	SEMANTIC-MATCH	schedule/extracted/rc/baja/fe/WeekdayScheduleEnumSetEditor.js	uglify-expr		True
schedule	nmodule/schedule/rc/baja/fe/YearScheduleEditor	1286	SEMANTIC-MATCH	schedule/extracted/rc/baja/fe/YearScheduleEditor.js	uglify-expr		True
schedule	nmodule/schedule/rc/baja/fe/DateScheduleEditor	3125	SEMANTIC-MATCH	schedule/extracted/rc/baja/fe/DateScheduleEditor.js	uglify-expr		True
schedule	nmodule/schedule/rc/baja/fe/WeeklySchedulePropertiesBar	5459	SEMANTIC-MATCH	schedule/extracted/rc/baja/fe/WeeklySchedulePropertiesBar.js	uglify-expr		True
schedule	nmodule/schedule/rc/baja/util/bindDayEditorToTimeSchedule	1789	SKELETON-MATCH	schedule/extracted/rc/baja/util/bindDayEditorToTimeSchedule.js	skeleton		True
schedule	nmodule/schedule/rc/fe/WeekEditor	3558	SEMANTIC-MATCH	schedule/extracted/rc/fe/WeekEditor.js	uglify-expr		True
schedule	nmodule/schedule/rc/baja/fe/BajaWeekEditor	5172	SEMANTIC-MATCH	schedule/extracted/rc/baja/fe/BajaWeekEditor.js	uglify-expr		True
schedule	nmodule/schedule/rc/baja/fe/WeekOfMonthScheduleEnumSetEditor	481	SEMANTIC-MATCH	schedule/extracted/rc/baja/fe/WeekOfMonthScheduleEnumSetEditor.js	uglify-expr		True
schedule	nmodule/schedule/rc/baja/fe/CustomScheduleEditor	1714	SEMANTIC-MATCH	schedule/extracted/rc/baja/fe/CustomScheduleEditor.js	uglify-expr		True
schedule	nmodule/schedule/rc/baja/fe/DateRangeScheduleEditor	816	SEMANTIC-MATCH	schedule/extracted/rc/baja/fe/DateRangeScheduleEditor.js	uglify-expr		True
schedule	nmodule/schedule/rc/baja/fe/EnumSetScheduleEditor	1061	SEMANTIC-MATCH	schedule/extracted/rc/baja/fe/EnumSetScheduleEditor.js	uglify-expr		True
schedule	nmodule/schedule/rc/baja/fe/ReferenceScheduleOrdEditor	1542	SEMANTIC-MATCH	schedule/extracted/rc/baja/fe/ReferenceScheduleOrdEditor.js	uglify-expr		True
schedule	nmodule/schedule/rc/baja/fe/TimeScheduleTableModel	1488	SEMANTIC-MATCH	schedule/extracted/rc/baja/fe/TimeScheduleTableModel.js	uglify-expr		True
schedule	nmodule/schedule/rc/baja/fe/TriggerTimesToAddEditor	2371	SEMANTIC-MATCH	schedule/extracted/rc/baja/fe/TriggerTimesToAddEditor.js	uglify-expr		True
schedule	nmodule/schedule/rc/baja/fe/TriggerDayEditor	3341	SEMANTIC-MATCH	schedule/extracted/rc/baja/fe/TriggerDayEditor.js	uglify-expr		True
schedule	nmodule/schedule/rc/baja/fe/WeekAndDayScheduleEditor	1325	SEMANTIC-MATCH	schedule/extracted/rc/baja/fe/WeekAndDayScheduleEditor.js	uglify-expr		True
schedule	nmodule/schedule/rc/baja/types/BooleanScheduleSelector	345	SKELETON-MATCH	schedule/extracted/rc/baja/types/BooleanScheduleSelector.js	skeleton		True
schedule	nmodule/schedule/rc/baja/types/ControlSchedule	463	SKELETON-MATCH	schedule/extracted/rc/baja/types/ControlSchedule.js	skeleton		True
schedule	nmodule/schedule/rc/baja/types/EnumScheduleSelector	342	SKELETON-MATCH	schedule/extracted/rc/baja/types/EnumScheduleSelector.js	skeleton		True
schedule	nmodule/schedule/rc/baja/types/NumericScheduleSelector	345	SKELETON-MATCH	schedule/extracted/rc/baja/types/NumericScheduleSelector.js	skeleton		True
schedule	nmodule/schedule/rc/baja/types/StringScheduleSelector	344	SKELETON-MATCH	schedule/extracted/rc/baja/types/StringScheduleSelector.js	skeleton		True
schedule	nmodule/schedule/rc/fe/AbstractScheduleSelector	4481	SEMANTIC-MATCH	schedule/extracted/rc/fe/AbstractScheduleSelector.js	uglify-expr		True
schedule	nmodule/schedule/rc/fe/menu/CalendarEventsContextMenu	501	SEMANTIC-MATCH	schedule/extracted/rc/fe/menu/CalendarEventsContextMenu.js	uglify-expr		True
schedule	nmodule/schedule/rc/fe/CalendarEventsEditor	10412	SKELETON-MATCH	schedule/extracted/rc/fe/CalendarEventsEditor.js	skeleton		True
schedule	nmodule/schedule/rc/baja/wb/TriggerScheduler	3119	SEMANTIC-MATCH	schedule/extracted/rc/baja/wb/TriggerScheduler.js	uglify-expr		True
schedule	nmodule/schedule/rc/fe/CalendarScheduler	2577	SEMANTIC-MATCH	schedule/extracted/rc/fe/CalendarScheduler.js	uglify-expr		True
schedule	nmodule/schedule/rc/fe/menu/DayScheduleContextMenu	752	SEMANTIC-MATCH	schedule/extracted/rc/fe/menu/DayScheduleContextMenu.js	uglify-expr		True
schedule	nmodule/schedule/rc/fe/menu/WeekScheduleContextMenu	1353	SEMANTIC-MATCH	schedule/extracted/rc/fe/menu/WeekScheduleContextMenu.js	uglify-expr		True
schedule	nmodule/schedule/rc/fe/ScheduleSummaryView	2845	SEMANTIC-MATCH	schedule/extracted/rc/fe/ScheduleSummaryView.js	uglify-expr		True
schedule	nmodule/schedule/rc/fe/SpecialEventsEditor	6191	SEMANTIC-MATCH	schedule/extracted/rc/fe/SpecialEventsEditor.js	uglify-expr		True
schedule	nmodule/schedule/rc/fe/Scheduler	6655	SEMANTIC-MATCH	schedule/extracted/rc/fe/Scheduler.js	uglify-expr		True
schedule	nmodule/schedule/rc/fe/WeeklyScheduleEditor	3270	SEMANTIC-MATCH	schedule/extracted/rc/fe/WeeklyScheduleEditor.js	uglify-expr		True
schedule	nmodule/schedule/rc/util/ScheduleI18NProvider	315	SEMANTIC-MATCH	schedule/extracted/rc/util/ScheduleI18NProvider.js	uglify-expr		True
search	hbs!nmodule/search/rc/template/SearchWidget-settings	2308	HBS-RECOMPILE-MATCH	search/extracted/rc/template/SearchWidget-settings.hbs			
search	nmodule/search/rc/command/SettingsCommand	1451	SKELETON-MATCH	search/extracted/rc/command/SettingsCommand.js	skeleton		True
search	hbs!nmodule/search/rc/template/DefaultSearchResultsWidget-content	406	HBS-RECOMPILE-MATCH	search/extracted/rc/template/DefaultSearchResultsWidget-content.hbs			
search	nmodule/search/rc/DefaultSearchResultsWidget	10124	SKELETON-MATCH	search/extracted/rc/DefaultSearchResultsWidget.js	skeleton		True
search	hbs!nmodule/search/rc/template/DefaultSearchResultsCompactWidget-expandAll	1611	HBS-RECOMPILE-MATCH	search/extracted/rc/template/DefaultSearchResultsCompactWidget-expandAll.hbs			
search	hbs!nmodule/search/rc/template/DefaultSearchResultsCompactWidget-result	9078	HBS-RECOMPILE-MATCH	search/extracted/rc/template/DefaultSearchResultsCompactWidget-result.hbs			
search	nmodule/search/rc/DefaultSearchResultsCompactWidget	2193	SEMANTIC-MATCH	search/extracted/rc/DefaultSearchResultsCompactWidget.js	uglify-expr		True
search	hbs!nmodule/search/rc/template/QuickSearchWidget-structure	825	HBS-RECOMPILE-MATCH	search/extracted/rc/template/QuickSearchWidget-structure.hbs			
search	nmodule/search/rc/QuickSearchWidget	1022	SKELETON-MATCH	search/extracted/rc/QuickSearchWidget.js	skeleton		True
search	nmodule/search/rc/SearchScope	1462	SKELETON-MATCH	search/extracted/rc/SearchScope.js	skeleton		True
search	hbs!nmodule/search/rc/template/SearchWidget-structure	4285	HBS-RECOMPILE-MATCH	search/extracted/rc/template/SearchWidget-structure.hbs			
search	hbs!nmodule/search/rc/template/SearchWidget-progress	1219	HBS-RECOMPILE-MATCH	search/extracted/rc/template/SearchWidget-progress.hbs			
search	nmodule/search/rc/SearchWidget	14531	SKELETON-MATCH	search/extracted/rc/SearchWidget.js	skeleton		True
seriesTransform	nmodule/seriesTransform/rc/SeriesTransformSeries	1868	SKELETON-MATCH	seriesTransform/extracted/rc/SeriesTransformSeries.js	skeleton		True
seriesTransform	nmodule/seriesTransform/rc/SeriesTransformFactory	347	SEMANTIC-MATCH	seriesTransform/extracted/rc/SeriesTransformFactory.js	uglify-expr		True
signingService	nmodule/signingService/rc/signingServiceUtil	506	SEMANTIC-MATCH	signingService/extracted/rc/signingServiceUtil.js	uglify-expr		True
signingService	nmodule/signingService/rc/wb/mgr/column/MetadataColumn	758	SKELETON-MATCH	signingService/extracted/rc/wb/mgr/column/MetadataColumn.js	skeleton		True
signingService	nmodule/signingService/rc/wb/mgr/column/ProfileColumn	584	SKELETON-MATCH	signingService/extracted/rc/wb/mgr/column/ProfileColumn.js	skeleton		True
signingService	hbs!nmodule/signingService/rc/wb/mgr/command/ApproveTpl	1044	HBS-RECOMPILE-MATCH	signingService/extracted/rc/wb/mgr/command/ApproveTpl.hbs			
signingService	nmodule/signingService/rc/wb/mgr/command/ApproveCommand	2127	SKELETON-MATCH	signingService/extracted/rc/wb/mgr/command/ApproveCommand.js	skeleton		True
signingService	nmodule/signingService/rc/wb/mgr/command/RejectCommand	1567	SKELETON-MATCH	signingService/extracted/rc/wb/mgr/command/RejectCommand.js	skeleton		True
signingService	nmodule/signingService/rc/wb/mgr/model/SessionTokenMgrModel	414	SKELETON-MATCH	signingService/extracted/rc/wb/mgr/model/SessionTokenMgrModel.js	skeleton		True
signingService	nmodule/signingService/rc/wb/mgr/SessionTokenManager	3884	SKELETON-MATCH	signingService/extracted/rc/wb/mgr/SessionTokenManager.js	skeleton		True
smartTableHx	nmodule/smartTableHx/rc/color	52	STUB-OR-VENDOR-WRAPPER	smartTableHx/extracted/rc/color.js			
smartTableHx	nmodule/smartTableHx/rc/join	51	STUB-OR-VENDOR-WRAPPER	smartTableHx/extracted/rc/join.js			
smartTableHx	nmodule/smartTableHx/rc/save	51	STUB-OR-VENDOR-WRAPPER	smartTableHx/extracted/rc/save.js			
smartTableHx	nmodule/smartTableHx/rc/smartTable	57	STUB-OR-VENDOR-WRAPPER	smartTableHx/extracted/rc/smartTable.js			
smartTableHx	nmodule/smartTableHx/rc/tab	50	STUB-OR-VENDOR-WRAPPER	smartTableHx/extracted/rc/tab.js			
tagdictionary	nmodule/tagdictionary/rc/column/RelationIconColumn	467	SKELETON-MATCH	tagdictionary/extracted/rc/column/RelationIconColumn.js	skeleton		True
tagdictionary	nmodule/tagdictionary/rc/column/RelationPropertyColumn	982	SKELETON-MATCH	tagdictionary/extracted/rc/column/RelationPropertyColumn.js	skeleton		True
tagdictionary	nmodule/tagdictionary/rc/taginfo/BaseTagInfoMixin	1249	SEMANTIC-MATCH	tagdictionary/extracted/rc/taginfo/BaseTagInfoMixin.js	compress		True
tagdictionary	nmodule/tagdictionary/rc/taginfo/TagInfoMixin	248	SEMANTIC-MATCH	tagdictionary/extracted/rc/taginfo/TagInfoMixin.js	uglify-expr		True
tagdictionary	nmodule/tagdictionary/rc/taginfo/TagGroupInfoMixin	340	SEMANTIC-MATCH	tagdictionary/extracted/rc/taginfo/TagGroupInfoMixin.js	uglify-expr		True
tagdictionary	nmodule/tagdictionary/rc/util/rpcUtil	1300	SKELETON-MATCH	tagdictionary/extracted/rc/util/rpcUtil.js	skeleton		True
tagdictionary	nmodule/tagdictionary/rc/column/TagIdColumn	568	SEMANTIC-MATCH	tagdictionary/extracted/rc/column/TagIdColumn.js	uglify-expr		True
tagdictionary	nmodule/tagdictionary/rc/column/TagNameColumn	567	SEMANTIC-MATCH	tagdictionary/extracted/rc/column/TagNameColumn.js	uglify-expr		True
tagdictionary	nmodule/tagdictionary/rc/column/TagValueColumn	1487	SEMANTIC-MATCH	tagdictionary/extracted/rc/column/TagValueColumn.js	uglify-expr		True
tagdictionary	nmodule/tagdictionary/rc/column/TagTypeColumn	694	SEMANTIC-MATCH	tagdictionary/extracted/rc/column/TagTypeColumn.js	uglify-expr		True
tagdictionary	hbs!nmodule/tagdictionary/rc/template/ManagerWrapper	723	HBS-RECOMPILE-MATCH	tagdictionary/extracted/rc/template/ManagerWrapper.hbs			
tagdictionary	hbs!nmodule/tagdictionary/rc/template/MgrHorizontalSplitPane	2067	HBS-RECOMPILE-MATCH	tagdictionary/extracted/rc/template/MgrHorizontalSplitPane.hbs			
tagdictionary	hbs!nmodule/tagdictionary/rc/template/TagMgrVerticalSplitPane	1628	HBS-RECOMPILE-MATCH	tagdictionary/extracted/rc/template/TagMgrVerticalSplitPane.hbs			
tagdictionary	nmodule/tagdictionary/rc/util/taggingUtil	7951	SKELETON-MATCH	tagdictionary/extracted/rc/util/taggingUtil.js	skeleton		True
tagdictionary	nmodule/tagdictionary/rc/commands/AddTagCommand	3512	SKELETON-MATCH	tagdictionary/extracted/rc/commands/AddTagCommand.js	skeleton		True
tagdictionary	nmodule/tagdictionary/rc/commands/EditTagCommand	4595	SKELETON-MATCH	tagdictionary/extracted/rc/commands/EditTagCommand.js	skeleton		True
tagdictionary	nmodule/tagdictionary/rc/commands/DeleteTagCommand	2640	SKELETON-MATCH	tagdictionary/extracted/rc/commands/DeleteTagCommand.js	skeleton		True
tagdictionary	nmodule/tagdictionary/rc/commands/RemoveComponentCommand	417	SEMANTIC-MATCH	tagdictionary/extracted/rc/commands/RemoveComponentCommand.js	uglify-expr		True
tagdictionary	nmodule/tagdictionary/rc/filter/AvailableTagFilter	3881	SEMANTIC-MATCH	tagdictionary/extracted/rc/filter/AvailableTagFilter.js	uglify-expr		True
tagdictionary	nmodule/tagdictionary/rc/filter/ComponentTagFilter	1851	SEMANTIC-MATCH	tagdictionary/extracted/rc/filter/ComponentTagFilter.js	uglify-expr		True
tagdictionary	nmodule/tagdictionary/rc/model/ComponentTagModel	3360	SEMANTIC-MATCH	tagdictionary/extracted/rc/model/ComponentTagModel.js	uglify-expr		True
tagdictionary	nmodule/tagdictionary/rc/model/AvailableTagModel	3053	SKELETON-MATCH	tagdictionary/extracted/rc/model/AvailableTagModel.js	skeleton		True
tagdictionary	nmodule/tagdictionary/rc/model/SelectedComponentsModel	2067	SEMANTIC-MATCH	tagdictionary/extracted/rc/model/SelectedComponentsModel.js	uglify-expr		True
tagdictionary	nmodule/tagdictionary/rc/util/SelectedComponentsTableSupport	4963	SEMANTIC-MATCH	tagdictionary/extracted/rc/util/SelectedComponentsTableSupport.js	uglify-expr		True
tagdictionary	nmodule/tagdictionary/rc/TagUxManager	11577	SEMANTIC-MATCH	tagdictionary/extracted/rc/TagUxManager.js	uglify-expr		True
tagdictionary	nmodule/tagdictionary/rc/commands/TagManagerCommand	1334	SEMANTIC-MATCH	tagdictionary/extracted/rc/commands/TagManagerCommand.js	uglify-expr		True
tagdictionary	nmodule/tagdictionary/rc/util/relationUtil	5688	SKELETON-MATCH	tagdictionary/extracted/rc/util/relationUtil.js	skeleton		True
tagdictionary	nmodule/tagdictionary/rc/column/RelationTagsColumn	1235	SKELETON-MATCH	tagdictionary/extracted/rc/column/RelationTagsColumn.js	skeleton		True
tagdictionary	nmodule/tagdictionary/rc/column/RelationTypeEnumColumn	470	SKELETON-MATCH	tagdictionary/extracted/rc/column/RelationTypeEnumColumn.js	skeleton		True
tagdictionary	nmodule/tagdictionary/rc/commands/AddRelationCommand	2161	SKELETON-MATCH	tagdictionary/extracted/rc/commands/AddRelationCommand.js	skeleton		True
tagdictionary	nmodule/tagdictionary/rc/commands/DeleteRelationCommand	1989	SKELETON-MATCH	tagdictionary/extracted/rc/commands/DeleteRelationCommand.js	skeleton		True
tagdictionary	nmodule/tagdictionary/rc/commands/EditRelationCommand	1678	SKELETON-MATCH	tagdictionary/extracted/rc/commands/EditRelationCommand.js	skeleton		True
tagdictionary	nmodule/tagdictionary/rc/filter/RelationFilter	3706	SKELETON-MATCH	tagdictionary/extracted/rc/filter/RelationFilter.js	skeleton		True
tagdictionary	nmodule/tagdictionary/rc/model/RelationRow	476	SKELETON-MATCH	tagdictionary/extracted/rc/model/RelationRow.js	skeleton		True
tagdictionary	nmodule/tagdictionary/rc/model/RelationModel	3114	SKELETON-MATCH	tagdictionary/extracted/rc/model/RelationModel.js	skeleton		True
tagdictionary	nmodule/tagdictionary/rc/RelationIdEditor	1655	SKELETON-MATCH	tagdictionary/extracted/rc/RelationIdEditor.js	skeleton		True
tagdictionary	nmodule/tagdictionary/rc/util/visNetworkUtil	5485	SKELETON-MATCH	tagdictionary/extracted/rc/util/visNetworkUtil.js	skeleton		True
tagdictionary	hbs!nmodule/tagdictionary/rc/template/RelationManager	2196	HBS-RECOMPILE-MATCH	tagdictionary/extracted/rc/template/RelationManager.hbs			
tagdictionary	nmodule/tagdictionary/rc/RelationManager	5180	SKELETON-MATCH	tagdictionary/extracted/rc/RelationManager.js	skeleton		True
totpAuth	nmodule/totpAuth/ext/qrcode-generator/qrcode	59	STUB-OR-VENDOR-WRAPPER	totpAuth/extracted/ext/qrcode-generator/qrcode.js			
totpAuth	nmodule/totpAuth/ext/forge/forge.min	51	STUB-OR-VENDOR-WRAPPER	totpAuth/extracted/ext/forge/forge.min.js			
totpAuth	hbs!nmodule/totpAuth/rc/template/TotpSecretKeyEditor	726	HBS-RECOMPILE-MATCH	totpAuth/extracted/rc/template/TotpSecretKeyEditor.hbs			
totpAuth	hbs!nmodule/totpAuth/rc/template/TotpSecretKeyEditor-confirm	686	HBS-RECOMPILE-MATCH	totpAuth/extracted/rc/template/TotpSecretKeyEditor-confirm.hbs			
totpAuth	hbs!nmodule/totpAuth/rc/template/TotpSecretKeyEditor-qrcode	1229	HBS-RECOMPILE-MATCH	totpAuth/extracted/rc/template/TotpSecretKeyEditor-qrcode.hbs			
totpAuth	hbs!nmodule/totpAuth/rc/template/TotpSecretKeyEditor-verify	1288	HBS-RECOMPILE-MATCH	totpAuth/extracted/rc/template/TotpSecretKeyEditor-verify.hbs			
totpAuth	nmodule/totpAuth/rc/TotpSecretKeyEditor	4697	SKELETON-MATCH	totpAuth/extracted/rc/TotpSecretKeyEditor.js	skeleton		True
uxBuilder	nmodule/uxBuilder/rc/fe/ActionArgEditor	2389	SKELETON-MATCH	uxBuilder/extracted/rc/fe/ActionArgEditor.js	skeleton		True
uxBuilder	nmodule/uxBuilder/rc/fe/BoundOrdReplaceEditor	4812	SKELETON-MATCH	uxBuilder/extracted/rc/fe/BoundOrdReplaceEditor.js	skeleton		True
uxBuilder	nmodule/uxBuilder/rc/fe/VariablesEditor	1382	SKELETON-MATCH	uxBuilder/extracted/rc/fe/VariablesEditor.js	skeleton		True
uxBuilder	nmodule/uxBuilder/rc/fe/WidgetEventEditor	1876	SKELETON-MATCH	uxBuilder/extracted/rc/fe/WidgetEventEditor.js	skeleton		True
uxBuilder	nmodule/uxBuilder/rc/fe/WidgetPropertyEditor	521	SKELETON-MATCH	uxBuilder/extracted/rc/fe/WidgetPropertyEditor.js	skeleton		True
uxBuilder	nmodule/uxBuilder/rc/ux/make/mwUtils	1767	SEMANTIC-MATCH	uxBuilder/extracted/rc/ux/make/mwUtils.js	compress		True
uxBuilder	nmodule/uxBuilder/rc/ux/model/UxModelTreeNodeEnvelope	2740	SKELETON-MATCH	uxBuilder/extracted/rc/ux/model/UxModelTreeNodeEnvelope.js	skeleton		True
uxBuilder	nmodule/uxBuilder/rc/util/uxBuilderUtils	25975	SKELETON-MATCH	uxBuilder/extracted/rc/util/uxBuilderUtils.js	skeleton		True
uxBuilder	nmodule/uxBuilder/rc/ux/commands/AddPaneCommand	2112	SKELETON-MATCH	uxBuilder/extracted/rc/ux/commands/AddPaneCommand.js	skeleton		True
uxBuilder	nmodule/uxBuilder/rc/ux/UxBuilderOptions	2540	SKELETON-MATCH	uxBuilder/extracted/rc/ux/UxBuilderOptions.js	skeleton		True
uxBuilder	nmodule/uxBuilder/rc/util/uxBuilderEvents	325	SEMANTIC-MATCH	uxBuilder/extracted/rc/util/uxBuilderEvents.js	compress		True
uxBuilder	nmodule/uxBuilder/rc/util/uxModelUtils	1303	SEMANTIC-MATCH	uxBuilder/extracted/rc/util/uxModelUtils.js	uglify-expr		True
uxBuilder	nmodule/uxBuilder/rc/ux/commands/ReplaceUxModelCommand	3020	SKELETON-MATCH	uxBuilder/extracted/rc/ux/commands/ReplaceUxModelCommand.js	skeleton		True
uxBuilder	nmodule/uxBuilder/rc/ux/factory/UxModelFactory	1189	SKELETON-MATCH	uxBuilder/extracted/rc/ux/factory/UxModelFactory.js	skeleton		True
uxBuilder	nmodule/uxBuilder/rc/ux/factory/impl/WidgetNodesToUxModelFactory	1728	SKELETON-MATCH	uxBuilder/extracted/rc/ux/factory/impl/WidgetNodesToUxModelFactory.js	skeleton		True
uxBuilder	nmodule/uxBuilder/rc/ux/model/UxBuilderEditContext	442	SKELETON-MATCH	uxBuilder/extracted/rc/ux/model/UxBuilderEditContext.js	skeleton		True
uxBuilder	nmodule/uxBuilder/rc/ux/model/UxModelTreeNode	14057	SKELETON-MATCH	uxBuilder/extracted/rc/ux/model/UxModelTreeNode.js	skeleton		True
uxBuilder	nmodule/uxBuilder/rc/ux/commands/AddBorderCommand	1333	SKELETON-MATCH	uxBuilder/extracted/rc/ux/commands/AddBorderCommand.js	skeleton		True
uxBuilder	nmodule/uxBuilder/rc/ux/commands/AddResponsivePaneCommand	1278	SKELETON-MATCH	uxBuilder/extracted/rc/ux/commands/AddResponsivePaneCommand.js	skeleton		True
uxBuilder	nmodule/uxBuilder/rc/ux/commands/DeleteUxModelCommand	1914	SKELETON-MATCH	uxBuilder/extracted/rc/ux/commands/DeleteUxModelCommand.js	skeleton		True
uxBuilder	nmodule/uxBuilder/rc/util/wysiwygUtils	6408	SKELETON-MATCH	uxBuilder/extracted/rc/util/wysiwygUtils.js	skeleton		True
uxBuilder	nmodule/uxBuilder/rc/ux/commands/DuplicateUxModelCommand	3155	SKELETON-MATCH	uxBuilder/extracted/rc/ux/commands/DuplicateUxModelCommand.js	skeleton		True
uxBuilder	nmodule/uxBuilder/rc/ux/commands/PreferredSizeCommand	2138	SKELETON-MATCH	uxBuilder/extracted/rc/ux/commands/PreferredSizeCommand.js	skeleton		True
uxBuilder	nmodule/uxBuilder/rc/ux/commands/RemovePaneCommand	1998	SKELETON-MATCH	uxBuilder/extracted/rc/ux/commands/RemovePaneCommand.js	skeleton		True
uxBuilder	nmodule/uxBuilder/rc/ux/commands/RemoveBorderCommand	905	SKELETON-MATCH	uxBuilder/extracted/rc/ux/commands/RemoveBorderCommand.js	skeleton		True
uxBuilder	nmodule/uxBuilder/rc/ux/commands/RemoveResponsivePaneCommand	929	SKELETON-MATCH	uxBuilder/extracted/rc/ux/commands/RemoveResponsivePaneCommand.js	skeleton		True
uxBuilder	nmodule/uxBuilder/rc/ux/commands/RenameTreeNodeCommand	1211	SKELETON-MATCH	uxBuilder/extracted/rc/ux/commands/RenameTreeNodeCommand.js	skeleton		True
uxBuilder	nmodule/uxBuilder/rc/ux/commands/align/AbstractAlignCommand	2472	SKELETON-MATCH	uxBuilder/extracted/rc/ux/commands/align/AbstractAlignCommand.js	skeleton		True
uxBuilder	nmodule/uxBuilder/rc/ux/commands/align/AlignBottomCommand	1008	SKELETON-MATCH	uxBuilder/extracted/rc/ux/commands/align/AlignBottomCommand.js	skeleton		True
uxBuilder	nmodule/uxBuilder/rc/ux/commands/align/AlignCenterHorizontallyCommand	1123	SKELETON-MATCH	uxBuilder/extracted/rc/ux/commands/align/AlignCenterHorizontallyCommand.js	skeleton		True
uxBuilder	nmodule/uxBuilder/rc/ux/commands/align/AlignCenterVerticallyCommand	1121	SKELETON-MATCH	uxBuilder/extracted/rc/ux/commands/align/AlignCenterVerticallyCommand.js	skeleton		True
uxBuilder	nmodule/uxBuilder/rc/ux/commands/align/AlignLeftCommand	984	SKELETON-MATCH	uxBuilder/extracted/rc/ux/commands/align/AlignLeftCommand.js	skeleton		True
uxBuilder	nmodule/uxBuilder/rc/ux/commands/align/AlignRightCommand	1004	SKELETON-MATCH	uxBuilder/extracted/rc/ux/commands/align/AlignRightCommand.js	skeleton		True
uxBuilder	nmodule/uxBuilder/rc/ux/commands/align/AlignTopCommand	980	SKELETON-MATCH	uxBuilder/extracted/rc/ux/commands/align/AlignTopCommand.js	skeleton		True
uxBuilder	nmodule/uxBuilder/rc/ux/commands/distribute/AbstractDistributeCommand	2653	SKELETON-MATCH	uxBuilder/extracted/rc/ux/commands/distribute/AbstractDistributeCommand.js	skeleton		True
uxBuilder	nmodule/uxBuilder/rc/ux/commands/distribute/DistributeHorizontallyCommand	1573	SKELETON-MATCH	uxBuilder/extracted/rc/ux/commands/distribute/DistributeHorizontallyCommand.js	skeleton		True
uxBuilder	nmodule/uxBuilder/rc/ux/commands/distribute/DistributeVerticallyCommand	1564	SKELETON-MATCH	uxBuilder/extracted/rc/ux/commands/distribute/DistributeVerticallyCommand.js	skeleton		True
uxBuilder	nmodule/uxBuilder/rc/ux/commands/reorder/AbstractReorderCommand	1862	SKELETON-MATCH	uxBuilder/extracted/rc/ux/commands/reorder/AbstractReorderCommand.js	skeleton		True
uxBuilder	nmodule/uxBuilder/rc/ux/commands/reorder/MoveDownCommand	879	SKELETON-MATCH	uxBuilder/extracted/rc/ux/commands/reorder/MoveDownCommand.js	skeleton		True
uxBuilder	nmodule/uxBuilder/rc/ux/commands/reorder/MoveToBottomCommand	873	SKELETON-MATCH	uxBuilder/extracted/rc/ux/commands/reorder/MoveToBottomCommand.js	skeleton		True
uxBuilder	nmodule/uxBuilder/rc/ux/commands/reorder/MoveToTopCommand	861	SKELETON-MATCH	uxBuilder/extracted/rc/ux/commands/reorder/MoveToTopCommand.js	skeleton		True
uxBuilder	nmodule/uxBuilder/rc/ux/commands/reorder/MoveUpCommand	844	SKELETON-MATCH	uxBuilder/extracted/rc/ux/commands/reorder/MoveUpCommand.js	skeleton		True
uxBuilder	nmodule/uxBuilder/rc/util/uxBuilderContextMenu	4735	SKELETON-MATCH	uxBuilder/extracted/rc/util/uxBuilderContextMenu.js	skeleton		True
uxBuilder	nmodule/uxBuilder/rc/ux/commands/ModifyUxModelCommand	1311	SKELETON-MATCH	uxBuilder/extracted/rc/ux/commands/ModifyUxModelCommand.js	skeleton		True
uxBuilder	nmodule/uxBuilder/rc/util/uxBuilderOrdUtils	1720	SEMANTIC-MATCH	uxBuilder/extracted/rc/util/uxBuilderOrdUtils.js	uglify-expr		True
uxBuilder	nmodule/uxBuilder/rc/ux/AddConverterWidget	4768	SKELETON-MATCH	uxBuilder/extracted/rc/ux/AddConverterWidget.js	skeleton		True
uxBuilder	nmodule/uxBuilder/rc/ux/commands/GoToSourceCommand	2068	SKELETON-MATCH	uxBuilder/extracted/rc/ux/commands/GoToSourceCommand.js	skeleton		True
uxBuilder	nmodule/uxBuilder/rc/ux/commands/propertiesContextMenuCommands	2143	SKELETON-MATCH	uxBuilder/extracted/rc/ux/commands/propertiesContextMenuCommands.js	skeleton		True
uxBuilder	nmodule/uxBuilder/rc/ux/commands/PxRenameCommand	2610	SKELETON-MATCH	uxBuilder/extracted/rc/ux/commands/PxRenameCommand.js	skeleton		True
uxBuilder	nmodule/uxBuilder/rc/ux/factory/impl/ImageNodesToUxModelFactory	906	SKELETON-MATCH	uxBuilder/extracted/rc/ux/factory/impl/ImageNodesToUxModelFactory.js	skeleton		True
uxBuilder	nmodule/uxBuilder/rc/ux/make/MakeWidget	4462	SKELETON-MATCH	uxBuilder/extracted/rc/ux/make/MakeWidget.js	skeleton		True
uxBuilder	nmodule/uxBuilder/rc/ux/factory/impl/NavNodesToUxModelFactory	395	SKELETON-MATCH	uxBuilder/extracted/rc/ux/factory/impl/NavNodesToUxModelFactory.js	skeleton		True
uxBuilder	nmodule/uxBuilder/rc/ux/factory/impl/PxIncludeNodesToUxModelFactory	727	SKELETON-MATCH	uxBuilder/extracted/rc/ux/factory/impl/PxIncludeNodesToUxModelFactory.js	skeleton		True
uxBuilder	nmodule/uxBuilder/rc/ux/ListOfBindingsWidget	1568	SKELETON-MATCH	uxBuilder/extracted/rc/ux/ListOfBindingsWidget.js	skeleton		True
uxBuilder	nmodule/uxBuilder/rc/ux/make/UxMwConfig	450	SKELETON-MATCH	uxBuilder/extracted/rc/ux/make/UxMwConfig.js	skeleton		True
uxBuilder	nmodule/uxBuilder/rc/ux/make/MwActionBatch	3236	SKELETON-MATCH	uxBuilder/extracted/rc/ux/make/MwActionBatch.js	skeleton		True
uxBuilder	nmodule/uxBuilder/rc/ux/UxBuilderPropertySheetRow	2993	SKELETON-MATCH	uxBuilder/extracted/rc/ux/UxBuilderPropertySheetRow.js	skeleton		True
uxBuilder	nmodule/uxBuilder/rc/ux/UxBuilderPropertySheet	989	SKELETON-MATCH	uxBuilder/extracted/rc/ux/UxBuilderPropertySheet.js	skeleton		True
uxBuilder	nmodule/uxBuilder/rc/ux/sidebars/PropertiesWidget	22122	SKELETON-MATCH	uxBuilder/extracted/rc/ux/sidebars/PropertiesWidget.js	skeleton		True
uxBuilder	nmodule/uxBuilder/rc/ux/make/MwPropertiesWidget	1466	SKELETON-MATCH	uxBuilder/extracted/rc/ux/make/MwPropertiesWidget.js	skeleton		True
uxBuilder	nmodule/uxBuilder/rc/ux/make/MwBoundLabel	11084	SKELETON-MATCH	uxBuilder/extracted/rc/ux/make/MwBoundLabel.js	skeleton		True
uxBuilder	nmodule/uxBuilder/rc/ux/make/MwChartWidget	3681	SKELETON-MATCH	uxBuilder/extracted/rc/ux/make/MwChartWidget.js	skeleton		True
uxBuilder	nmodule/uxBuilder/rc/ux/make/MwPalettePreview	5872	SKELETON-MATCH	uxBuilder/extracted/rc/ux/make/MwPalettePreview.js	skeleton		True
uxBuilder	nmodule/uxBuilder/rc/ux/make/MwFromPalette	6634	SKELETON-MATCH	uxBuilder/extracted/rc/ux/make/MwFromPalette.js	skeleton		True
uxBuilder	nmodule/uxBuilder/rc/ux/make/MwPropertyBatch	10928	SKELETON-MATCH	uxBuilder/extracted/rc/ux/make/MwPropertyBatch.js	skeleton		True
uxBuilder	nmodule/uxBuilder/rc/ux/make/MwPxInclude	5287	SKELETON-MATCH	uxBuilder/extracted/rc/ux/make/MwPxInclude.js	skeleton		True
uxBuilder	nmodule/uxBuilder/rc/ux/make/MwWorkbenchView	4154	SKELETON-MATCH	uxBuilder/extracted/rc/ux/make/MwWorkbenchView.js	skeleton		True
uxBuilder	nmodule/uxBuilder/rc/ux/sidebars/BoundOrdsEditor	6667	SKELETON-MATCH	uxBuilder/extracted/rc/ux/sidebars/BoundOrdsEditor.js	skeleton		True
uxBuilder	nmodule/uxBuilder/rc/ux/sidebars/PxLayersWidget	3933	SKELETON-MATCH	uxBuilder/extracted/rc/ux/sidebars/PxLayersWidget.js	skeleton		True
uxBuilder	nmodule/uxBuilder/rc/ux/sidebars/PxPropertiesWidget	4218	SKELETON-MATCH	uxBuilder/extracted/rc/ux/sidebars/PxPropertiesWidget.js	skeleton		True
uxBuilder	nmodule/uxBuilder/rc/ux/sidebars/WidgetTree	2171	SKELETON-MATCH	uxBuilder/extracted/rc/ux/sidebars/WidgetTree.js	skeleton		True
uxBuilder	nmodule/uxBuilder/rc/ux/wysiwyg/artisans/Handle	1044	SKELETON-MATCH	uxBuilder/extracted/rc/ux/wysiwyg/artisans/Handle.js	skeleton		True
uxBuilder	nmodule/uxBuilder/rc/ux/wysiwyg/artisans/Artisan	1244	SKELETON-MATCH	uxBuilder/extracted/rc/ux/wysiwyg/artisans/Artisan.js	skeleton		True
uxBuilder	nmodule/uxBuilder/rc/ux/wysiwyg/trackers/Tracker	1232	SKELETON-MATCH	uxBuilder/extracted/rc/ux/wysiwyg/trackers/Tracker.js	skeleton		True
uxBuilder	nmodule/uxBuilder/rc/ux/wysiwyg/trackers/MoveTracker	4476	SKELETON-MATCH	uxBuilder/extracted/rc/ux/wysiwyg/trackers/MoveTracker.js	skeleton		True
uxBuilder	nmodule/uxBuilder/rc/ux/wysiwyg/trackers/RectangularHandleTracker	7063	SKELETON-MATCH	uxBuilder/extracted/rc/ux/wysiwyg/trackers/RectangularHandleTracker.js	skeleton		True
uxBuilder	nmodule/uxBuilder/rc/ux/wysiwyg/artisans/RectangularArtisan	1400	SKELETON-MATCH	uxBuilder/extracted/rc/ux/wysiwyg/artisans/RectangularArtisan.js	skeleton		True
uxBuilder	nmodule/uxBuilder/rc/ux/wysiwyg/artisans/AbstractRectArtisan	1052	SKELETON-MATCH	uxBuilder/extracted/rc/ux/wysiwyg/artisans/AbstractRectArtisan.js	skeleton		True
uxBuilder	nmodule/uxBuilder/rc/ux/wysiwyg/artisans/ShapeArtisan	1538	SKELETON-MATCH	uxBuilder/extracted/rc/ux/wysiwyg/artisans/ShapeArtisan.js	skeleton		True
uxBuilder	nmodule/uxBuilder/rc/ux/wysiwyg/trackers/LineHandleTracker	1972	SKELETON-MATCH	uxBuilder/extracted/rc/ux/wysiwyg/trackers/LineHandleTracker.js	skeleton		True
uxBuilder	nmodule/uxBuilder/rc/ux/wysiwyg/artisans/LineArtisan	855	SKELETON-MATCH	uxBuilder/extracted/rc/ux/wysiwyg/artisans/LineArtisan.js	skeleton		True
uxBuilder	nmodule/uxBuilder/rc/ux/wysiwyg/artisans/path/PathHandle	429	SKELETON-MATCH	uxBuilder/extracted/rc/ux/wysiwyg/artisans/path/PathHandle.js	skeleton		True
uxBuilder	nmodule/uxBuilder/rc/ux/wysiwyg/artisans/path/segmentArtisanUtil	302	SEMANTIC-MATCH	uxBuilder/extracted/rc/ux/wysiwyg/artisans/path/segmentArtisanUtil.js	compress		True
uxBuilder	nmodule/uxBuilder/rc/ux/wysiwyg/artisans/path/PathHandleRole	761	SKELETON-MATCH	uxBuilder/extracted/rc/ux/wysiwyg/artisans/path/PathHandleRole.js	skeleton		True
uxBuilder	nmodule/uxBuilder/rc/ux/wysiwyg/artisans/path/SegmentArtisan	1249	SKELETON-MATCH	uxBuilder/extracted/rc/ux/wysiwyg/artisans/path/SegmentArtisan.js	skeleton		True
uxBuilder	nmodule/uxBuilder/rc/ux/wysiwyg/artisans/path/ArcToArtisan	2498	SKELETON-MATCH	uxBuilder/extracted/rc/ux/wysiwyg/artisans/path/ArcToArtisan.js	skeleton		True
uxBuilder	nmodule/uxBuilder/rc/ux/wysiwyg/artisans/path/CurveToArtisan	4127	SKELETON-MATCH	uxBuilder/extracted/rc/ux/wysiwyg/artisans/path/CurveToArtisan.js	skeleton		True
uxBuilder	nmodule/uxBuilder/rc/ux/wysiwyg/artisans/path/HLineToArtisan	1580	SKELETON-MATCH	uxBuilder/extracted/rc/ux/wysiwyg/artisans/path/HLineToArtisan.js	skeleton		True
uxBuilder	nmodule/uxBuilder/rc/ux/wysiwyg/artisans/path/LineToArtisan	1519	SKELETON-MATCH	uxBuilder/extracted/rc/ux/wysiwyg/artisans/path/LineToArtisan.js	skeleton		True
uxBuilder	nmodule/uxBuilder/rc/ux/wysiwyg/artisans/path/MoveToArtisan	1438	SKELETON-MATCH	uxBuilder/extracted/rc/ux/wysiwyg/artisans/path/MoveToArtisan.js	skeleton		True
uxBuilder	nmodule/uxBuilder/rc/ux/wysiwyg/artisans/path/QuadToArtisan	2370	SKELETON-MATCH	uxBuilder/extracted/rc/ux/wysiwyg/artisans/path/QuadToArtisan.js	skeleton		True
uxBuilder	nmodule/uxBuilder/rc/ux/wysiwyg/artisans/path/SmoothCurveToArtisan	2386	SKELETON-MATCH	uxBuilder/extracted/rc/ux/wysiwyg/artisans/path/SmoothCurveToArtisan.js	skeleton		True
uxBuilder	nmodule/uxBuilder/rc/ux/wysiwyg/artisans/path/SmoothQuadToArtisan	1521	SKELETON-MATCH	uxBuilder/extracted/rc/ux/wysiwyg/artisans/path/SmoothQuadToArtisan.js	skeleton		True
uxBuilder	nmodule/uxBuilder/rc/ux/wysiwyg/artisans/path/VLineToArtisan	1570	SKELETON-MATCH	uxBuilder/extracted/rc/ux/wysiwyg/artisans/path/VLineToArtisan.js	skeleton		True
uxBuilder	nmodule/uxBuilder/rc/ux/wysiwyg/trackers/PathHandleTracker	4057	SKELETON-MATCH	uxBuilder/extracted/rc/ux/wysiwyg/trackers/PathHandleTracker.js	skeleton		True
uxBuilder	nmodule/uxBuilder/rc/ux/wysiwyg/artisans/PathArtisan	3786	SKELETON-MATCH	uxBuilder/extracted/rc/ux/wysiwyg/artisans/PathArtisan.js	skeleton		True
uxBuilder	nmodule/uxBuilder/rc/ux/wysiwyg/trackers/PolygonHandleTracker	2031	SKELETON-MATCH	uxBuilder/extracted/rc/ux/wysiwyg/trackers/PolygonHandleTracker.js	skeleton		True
uxBuilder	nmodule/uxBuilder/rc/ux/wysiwyg/artisans/PolygonArtisan	1451	SKELETON-MATCH	uxBuilder/extracted/rc/ux/wysiwyg/artisans/PolygonArtisan.js	skeleton		True
uxBuilder	nmodule/uxBuilder/rc/ux/wysiwyg/artisans/ArtisanFactory	1009	SKELETON-MATCH	uxBuilder/extracted/rc/ux/wysiwyg/artisans/ArtisanFactory.js	skeleton		True
uxBuilder	nmodule/uxBuilder/rc/ux/wysiwyg/trackers/AddPathTracker	5165	SKELETON-MATCH	uxBuilder/extracted/rc/ux/wysiwyg/trackers/AddPathTracker.js	skeleton		True
uxBuilder	nmodule/uxBuilder/rc/ux/wysiwyg/trackers/PointTracker	1870	SKELETON-MATCH	uxBuilder/extracted/rc/ux/wysiwyg/trackers/PointTracker.js	skeleton		True
uxBuilder	nmodule/uxBuilder/rc/ux/wysiwyg/trackers/AddPolygonTracker	3142	SKELETON-MATCH	uxBuilder/extracted/rc/ux/wysiwyg/trackers/AddPolygonTracker.js	skeleton		True
uxBuilder	nmodule/uxBuilder/rc/ux/wysiwyg/trackers/PassThroughTracker	677	SKELETON-MATCH	uxBuilder/extracted/rc/ux/wysiwyg/trackers/PassThroughTracker.js	skeleton		True
uxBuilder	nmodule/uxBuilder/rc/ux/wysiwyg/trackers/trackerUtil	2460	SKELETON-MATCH	uxBuilder/extracted/rc/ux/wysiwyg/trackers/trackerUtil.js	skeleton		True
uxBuilder	nmodule/uxBuilder/rc/ux/wysiwyg/trackers/events/ExpandablePaneTracker	1096	SKELETON-MATCH	uxBuilder/extracted/rc/ux/wysiwyg/trackers/events/ExpandablePaneTracker.js	skeleton		True
uxBuilder	nmodule/uxBuilder/rc/ux/wysiwyg/trackers/events/ScrollPaneTracker	3655	SKELETON-MATCH	uxBuilder/extracted/rc/ux/wysiwyg/trackers/events/ScrollPaneTracker.js	skeleton		True
uxBuilder	nmodule/uxBuilder/rc/ux/wysiwyg/trackers/events/SplitPaneTracker	2750	SKELETON-MATCH	uxBuilder/extracted/rc/ux/wysiwyg/trackers/events/SplitPaneTracker.js	skeleton		True
uxBuilder	nmodule/uxBuilder/rc/ux/wysiwyg/trackers/DefaultTracker	2427	SKELETON-MATCH	uxBuilder/extracted/rc/ux/wysiwyg/trackers/DefaultTracker.js	skeleton		True
uxBuilder	nmodule/uxBuilder/rc/ux/wysiwyg/trackers/DragTracker	1343	SKELETON-MATCH	uxBuilder/extracted/rc/ux/wysiwyg/trackers/DragTracker.js	skeleton		True
uxBuilder	nmodule/uxBuilder/rc/ux/wysiwyg/trackers/RubberBandTracker	1823	SKELETON-MATCH	uxBuilder/extracted/rc/ux/wysiwyg/trackers/RubberBandTracker.js	skeleton		True
uxBuilder	nmodule/uxBuilder/rc/ux/wysiwyg/trackers/SelectedTracker	1435	SKELETON-MATCH	uxBuilder/extracted/rc/ux/wysiwyg/trackers/SelectedTracker.js	skeleton		True
uxBuilder	nmodule/uxBuilder/rc/ux/wysiwyg/PxArtisanStudio	25507	SKELETON-MATCH	uxBuilder/extracted/rc/ux/wysiwyg/PxArtisanStudio.js	skeleton		True
uxBuilder	nmodule/uxBuilder/rc/ux/UxBuilder	32455	SKELETON-MATCH	uxBuilder/extracted/rc/ux/UxBuilder.js	skeleton		True
uxBuilder	nmodule/uxBuilder/rc/ux/wysiwyg/commands/CompoundCommand	679	SKELETON-MATCH	uxBuilder/extracted/rc/ux/wysiwyg/commands/CompoundCommand.js	skeleton		True
uxBuilder	nmodule/uxBuilder/rc/ux/wysiwyg/trackers/AddPointTracker	1873	SKELETON-MATCH	uxBuilder/extracted/rc/ux/wysiwyg/trackers/AddPointTracker.js	skeleton		True
videoDriver	nmodule/videoDriver/rc/alarm/VideoCameraChooser	788	SEMANTIC-MATCH	videoDriver/extracted/rc/alarm/VideoCameraChooser.js	uglify-expr		True
videoDriver	nmodule/videoDriver/rc/baja/binding/VideoBinding	264	SKELETON-MATCH	videoDriver/extracted/rc/baja/binding/VideoBinding.js	skeleton		True
videoDriver	nmodule/videoDriver/rc/fe/binding/UxHoldDownButtonBinding	1432	SKELETON-MATCH	videoDriver/extracted/rc/fe/binding/UxHoldDownButtonBinding.js	skeleton		True
videoDriver	nmodule/videoDriver/rc/rpc/rpc	1090	SEMANTIC-MATCH	videoDriver/extracted/rc/rpc/rpc.js	compress		True
videoDriver	nmodule/videoDriver/rc/fe/playback/CameraChooserWidget	2896	SKELETON-MATCH	videoDriver/extracted/rc/fe/playback/CameraChooserWidget.js	skeleton		True
videoDriver	nmodule/videoDriver/rc/fe/playback/PlaybackMixin	626	SEMANTIC-MATCH	videoDriver/extracted/rc/fe/playback/PlaybackMixin.js	compress		True
videoDriver	nmodule/videoDriver/rc/fe/playback/VideoEventChooser	5741	SKELETON-MATCH	videoDriver/extracted/rc/fe/playback/VideoEventChooser.js	skeleton		True
videoDriver	nmodule/videoDriver/rc/fe/playback/PlaybackControlsWidget	6923	SKELETON-MATCH	videoDriver/extracted/rc/fe/playback/PlaybackControlsWidget.js	skeleton		True
videoDriver	nmodule/videoDriver/rc/fe/utils/videoDriverUtils	5449	SKELETON-MATCH	videoDriver/extracted/rc/fe/utils/videoDriverUtils.js	skeleton		True
videoDriver	nmodule/videoDriver/rc/live/stream/StreamSettings	711	SKELETON-MATCH	videoDriver/extracted/rc/live/stream/StreamSettings.js	skeleton		True
videoDriver	nmodule/videoDriver/rc/live/stream/StreamConfigurationMixin	594	SEMANTIC-MATCH	videoDriver/extracted/rc/live/stream/StreamConfigurationMixin.js	compress		True
videoDriver	nmodule/videoDriver/rc/live/stream/StreamSettingsWidget	3150	SKELETON-MATCH	videoDriver/extracted/rc/live/stream/StreamSettingsWidget.js	skeleton		True
videoDriver	nmodule/videoDriver/rc/live/stream/StreamSettingsCommand	572	SKELETON-MATCH	videoDriver/extracted/rc/live/stream/StreamSettingsCommand.js	skeleton		True
videoDriver	nmodule/videoDriver/rc/fe/utils/CameraPresetsWidget	3722	SKELETON-MATCH	videoDriver/extracted/rc/fe/utils/CameraPresetsWidget.js	skeleton		True
videoDriver	nmodule/videoDriver/rc/fe/utils/HoldDownButton	1416	SKELETON-MATCH	videoDriver/extracted/rc/fe/utils/HoldDownButton.js	skeleton		True
videoDriver	nmodule/videoDriver/rc/fe/utils/FocusControlPane	2441	SKELETON-MATCH	videoDriver/extracted/rc/fe/utils/FocusControlPane.js	skeleton		True
videoDriver	nmodule/videoDriver/rc/fe/utils/IrisControlPane	2449	SKELETON-MATCH	videoDriver/extracted/rc/fe/utils/IrisControlPane.js	skeleton		True
videoDriver	nmodule/videoDriver/rc/live/PanTiltStage	5187	SKELETON-MATCH	videoDriver/extracted/rc/live/PanTiltStage.js	skeleton		True
videoDriver	nmodule/videoDriver/rc/live/PanTiltControl	1773	SKELETON-MATCH	videoDriver/extracted/rc/live/PanTiltControl.js	skeleton		True
videoDriver	nmodule/videoDriver/rc/live/VideoFeedMixin	453	SEMANTIC-MATCH	videoDriver/extracted/rc/live/VideoFeedMixin.js	compress		True
videoDriver	nmodule/videoDriver/rc/live/VideoTimestampWidget	1276	SKELETON-MATCH	videoDriver/extracted/rc/live/VideoTimestampWidget.js	skeleton		True
videoDriver	nmodule/videoDriver/rc/live/VideoStatusWidget	1318	SKELETON-MATCH	videoDriver/extracted/rc/live/VideoStatusWidget.js	skeleton		True
videoDriver	nmodule/videoDriver/rc/live/ZoomControl	5137	SKELETON-MATCH	videoDriver/extracted/rc/live/ZoomControl.js	skeleton		True
videoDriver	nmodule/videoDriver/rc/live/LiveVideo	10200	SKELETON-MATCH	videoDriver/extracted/rc/live/LiveVideo.js	skeleton		True
videoDriver	nmodule/videoDriver/rc/fe/playback/WebVideoPlayback	4934	SKELETON-MATCH	videoDriver/extracted/rc/fe/playback/WebVideoPlayback.js	skeleton		True
videoDriver	nmodule/videoDriver/rc/fe/surveillance/DeviceListWidget	2181	SKELETON-MATCH	videoDriver/extracted/rc/fe/surveillance/DeviceListWidget.js	skeleton		True
videoDriver	nmodule/videoDriver/rc/fe/surveillance/surveillanceViewerEvents	213	SEMANTIC-MATCH	videoDriver/extracted/rc/fe/surveillance/surveillanceViewerEvents.js	compress		True
videoDriver	nmodule/videoDriver/rc/fe/surveillance/SurveillanceOptionsWidget	5487	SKELETON-MATCH	videoDriver/extracted/rc/fe/surveillance/SurveillanceOptionsWidget.js	skeleton		True
videoDriver	nmodule/videoDriver/rc/fe/surveillance/SurveillanceViewerGrid	7707	SKELETON-MATCH	videoDriver/extracted/rc/fe/surveillance/SurveillanceViewerGrid.js	skeleton		True
videoDriver	nmodule/videoDriver/rc/fe/surveillance/WebSurveillanceViewer	5527	SKELETON-MATCH	videoDriver/extracted/rc/fe/surveillance/WebSurveillanceViewer.js	skeleton		True
videoDriver	nmodule/videoDriver/rc/fe/utils/UxHoldDownButton	324	SKELETON-MATCH	videoDriver/extracted/rc/fe/utils/UxHoldDownButton.js	skeleton		True
videoDriver	nmodule/videoDriver/rc/hls/HLSVideoStream	3271	SKELETON-MATCH	videoDriver/extracted/rc/hls/HLSVideoStream.js	skeleton		True
videoDriver	nmodule/videoDriver/rc/live/stream/BandwidthMonitor	1503	SKELETON-MATCH	videoDriver/extracted/rc/live/stream/BandwidthMonitor.js	skeleton		True
videoDriver	nmodule/videoDriver/rc/videoDriverAlarmAdditionalCommandDecorator	1368	SEMANTIC-MATCH	videoDriver/extracted/rc/videoDriverAlarmAdditionalCommandDecorator.js	uglify-expr		True
videoDriver	nmodule/videoDriver/rc/widget/CameraWidget	1263	SKELETON-MATCH	videoDriver/extracted/rc/widget/CameraWidget.js	skeleton		True
videoDriver	nmodule/videoDriver/rc/widget/ControlPanelWidget	7598	SKELETON-MATCH	videoDriver/extracted/rc/widget/ControlPanelWidget.js	skeleton		True
videoDriver	nmodule/videoDriver/rc/widget/LiveVideoPlayerWidget	961	SKELETON-MATCH	videoDriver/extracted/rc/widget/LiveVideoPlayerWidget.js	skeleton		True
weather	nmodule/weather/rc/baja/WeatherReport	831	SKELETON-MATCH	weather/extracted/rc/baja/WeatherReport.js	skeleton		True
weather	nmodule/weather/rc/util/airQualityUtil	1493	SEMANTIC-MATCH	weather/extracted/rc/util/airQualityUtil.js	uglify-expr		True
weather	nmodule/weather/rc/wb/baja/AdvisoryManagerModel	1390	SKELETON-MATCH	weather/extracted/rc/wb/baja/AdvisoryManagerModel.js	skeleton		True
weather	nmodule/weather/rc/wb/baja/FoxWeatherProviderEditor	3535	SKELETON-MATCH	weather/extracted/rc/wb/baja/FoxWeatherProviderEditor.js	skeleton		True
weather	nmodule/weather/rc/wb/baja/nws/NwsWeatherProviderEditor	3985	SKELETON-MATCH	weather/extracted/rc/wb/baja/nws/NwsWeatherProviderEditor.js	skeleton		True
weather	nmodule/weather/rc/wb/baja/UxAdvisoryManager	2331	SKELETON-MATCH	weather/extracted/rc/wb/baja/UxAdvisoryManager.js	skeleton		True
weather	nmodule/weather/rc/wb/baja/UxAirQualityView	2183	SKELETON-MATCH	weather/extracted/rc/wb/baja/UxAirQualityView.js	skeleton		True
weather	nmodule/weather/rc/wb/baja/UxCurrentWeatherView	5463	SKELETON-MATCH	weather/extracted/rc/wb/baja/UxCurrentWeatherView.js	skeleton		True
weather	nmodule/weather/rc/wb/baja/UxForecastView	1440	SKELETON-MATCH	weather/extracted/rc/wb/baja/UxForecastView.js	skeleton		True
weather	nmodule/weather/rc/wb/baja/UxMoonView	3101	SKELETON-MATCH	weather/extracted/rc/wb/baja/UxMoonView.js	skeleton		True
weather	nmodule/weather/rc/wb/baja/WeatherManagerModel	4018	SKELETON-MATCH	weather/extracted/rc/wb/baja/WeatherManagerModel.js	skeleton		True
weather	nmodule/weather/rc/wb/baja/UxWeatherManager	1070	SKELETON-MATCH	weather/extracted/rc/wb/baja/UxWeatherManager.js	skeleton		True
webChart	nmodule/webChart/rc/chartEvents	1023	SEMANTIC-MATCH	webChart/extracted/rc/chartEvents.js	compress		True
webChart	nmodule/webChart/rc/webChartUtil	15846	SKELETON-MATCH	webChart/extracted/rc/webChartUtil.js	skeleton		True
webChart	nmodule/webChart/rc/model/modelUtil	9366	SKELETON-MATCH	webChart/extracted/rc/model/modelUtil.js	skeleton		True
webChart	nmodule/webChart/rc/choiceUtil	3239	SEMANTIC-MATCH	webChart/extracted/rc/choiceUtil.js	uglify-expr		True
webChart	nmodule/webChart/rc/ChartSettings	12933	SKELETON-MATCH	webChart/extracted/rc/ChartSettings.js	skeleton		True
webChart	nmodule/webChart/rc/command/addSeriesCommand	1891	SKELETON-MATCH	webChart/extracted/rc/command/addSeriesCommand.js	skeleton		True
webChart	nmodule/webChart/rc/tab/Tab	1847	SEMANTIC-MATCH	webChart/extracted/rc/tab/Tab.js	compress		True
webChart	hbs!nmodule/webChart/rc/grid/gridEditorStructure	1100	HBS-RECOMPILE-MATCH	webChart/extracted/rc/grid/gridEditorStructure.hbs			
webChart	nmodule/webChart/rc/grid/GridEditor	2457	SEMANTIC-MATCH	webChart/extracted/rc/grid/GridEditor.js	uglify-expr		True
webChart	hbs!nmodule/webChart/rc/tab/tabbedEditorStructure	2114	HBS-RECOMPILE-MATCH	webChart/extracted/rc/tab/tabbedEditorStructure.hbs			
webChart	nmodule/webChart/rc/tab/TabbedEditor	1607	SKELETON-MATCH	webChart/extracted/rc/tab/TabbedEditor.js	skeleton		True
webChart	nmodule/webChart/rc/fe/SimplePropertySheet	586	SEMANTIC-MATCH	webChart/extracted/rc/fe/SimplePropertySheet.js	uglify-expr		True
webChart	hbs!nmodule/webChart/rc/menu/menuWidgetStructure	1144	HBS-RECOMPILE-MATCH	webChart/extracted/rc/menu/menuWidgetStructure.hbs			
webChart	nmodule/webChart/rc/menu/MenuWidget	1036	SKELETON-MATCH	webChart/extracted/rc/menu/MenuWidget.js	skeleton		True
webChart	nmodule/webChart/rc/command/DialogWizardCommand	1153	SEMANTIC-MATCH	webChart/extracted/rc/command/DialogWizardCommand.js	uglify-expr		True
webChart	nmodule/webChart/rc/command/SetAxisValuesCommand	2948	SEMANTIC-MATCH	webChart/extracted/rc/command/SetAxisValuesCommand.js	uglify-expr		True
webChart	nmodule/webChart/rc/command/LockAxisCommand	700	SEMANTIC-MATCH	webChart/extracted/rc/command/LockAxisCommand.js	uglify-expr		True
webChart	nmodule/webChart/rc/menu/contextMenuUtil	5193	SEMANTIC-MATCH	webChart/extracted/rc/menu/contextMenuUtil.js	uglify-expr		True
webChart	nmodule/webChart/rc/command/SettingsCommand	3132	SEMANTIC-MATCH	webChart/extracted/rc/command/SettingsCommand.js	uglify-expr		True
webChart	nmodule/webChart/rc/command/StopCommand	325	SEMANTIC-MATCH	webChart/extracted/rc/command/StopCommand.js	uglify-expr		True
webChart	nmodule/webChart/rc/dragUtil	1581	SKELETON-MATCH	webChart/extracted/rc/dragUtil.js	skeleton		True
webChart	nmodule/webChart/rc/export/exportUtil	3589	SKELETON-MATCH	webChart/extracted/rc/export/exportUtil.js	skeleton		True
webChart	hbs!nmodule/webChart/rc/fe/startEndTimeRangeEditorStructure	565	HBS-RECOMPILE-MATCH	webChart/extracted/rc/fe/startEndTimeRangeEditorStructure.hbs			
webChart	nmodule/webChart/rc/fe/StartEndTimeRangeEditor	2594	SKELETON-MATCH	webChart/extracted/rc/fe/StartEndTimeRangeEditor.js	skeleton		True
webChart	nmodule/webChart/rc/line/LegendLayer	3677	SKELETON-MATCH	webChart/extracted/rc/line/LegendLayer.js	skeleton		True
webChart	nmodule/webChart/rc/line/LabelsLayer	5429	SKELETON-MATCH	webChart/extracted/rc/line/LabelsLayer.js	skeleton		True
webChart	nmodule/webChart/rc/line/TitleLayer	2068	SKELETON-MATCH	webChart/extracted/rc/line/TitleLayer.js	skeleton		True
webChart	nmodule/webChart/rc/localeUtil	3567	SEMANTIC-MATCH	webChart/extracted/rc/localeUtil.js	uglify-expr		True
webChart	nmodule/webChart/rc/line/XAxisLayer	7399	SKELETON-MATCH	webChart/extracted/rc/line/XAxisLayer.js	skeleton		True
webChart	nmodule/webChart/rc/line/YAxisLayer	5698	SEMANTIC-MATCH	webChart/extracted/rc/line/YAxisLayer.js	uglify-expr		True
webChart	nmodule/webChart/rc/line/ZoomLayer	1826	SEMANTIC-MATCH	webChart/extracted/rc/line/ZoomLayer.js	uglify-expr		True
webChart	nmodule/webChart/rc/line/DataLayer	8409	SKELETON-MATCH	webChart/extracted/rc/line/DataLayer.js	skeleton		True
webChart	nmodule/webChart/rc/line/DataPopupLayer	14371	SKELETON-MATCH	webChart/extracted/rc/line/DataPopupLayer.js	skeleton		True
webChart	nmodule/webChart/rc/optionsManager	592	SKELETON-MATCH	webChart/extracted/rc/optionsManager.js	skeleton		True
webChart	nmodule/webChart/rc/line/TipLayer	2708	SEMANTIC-MATCH	webChart/extracted/rc/line/TipLayer.js	uglify-expr		True
webChart	nmodule/webChart/rc/line/Line	4484	SKELETON-MATCH	webChart/extracted/rc/line/Line.js	skeleton		True
webChart	nmodule/webChart/rc/model/samplingUtil	3075	SEMANTIC-MATCH	webChart/extracted/rc/model/samplingUtil.js	uglify-expr		True
webChart	nmodule/webChart/rc/model/BaseScale	3239	SKELETON-MATCH	webChart/extracted/rc/model/BaseScale.js	skeleton		True
webChart	nmodule/webChart/rc/model/ValueScale	2026	SEMANTIC-MATCH	webChart/extracted/rc/model/ValueScale.js	uglify-expr		True
webChart	nmodule/webChart/rc/model/BaseSeries	7262	SKELETON-MATCH	webChart/extracted/rc/model/BaseSeries.js	skeleton		True
webChart	nmodule/webChart/rc/model/ServletSeries	3882	SKELETON-MATCH	webChart/extracted/rc/model/ServletSeries.js	skeleton		True
webChart	nmodule/webChart/rc/model/PointSeries	3184	SEMANTIC-MATCH	webChart/extracted/rc/model/PointSeries.js	uglify-expr		True
webChart	nmodule/webChart/rc/model/ScheduleSeries	2148	SEMANTIC-MATCH	webChart/extracted/rc/model/ScheduleSeries.js	uglify-expr		True
webChart	nmodule/webChart/rc/model/seriesFactory	10376	SKELETON-MATCH	webChart/extracted/rc/model/seriesFactory.js	skeleton		True
webChart	nmodule/webChart/rc/model/BaseModel	9933	SKELETON-MATCH	webChart/extracted/rc/model/BaseModel.js	skeleton		True
webChart	nmodule/webChart/rc/model/TimeScale	3000	SKELETON-MATCH	webChart/extracted/rc/model/TimeScale.js	skeleton		True
webChart	nmodule/webChart/rc/model/LineModel	1526	SKELETON-MATCH	webChart/extracted/rc/model/LineModel.js	skeleton		True
webChart	nmodule/webChart/rc/ChartWidget	23219	DIFFERS	webChart/extracted/rc/ChartWidget.js			True
webChart	nmodule/webChart/rc/donut/DonutChartWidget	3025	SEMANTIC-MATCH	webChart/extracted/rc/donut/DonutChartWidget.js	uglify-expr		True
webChart	hbs!nmodule/webChart/rc/fe/color/colorChooserStructure	459	HBS-RECOMPILE-MATCH	webChart/extracted/rc/fe/color/colorChooserStructure.hbs			
webChart	nmodule/webChart/rc/fe/color/colorChooser	2044	SEMANTIC-MATCH	webChart/extracted/rc/fe/color/colorChooser.js	compress		True
webChart	nmodule/webChart/rc/fe/color/ColorEditor	1181	SEMANTIC-MATCH	webChart/extracted/rc/fe/color/ColorEditor.js	uglify-expr		True
webChart	nmodule/webChart/rc/fe/SamplingPeriodEditor	1055	SEMANTIC-MATCH	webChart/extracted/rc/fe/SamplingPeriodEditor.js	uglify-expr		True
webChart	nmodule/webChart/rc/fe/series/ChartTypeEditor	1052	SEMANTIC-MATCH	webChart/extracted/rc/fe/series/ChartTypeEditor.js	uglify-expr		True
webChart	hbs!nmodule/webChart/rc/fe/series/seriesEditorStructure	435	HBS-RECOMPILE-MATCH	webChart/extracted/rc/fe/series/seriesEditorStructure.hbs			
webChart	nmodule/webChart/rc/fe/series/SeriesEditor	789	SEMANTIC-MATCH	webChart/extracted/rc/fe/series/SeriesEditor.js	uglify-expr		True
webChart	nmodule/webChart/rc/gauge/model	2574	SEMANTIC-MATCH	webChart/extracted/rc/gauge/model.js	uglify-expr		True
webChart	nmodule/webChart/rc/gauge/CircularGaugeWidget	5780	SKELETON-MATCH	webChart/extracted/rc/gauge/CircularGaugeWidget.js	skeleton		True
webChart	nmodule/webChart/rc/model/BaseChartFactory	176	SEMANTIC-MATCH	webChart/extracted/rc/model/BaseChartFactory.js	compress		True
webChart	nmodule/webChart/rc/transform/ChartWidgetToChartFile	1160	SEMANTIC-MATCH	webChart/extracted/rc/transform/ChartWidgetToChartFile.js	compress		True
webChart	nmodule/webChart/rc/transform/ChartWidgetToCsv	1177	SEMANTIC-MATCH	webChart/extracted/rc/transform/ChartWidgetToCsv.js	compress		True
webChart	nmodule/webChart/rc/transform/ChartWidgetToPrint	718	SEMANTIC-MATCH	webChart/extracted/rc/transform/ChartWidgetToPrint.js	compress		True
webChart	nmodule/webChart/rc/transform/chartWidgetTransformOperationProvider	544	SEMANTIC-MATCH	webChart/extracted/rc/transform/chartWidgetTransformOperationProvider.js	compress		True
webEditors	nmodule/webEditors/rc/util/textUtils	1875	SEMANTIC-MATCH	webEditors/extracted/rc/util/textUtils.js	uglify-expr		True
webEditors	nmodule/webEditors/rc/fe/baja/util/typeUtils	3596	SKELETON-MATCH	webEditors/extracted/rc/fe/baja/util/typeUtils.js	skeleton		True
webEditors	nmodule/webEditors/rc/baja/bajaUtils	1175	SKELETON-MATCH	webEditors/extracted/rc/baja/bajaUtils.js	skeleton		True
webEditors	nmodule/webEditors/rc/baja/PasswordStrength	1288	SEMANTIC-MATCH	webEditors/extracted/rc/baja/PasswordStrength.js	uglify-expr		True
webEditors	nmodule/webEditors/rc/baja/WebProfileConfig	426	SKELETON-MATCH	webEditors/extracted/rc/baja/WebProfileConfig.js	skeleton		True
webEditors	nmodule/webEditors/rc/fe/BaseWidget	1408	SEMANTIC-MATCH	webEditors/extracted/rc/fe/BaseWidget.js	uglify-expr		True
webEditors	nmodule/webEditors/rc/servlets/registry	2685	SEMANTIC-MATCH	webEditors/extracted/rc/servlets/registry.js	uglify-expr		True
webEditors	nmodule/webEditors/rc/fe/registry/servletViews	1244	SKELETON-MATCH	webEditors/extracted/rc/fe/registry/servletViews.js	skeleton		True
webEditors	nmodule/webEditors/rc/fe/registry/impl/AgentRegistry	1715	SKELETON-MATCH	webEditors/extracted/rc/fe/registry/impl/AgentRegistry.js	skeleton		True
webEditors	nmodule/webEditors/rc/util/storageUtil	1418	SEMANTIC-MATCH	webEditors/extracted/rc/util/storageUtil.js	compress		True
webEditors	nmodule/webEditors/rc/fe/registry/StationRegistry	2190	SKELETON-MATCH	webEditors/extracted/rc/fe/registry/StationRegistry.js	skeleton		True
webEditors	nmodule/webEditors/rc/fe/baja/util/ComplexDiff	2240	SKELETON-MATCH	webEditors/extracted/rc/fe/baja/util/ComplexDiff.js	skeleton		True
webEditors	nmodule/webEditors/rc/fe/baja/util/compUtils	8056	SKELETON-MATCH	webEditors/extracted/rc/fe/baja/util/compUtils.js	skeleton		True
webEditors	nmodule/webEditors/rc/fe/baja/util/numberUtils	1175	SEMANTIC-MATCH	webEditors/extracted/rc/fe/baja/util/numberUtils.js	uglify-expr		True
webEditors	nmodule/webEditors/rc/fe/baja/util/facetsUtils	1471	SEMANTIC-MATCH	webEditors/extracted/rc/fe/baja/util/facetsUtils.js	compress		True
webEditors	nmodule/webEditors/rc/fe/baja/BaseEditor	2818	SKELETON-MATCH	webEditors/extracted/rc/fe/baja/BaseEditor.js	skeleton		True
webEditors	nmodule/webEditors/rc/util/htmlUtils	3748	SEMANTIC-MATCH	webEditors/extracted/rc/util/htmlUtils.js	uglify-expr		True
webEditors	nmodule/webEditors/rc/fe/baja/OrderedMapEditor	3531	SKELETON-MATCH	webEditors/extracted/rc/fe/baja/OrderedMapEditor.js	skeleton		True
webEditors	nmodule/webEditors/rc/fe/baja/util/rangeUtils	1503	SEMANTIC-MATCH	webEditors/extracted/rc/fe/baja/util/rangeUtils.js	uglify-expr		True
webEditors	nmodule/webEditors/rc/fe/baja/EnumEditor	2834	SKELETON-MATCH	webEditors/extracted/rc/fe/baja/EnumEditor.js	skeleton		True
webEditors	nmodule/webEditors/rc/fe/feUtils	2812	SKELETON-MATCH	webEditors/extracted/rc/fe/feUtils.js	skeleton		True
webEditors	nmodule/webEditors/rc/fe/baja/util/slotUtils	1574	SKELETON-MATCH	webEditors/extracted/rc/fe/baja/util/slotUtils.js	skeleton		True
webEditors	nmodule/webEditors/rc/fe/baja/ComplexSlotEditor	2632	SEMANTIC-MATCH	webEditors/extracted/rc/fe/baja/ComplexSlotEditor.js	uglify-expr		True
webEditors	nmodule/webEditors/rc/fe/baja/DisplayOnlyEditor	523	SEMANTIC-MATCH	webEditors/extracted/rc/fe/baja/DisplayOnlyEditor.js	uglify-expr		True
webEditors	nmodule/webEditors/rc/fe/registry/NiagaraWidgetManager	2520	SKELETON-MATCH	webEditors/extracted/rc/fe/registry/NiagaraWidgetManager.js	skeleton		True
webEditors	nmodule/webEditors/rc/fe/fe	1545	SEMANTIC-MATCH	webEditors/extracted/rc/fe/fe.js	compress		True
webEditors	nmodule/webEditors/rc/fe/config/CompositeBuilder	5146	SEMANTIC-MATCH	webEditors/extracted/rc/fe/config/CompositeBuilder.js	uglify-expr		True
webEditors	nmodule/webEditors/rc/fe/array/ArrayCompositeBuilder	653	SEMANTIC-MATCH	webEditors/extracted/rc/fe/array/ArrayCompositeBuilder.js	uglify-expr		True
webEditors	nmodule/webEditors/rc/fe/ValueWithSummaryWidget	1225	SKELETON-MATCH	webEditors/extracted/rc/fe/ValueWithSummaryWidget.js	skeleton		True
webEditors	nmodule/webEditors/rc/fe/feDialogs	6398	SEMANTIC-MATCH	webEditors/extracted/rc/fe/feDialogs.js	uglify-expr		True
webEditors	nmodule/webEditors/rc/wb/mixin/ProposalSupport	1060	SEMANTIC-MATCH	webEditors/extracted/rc/wb/mixin/ProposalSupport.js	uglify-expr		True
webEditors	nmodule/webEditors/rc/wb/commands/PopOutCommand	3418	SEMANTIC-MATCH	webEditors/extracted/rc/wb/commands/PopOutCommand.js	uglify-expr		True
webEditors	nmodule/webEditors/rc/fe/array/ArrayCompositeEditor	5356	SKELETON-MATCH	webEditors/extracted/rc/fe/array/ArrayCompositeEditor.js	skeleton		True
webEditors	nmodule/webEditors/rc/fe/baja/DateEditor	968	SEMANTIC-MATCH	webEditors/extracted/rc/fe/baja/DateEditor.js	uglify-expr		True
webEditors	nmodule/webEditors/rc/fe/baja/TimeEditor	1234	SKELETON-MATCH	webEditors/extracted/rc/fe/baja/TimeEditor.js	skeleton		True
webEditors	nmodule/webEditors/rc/fe/baja/AbsTimeEditor	1043	SKELETON-MATCH	webEditors/extracted/rc/fe/baja/AbsTimeEditor.js	skeleton		True
webEditors	nmodule/webEditors/rc/fe/baja/AbsTimeRangeEditor	1684	SKELETON-MATCH	webEditors/extracted/rc/fe/baja/AbsTimeRangeEditor.js	skeleton		True
webEditors	nmodule/webEditors/rc/fe/baja/AdapterEditor	1802	SKELETON-MATCH	webEditors/extracted/rc/fe/baja/AdapterEditor.js	skeleton		True
webEditors	nmodule/webEditors/rc/util/byteUtils	1780	SEMANTIC-MATCH	webEditors/extracted/rc/util/byteUtils.js	uglify-expr		True
webEditors	hbs!nmodule/webEditors/rc/fe/baja/template/StringEditor	4672	HBS-RECOMPILE-MATCH	webEditors/extracted/rc/fe/baja/template/StringEditor.hbs			
webEditors	nmodule/webEditors/rc/fe/baja/StringEditor	3487	SKELETON-MATCH	webEditors/extracted/rc/fe/baja/StringEditor.js	skeleton		True
webEditors	nmodule/webEditors/rc/fe/baja/BlobEditor	1014	SKELETON-MATCH	webEditors/extracted/rc/fe/baja/BlobEditor.js	skeleton		True
webEditors	nmodule/webEditors/rc/fe/baja/IconEditor	2131	SEMANTIC-MATCH	webEditors/extracted/rc/fe/baja/IconEditor.js	uglify-expr		True
webEditors	nmodule/webEditors/rc/fe/baja/BooleanEditor	4399	SEMANTIC-MATCH	webEditors/extracted/rc/fe/baja/BooleanEditor.js	uglify-expr		True
webEditors	nmodule/webEditors/rc/fe/baja/BooleanPicker	1567	SKELETON-MATCH	webEditors/extracted/rc/fe/baja/BooleanPicker.js	skeleton		True
webEditors	hbs!nmodule/webEditors/rc/fe/baja/template/PasswordEditor	929	HBS-RECOMPILE-MATCH	webEditors/extracted/rc/fe/baja/template/PasswordEditor.hbs			
webEditors	nmodule/webEditors/rc/fe/baja/PasswordEditor	2049	SEMANTIC-MATCH	webEditors/extracted/rc/fe/baja/PasswordEditor.js	uglify-expr		True
webEditors	nmodule/webEditors/rc/fe/baja/DefaultPasswordEditor	1876	SKELETON-MATCH	webEditors/extracted/rc/fe/baja/DefaultPasswordEditor.js	skeleton		True
webEditors	nmodule/webEditors/rc/servlets/password	3029	SKELETON-MATCH	webEditors/extracted/rc/servlets/password.js	skeleton		True
webEditors	nmodule/webEditors/rc/fe/baja/util/spaceUtils	1091	SEMANTIC-MATCH	webEditors/extracted/rc/fe/baja/util/spaceUtils.js	compress		True
webEditors	nmodule/webEditors/rc/fe/baja/util/subscriberUtils	662	SEMANTIC-MATCH	webEditors/extracted/rc/fe/baja/util/subscriberUtils.js	uglify-expr		True
webEditors	nmodule/webEditors/rc/wb/util/CertificateAliasEditor	1103	SKELETON-MATCH	webEditors/extracted/rc/wb/util/CertificateAliasEditor.js	skeleton		True
webEditors	nmodule/webEditors/rc/fe/baja/CertificateAliasAndPasswordEditor	2364	SKELETON-MATCH	webEditors/extracted/rc/fe/baja/CertificateAliasAndPasswordEditor.js	skeleton		True
webEditors	nmodule/webEditors/rc/fe/baja/FileInputEditor	1670	SKELETON-MATCH	webEditors/extracted/rc/fe/baja/FileInputEditor.js	skeleton		True
webEditors	nmodule/webEditors/rc/util/Switchboard	3650	SKELETON-MATCH	webEditors/extracted/rc/util/Switchboard.js	skeleton		True
webEditors	hbs!nmodule/webEditors/rc/fe/baja/template/CertificateEditor	428	HBS-RECOMPILE-MATCH	webEditors/extracted/rc/fe/baja/template/CertificateEditor.hbs			
webEditors	nmodule/webEditors/rc/fe/baja/CertificateEditor	3009	SEMANTIC-MATCH	webEditors/extracted/rc/fe/baja/CertificateEditor.js	uglify-expr		True
webEditors	nmodule/webEditors/rc/fe/baja/compat/CompositeAbsTimeEditor	3918	SKELETON-MATCH	webEditors/extracted/rc/fe/baja/compat/CompositeAbsTimeEditor.js	skeleton		True
webEditors	nmodule/webEditors/rc/fe/baja/compat/CompositeTimeEditor	3929	SEMANTIC-MATCH	webEditors/extracted/rc/fe/baja/compat/CompositeTimeEditor.js	uglify-expr		True
webEditors	nmodule/webEditors/rc/fe/baja/compat/PikadayDateEditor	4370	SKELETON-MATCH	webEditors/extracted/rc/fe/baja/compat/PikadayDateEditor.js	skeleton		True
webEditors	nmodule/webEditors/rc/fe/baja/compat/RelevantStringEditor	1861	SEMANTIC-MATCH	webEditors/extracted/rc/fe/baja/compat/RelevantStringEditor.js	uglify-expr		True
webEditors	nmodule/webEditors/rc/fe/CompositeEditor	2676	SKELETON-MATCH	webEditors/extracted/rc/fe/CompositeEditor.js	skeleton		True
webEditors	nmodule/webEditors/rc/fe/config/ComplexCompositeBuilder	3896	SKELETON-MATCH	webEditors/extracted/rc/fe/config/ComplexCompositeBuilder.js	skeleton		True
webEditors	nmodule/webEditors/rc/fe/baja/ComplexCompositeEditor	899	SEMANTIC-MATCH	webEditors/extracted/rc/fe/baja/ComplexCompositeEditor.js	uglify-expr		True
webEditors	nmodule/webEditors/rc/fe/baja/ConfirmPasswordEditor	2046	SEMANTIC-MATCH	webEditors/extracted/rc/fe/baja/ConfirmPasswordEditor.js	uglify-expr		True
webEditors	nmodule/webEditors/rc/fe/baja/CredentialStoreEditor	3433	SKELETON-MATCH	webEditors/extracted/rc/fe/baja/CredentialStoreEditor.js	skeleton		True
webEditors	nmodule/webEditors/rc/fe/baja/DaysOfWeekBitsEditor	901	SKELETON-MATCH	webEditors/extracted/rc/fe/baja/DaysOfWeekBitsEditor.js	skeleton		True
webEditors	nmodule/webEditors/rc/fe/baja/DefaultConfirmPasswordEditor	1690	SKELETON-MATCH	webEditors/extracted/rc/fe/baja/DefaultConfirmPasswordEditor.js	skeleton		True
webEditors	nmodule/webEditors/rc/fe/baja/DefaultSimpleEditor	1237	SEMANTIC-MATCH	webEditors/extracted/rc/fe/baja/DefaultSimpleEditor.js	uglify-expr		True
webEditors	nmodule/webEditors/rc/fe/baja/DropDownEditor	1464	SEMANTIC-MATCH	webEditors/extracted/rc/fe/baja/DropDownEditor.js	uglify-expr		True
webEditors	nmodule/webEditors/rc/fe/baja/DynamicEnumCompactEditor	1010	SKELETON-MATCH	webEditors/extracted/rc/fe/baja/DynamicEnumCompactEditor.js	skeleton		True
webEditors	nmodule/webEditors/rc/fe/baja/DynamicEnumEditor	558	SKELETON-MATCH	webEditors/extracted/rc/fe/baja/DynamicEnumEditor.js	skeleton		True
webEditors	hbs!nmodule/webEditors/rc/fe/baja/template/EnumRangeEditor-row	804	HBS-RECOMPILE-MATCH	webEditors/extracted/rc/fe/baja/template/EnumRangeEditor-row.hbs			
webEditors	nmodule/webEditors/rc/fe/baja/EnumRangeRowEditor	2645	SKELETON-MATCH	webEditors/extracted/rc/fe/baja/EnumRangeRowEditor.js	skeleton		True
webEditors	hbs!nmodule/webEditors/rc/fe/baja/template/EnumRangeEditor	1618	HBS-RECOMPILE-MATCH	webEditors/extracted/rc/fe/baja/template/EnumRangeEditor.hbs			
webEditors	nmodule/webEditors/rc/fe/baja/EnumRangeEditor	5819	SKELETON-MATCH	webEditors/extracted/rc/fe/baja/EnumRangeEditor.js	skeleton		True
webEditors	nmodule/webEditors/rc/wb/profile/selectionModeSettings	419	SKELETON-MATCH	webEditors/extracted/rc/wb/profile/selectionModeSettings.js	skeleton		True
webEditors	nmodule/webEditors/rc/util/ListSelection	4812	SKELETON-MATCH	webEditors/extracted/rc/util/ListSelection.js	skeleton		True
webEditors	hbs!nmodule/webEditors/rc/fe/baja/template/EnumSetEditor	2376	HBS-RECOMPILE-MATCH	webEditors/extracted/rc/fe/baja/template/EnumSetEditor.hbs			
webEditors	nmodule/webEditors/rc/fe/baja/EnumSetEditor	4266	SKELETON-MATCH	webEditors/extracted/rc/fe/baja/EnumSetEditor.js	skeleton		True
webEditors	nmodule/webEditors/rc/fe/baja/PopOutEditor	1413	SEMANTIC-MATCH	webEditors/extracted/rc/fe/baja/PopOutEditor.js	uglify-expr		True
webEditors	hbs!nmodule/webEditors/rc/fe/baja/template/FacetsEditor-row	2179	HBS-RECOMPILE-MATCH	webEditors/extracted/rc/fe/baja/template/FacetsEditor-row.hbs			
webEditors	nmodule/webEditors/rc/fe/baja/FacetsRowEditor	6302	SKELETON-MATCH	webEditors/extracted/rc/fe/baja/FacetsRowEditor.js	skeleton		True
webEditors	nmodule/webEditors/rc/servlets/userData	1546	SEMANTIC-MATCH	webEditors/extracted/rc/servlets/userData.js	uglify-expr		True
webEditors	nmodule/webEditors/rc/wb/options/MruOptions	884	SEMANTIC-MATCH	webEditors/extracted/rc/wb/options/MruOptions.js	uglify-expr		True
webEditors	nmodule/webEditors/rc/wb/options/MruButton	2393	SEMANTIC-MATCH	webEditors/extracted/rc/wb/options/MruButton.js	uglify-expr		True
webEditors	hbs!nmodule/webEditors/rc/fe/baja/template/FacetsEditor	2472	HBS-RECOMPILE-MATCH	webEditors/extracted/rc/fe/baja/template/FacetsEditor.hbs			
webEditors	nmodule/webEditors/rc/fe/baja/FacetsEditor	5210	SEMANTIC-MATCH	webEditors/extracted/rc/fe/baja/FacetsEditor.js	uglify-expr		True
webEditors	nmodule/webEditors/rc/fe/baja/FlexBlobEditor	1236	SKELETON-MATCH	webEditors/extracted/rc/fe/baja/FlexBlobEditor.js	skeleton		True
webEditors	nmodule/webEditors/rc/wb/commands/HelpCommand	2848	SKELETON-MATCH	webEditors/extracted/rc/wb/commands/HelpCommand.js	skeleton		True
webEditors	nmodule/webEditors/rc/fe/baja/FormatEditor	477	SKELETON-MATCH	webEditors/extracted/rc/fe/baja/FormatEditor.js	skeleton		True
webEditors	nmodule/webEditors/rc/fe/baja/FrozenEnumEditor	633	SKELETON-MATCH	webEditors/extracted/rc/fe/baja/FrozenEnumEditor.js	skeleton		True
webEditors	nmodule/webEditors/rc/fe/baja/HostNameEditor	536	SKELETON-MATCH	webEditors/extracted/rc/fe/baja/HostNameEditor.js	skeleton		True
webEditors	nmodule/webEditors/rc/util/ipAddressUtil	1476	SEMANTIC-MATCH	webEditors/extracted/rc/util/ipAddressUtil.js	uglify-expr		True
webEditors	nmodule/webEditors/rc/fe/baja/HostOrdEditor	2525	SKELETON-MATCH	webEditors/extracted/rc/fe/baja/HostOrdEditor.js	skeleton		True
webEditors	nmodule/webEditors/rc/fe/baja/util/Attachable	1979	SKELETON-MATCH	webEditors/extracted/rc/fe/baja/util/Attachable.js	skeleton		True
webEditors	nmodule/webEditors/rc/wb/ActionFirer	1751	SKELETON-MATCH	webEditors/extracted/rc/wb/ActionFirer.js	skeleton		True
webEditors	nmodule/webEditors/rc/wb/commands/ActionsCommand	1209	SEMANTIC-MATCH	webEditors/extracted/rc/wb/commands/ActionsCommand.js	uglify-expr		True
webEditors	nmodule/webEditors/rc/wb/mixin/AttachableSupport	641	SEMANTIC-MATCH	webEditors/extracted/rc/wb/mixin/AttachableSupport.js	compress		True
webEditors	nmodule/webEditors/rc/util/SyncedSessionStorage	2521	SKELETON-MATCH	webEditors/extracted/rc/util/SyncedSessionStorage.js	skeleton		True
webEditors	nmodule/webEditors/rc/wb/util/TransferDataManager	3440	SKELETON-MATCH	webEditors/extracted/rc/wb/util/TransferDataManager.js	skeleton		True
webEditors	nmodule/webEditors/rc/wb/commands/CutCommand	542	SKELETON-MATCH	webEditors/extracted/rc/wb/commands/CutCommand.js	skeleton		True
webEditors	nmodule/webEditors/rc/wb/commands/CopyCommand	495	SKELETON-MATCH	webEditors/extracted/rc/wb/commands/CopyCommand.js	skeleton		True
webEditors	nmodule/webEditors/rc/wb/commands/PasteCommand	2329	SKELETON-MATCH	webEditors/extracted/rc/wb/commands/PasteCommand.js	skeleton		True
webEditors	nmodule/webEditors/rc/wb/commands/PasteSpecialCommand	2434	SKELETON-MATCH	webEditors/extracted/rc/wb/commands/PasteSpecialCommand.js	skeleton		True
webEditors	nmodule/webEditors/rc/wb/commands/ComponentEditorCommand	1576	SKELETON-MATCH	webEditors/extracted/rc/wb/commands/ComponentEditorCommand.js	skeleton		True
webEditors	nmodule/webEditors/rc/wb/commands/RenameCommand	2055	SEMANTIC-MATCH	webEditors/extracted/rc/wb/commands/RenameCommand.js	uglify-expr		True
webEditors	nmodule/webEditors/rc/wb/transfer/transferUtils	3929	SKELETON-MATCH	webEditors/extracted/rc/wb/transfer/transferUtils.js	skeleton		True
webEditors	nmodule/webEditors/rc/wb/mixin/TransferSupport	838	SEMANTIC-MATCH	webEditors/extracted/rc/wb/mixin/TransferSupport.js	compress		True
webEditors	hbs!nmodule/webEditors/rc/wb/template/PropertySheet-row	1153	HBS-RECOMPILE-MATCH	webEditors/extracted/rc/wb/template/PropertySheet-row.hbs			
webEditors	nmodule/webEditors/rc/wb/PropertySheetRow	11726	SKELETON-MATCH	webEditors/extracted/rc/wb/PropertySheetRow.js	skeleton		True
webEditors	hbs!nmodule/webEditors/rc/wb/template/PropertySheet	3897	HBS-RECOMPILE-MATCH	webEditors/extracted/rc/wb/template/PropertySheet.hbs			
webEditors	nmodule/webEditors/rc/wb/PropertySheet	9327	SKELETON-MATCH	webEditors/extracted/rc/wb/PropertySheet.js	skeleton		True
webEditors	nmodule/webEditors/rc/fe/ValueWithPopoutWidget	2535	SKELETON-MATCH	webEditors/extracted/rc/fe/ValueWithPopoutWidget.js	skeleton		True
webEditors	nmodule/webEditors/rc/fe/baja/IconOrdEditor	2053	SKELETON-MATCH	webEditors/extracted/rc/fe/baja/IconOrdEditor.js	skeleton		True
webEditors	nmodule/webEditors/rc/fe/baja/util/IntegralHelper	1219	SEMANTIC-MATCH	webEditors/extracted/rc/fe/baja/util/IntegralHelper.js	uglify-expr		True
webEditors	nmodule/webEditors/rc/fe/baja/util/FloatingPointHelper	1404	SEMANTIC-MATCH	webEditors/extracted/rc/fe/baja/util/FloatingPointHelper.js	compress		True
webEditors	hbs!nmodule/webEditors/rc/fe/baja/template/NumericEditor	940	HBS-RECOMPILE-MATCH	webEditors/extracted/rc/fe/baja/template/NumericEditor.hbs			
webEditors	nmodule/webEditors/rc/fe/baja/NumericEditor	3195	SKELETON-MATCH	webEditors/extracted/rc/fe/baja/NumericEditor.js	skeleton		True
webEditors	nmodule/webEditors/rc/fe/baja/IntegerEditor	1868	SKELETON-MATCH	webEditors/extracted/rc/fe/baja/IntegerEditor.js	skeleton		True
webEditors	nmodule/webEditors/rc/fe/baja/MarkerEditor	703	SKELETON-MATCH	webEditors/extracted/rc/fe/baja/MarkerEditor.js	skeleton		True
webEditors	nmodule/webEditors/rc/wb/mgr/MgrTypeInfo	3411	SKELETON-MATCH	webEditors/extracted/rc/wb/mgr/MgrTypeInfo.js	skeleton		True
webEditors	nmodule/webEditors/rc/wb/mgr/commands/MgrCommand	535	SEMANTIC-MATCH	webEditors/extracted/rc/wb/mgr/commands/MgrCommand.js	compress		True
webEditors	nmodule/webEditors/rc/wb/mgr/mgrUtils	2385	SEMANTIC-MATCH	webEditors/extracted/rc/wb/mgr/mgrUtils.js	compress		True
webEditors	nmodule/webEditors/rc/mixin/DataMixin	517	SEMANTIC-MATCH	webEditors/extracted/rc/mixin/DataMixin.js	compress		True
webEditors	nmodule/webEditors/rc/wb/table/model/Column	2034	SEMANTIC-MATCH	webEditors/extracted/rc/wb/table/model/Column.js	compress		True
webEditors	nmodule/webEditors/rc/wb/table/model/Row	365	SEMANTIC-MATCH	webEditors/extracted/rc/wb/table/model/Row.js	compress		True
webEditors	nmodule/webEditors/rc/wb/table/model/TableModel	6599	SKELETON-MATCH	webEditors/extracted/rc/wb/table/model/TableModel.js	skeleton		True
webEditors	nmodule/webEditors/rc/wb/table/pagination/PaginationModel	2045	SEMANTIC-MATCH	webEditors/extracted/rc/wb/table/pagination/PaginationModel.js	uglify-expr		True
webEditors	nmodule/webEditors/rc/wb/table/Table	13300	SKELETON-MATCH	webEditors/extracted/rc/wb/table/Table.js	skeleton		True
webEditors	nmodule/webEditors/rc/fe/baja/MgrStringEditor	6950	SKELETON-MATCH	webEditors/extracted/rc/fe/baja/MgrStringEditor.js	skeleton		True
webEditors	nmodule/webEditors/rc/fe/baja/NameListEditor	2868	SKELETON-MATCH	webEditors/extracted/rc/fe/baja/NameListEditor.js	skeleton		True
webEditors	nmodule/webEditors/rc/wb/commands/GoToCommand	751	SKELETON-MATCH	webEditors/extracted/rc/wb/commands/GoToCommand.js	skeleton		True
webEditors	nmodule/webEditors/rc/fe/baja/OrdEditor	2712	SKELETON-MATCH	webEditors/extracted/rc/fe/baja/OrdEditor.js	skeleton		True
webEditors	nmodule/webEditors/rc/fe/baja/OrdListEditor	2350	SEMANTIC-MATCH	webEditors/extracted/rc/fe/baja/OrdListEditor.js	uglify-expr		True
webEditors	nmodule/webEditors/rc/fe/baja/OverrideRelTimeEditor	2781	DIFFERS	webEditors/extracted/rc/fe/baja/OverrideRelTimeEditor.js			True
webEditors	nmodule/webEditors/rc/fe/baja/OverrideEditor	879	SEMANTIC-MATCH	webEditors/extracted/rc/fe/baja/OverrideEditor.js	uglify-expr		True
webEditors	nmodule/webEditors/rc/fe/baja/PermissionsEditor	1060	SEMANTIC-MATCH	webEditors/extracted/rc/fe/baja/PermissionsEditor.js	uglify-expr		True
webEditors	hbs!nmodule/webEditors/rc/fe/baja/template/PermissionsRow	6002	HBS-RECOMPILE-MATCH	webEditors/extracted/rc/fe/baja/template/PermissionsRow.hbs			
webEditors	nmodule/webEditors/rc/fe/baja/PermissionsRowEditor	3776	SKELETON-MATCH	webEditors/extracted/rc/fe/baja/PermissionsRowEditor.js	skeleton		True
webEditors	hbs!nmodule/webEditors/rc/fe/baja/template/PermissionsTable	3409	HBS-RECOMPILE-MATCH	webEditors/extracted/rc/fe/baja/template/PermissionsTable.hbs			
webEditors	nmodule/webEditors/rc/fe/baja/PermissionsGridEditor	1309	SEMANTIC-MATCH	webEditors/extracted/rc/fe/baja/PermissionsGridEditor.js	uglify-expr		True
webEditors	nmodule/webEditors/rc/fe/baja/util/userUtils	928	SEMANTIC-MATCH	webEditors/extracted/rc/fe/baja/util/userUtils.js	uglify-expr		True
webEditors	nmodule/webEditors/rc/fe/baja/PermissionsMapEditor	2670	SEMANTIC-MATCH	webEditors/extracted/rc/fe/baja/PermissionsMapEditor.js	uglify-expr		True
webEditors	nmodule/webEditors/rc/fe/baja/PermissionsMapGridEditor	3874	SEMANTIC-MATCH	webEditors/extracted/rc/fe/baja/PermissionsMapGridEditor.js	uglify-expr		True
webEditors	hbs!nmodule/webEditors/rc/fe/baja/template/RelTimeEditor	2143	HBS-RECOMPILE-MATCH	webEditors/extracted/rc/fe/baja/template/RelTimeEditor.hbs			
webEditors	nmodule/webEditors/rc/fe/baja/RelTimeEditor	3960	SEMANTIC-MATCH	webEditors/extracted/rc/fe/baja/RelTimeEditor.js	uglify-expr		True
webEditors	nmodule/webEditors/rc/fe/baja/SslTlsEnumEditor	954	SKELETON-MATCH	webEditors/extracted/rc/fe/baja/SslTlsEnumEditor.js	skeleton		True
webEditors	nmodule/webEditors/rc/fe/baja/util/statusUtils	1840	SKELETON-MATCH	webEditors/extracted/rc/fe/baja/util/statusUtils.js	skeleton		True
webEditors	nmodule/webEditors/rc/fe/baja/StatusEditor	1594	SKELETON-MATCH	webEditors/extracted/rc/fe/baja/StatusEditor.js	skeleton		True
webEditors	nmodule/webEditors/rc/fe/baja/StatusValueEditor	1749	SKELETON-MATCH	webEditors/extracted/rc/fe/baja/StatusValueEditor.js	skeleton		True
webEditors	nmodule/webEditors/rc/fe/baja/TabbedCompositeEditor	1801	SEMANTIC-MATCH	webEditors/extracted/rc/fe/baja/TabbedCompositeEditor.js	uglify-expr		True
webEditors	nmodule/webEditors/rc/fe/baja/TimeRangeEditor	356	SEMANTIC-MATCH	webEditors/extracted/rc/fe/baja/TimeRangeEditor.js	uglify-expr		True
webEditors	nmodule/webEditors/rc/fe/baja/TimeZoneEditor	1416	SEMANTIC-MATCH	webEditors/extracted/rc/fe/baja/TimeZoneEditor.js	uglify-expr		True
webEditors	nmodule/webEditors/rc/servlets/typeConfig	792	SEMANTIC-MATCH	webEditors/extracted/rc/servlets/typeConfig.js	compress		True
webEditors	nmodule/webEditors/rc/fe/baja/TypeConfigEditor	5295	SKELETON-MATCH	webEditors/extracted/rc/fe/baja/TypeConfigEditor.js	skeleton		True
webEditors	nmodule/webEditors/rc/fe/baja/TypeSpecEditor	5056	SEMANTIC-MATCH	webEditors/extracted/rc/fe/baja/TypeSpecEditor.js	uglify-expr		True
webEditors	nmodule/webEditors/rc/fe/baja/UnitEditor	3406	SKELETON-MATCH	webEditors/extracted/rc/fe/baja/UnitEditor.js	skeleton		True
webEditors	hbs!nmodule/webEditors/rc/fe/baja/template/UsernameAndPassword	2303	HBS-RECOMPILE-MATCH	webEditors/extracted/rc/fe/baja/template/UsernameAndPassword.hbs			
webEditors	nmodule/webEditors/rc/fe/baja/UsernameAndPasswordEditor	2836	SKELETON-MATCH	webEditors/extracted/rc/fe/baja/UsernameAndPasswordEditor.js	skeleton		True
webEditors	nmodule/webEditors/rc/fe/baja/util/ChunkSubscriber	1423	SKELETON-MATCH	webEditors/extracted/rc/fe/baja/util/ChunkSubscriber.js	skeleton		True
webEditors	nmodule/webEditors/rc/fe/baja/util/DepthSubscriber	3766	SEMANTIC-MATCH	webEditors/extracted/rc/fe/baja/util/DepthSubscriber.js	uglify-expr		True
webEditors	nmodule/webEditors/rc/servlets/views	450	SEMANTIC-MATCH	webEditors/extracted/rc/servlets/views.js	compress		True
webEditors	nmodule/webEditors/rc/transform/transformer/ExporterTransformer	2850	SKELETON-MATCH	webEditors/extracted/rc/transform/transformer/ExporterTransformer.js	skeleton		True
webEditors	nmodule/webEditors/rc/wb/profile/ServletViewWidget	3413	SKELETON-MATCH	webEditors/extracted/rc/wb/profile/ServletViewWidget.js	skeleton		True
webEditors	nmodule/webEditors/rc/transform/exportUtils	3775	SKELETON-MATCH	webEditors/extracted/rc/transform/exportUtils.js	skeleton		True
webEditors	nmodule/webEditors/rc/util/fileUtils	2828	SKELETON-MATCH	webEditors/extracted/rc/util/fileUtils.js	skeleton		True
webEditors	nmodule/webEditors/rc/transform/destination/FileDownloadDestinationType	1216	SKELETON-MATCH	webEditors/extracted/rc/transform/destination/FileDownloadDestinationType.js	skeleton		True
webEditors	nmodule/webEditors/rc/transform/config/ExportDialog	6525	SKELETON-MATCH	webEditors/extracted/rc/transform/config/ExportDialog.js	skeleton		True
webEditors	nmodule/webEditors/rc/transform/ExportCommand	1492	SKELETON-MATCH	webEditors/extracted/rc/transform/ExportCommand.js	skeleton		True
webEditors	nmodule/webEditors/rc/wb/commands/SelectionModeCommand	527	SKELETON-MATCH	webEditors/extracted/rc/wb/commands/SelectionModeCommand.js	skeleton		True
webEditors	nmodule/webEditors/rc/wb/menu/Separator	261	SKELETON-MATCH	webEditors/extracted/rc/wb/menu/Separator.js	skeleton		True
webEditors	nmodule/webEditors/rc/wb/commands/transfer/TransferCommand	1538	SEMANTIC-MATCH	webEditors/extracted/rc/wb/commands/transfer/TransferCommand.js	uglify-expr		True
webEditors	nmodule/webEditors/rc/wb/menu/menuAgents	423	SEMANTIC-MATCH	webEditors/extracted/rc/wb/menu/menuAgents.js	uglify-expr		True
webEditors	nmodule/webEditors/rc/wb/menu/newComponents	678	SEMANTIC-MATCH	webEditors/extracted/rc/wb/menu/newComponents.js	compress		True
webEditors	nmodule/webEditors/rc/fe/RadioButtonGroup	1243	SKELETON-MATCH	webEditors/extracted/rc/fe/RadioButtonGroup.js	skeleton		True
webEditors	nmodule/webEditors/rc/fe/ValueWithCheckbox	1869	SKELETON-MATCH	webEditors/extracted/rc/fe/ValueWithCheckbox.js	skeleton		True
webEditors	nmodule/webEditors/rc/wb/table/commands/AddRowCommand	979	SKELETON-MATCH	webEditors/extracted/rc/wb/table/commands/AddRowCommand.js	skeleton		True
webEditors	nmodule/webEditors/rc/wb/table/commands/MoveDownCommand	1178	SKELETON-MATCH	webEditors/extracted/rc/wb/table/commands/MoveDownCommand.js	skeleton		True
webEditors	nmodule/webEditors/rc/wb/table/commands/MoveUpCommand	1128	SKELETON-MATCH	webEditors/extracted/rc/wb/table/commands/MoveUpCommand.js	skeleton		True
webEditors	nmodule/webEditors/rc/wb/table/commands/RemoveCommand	1400	SKELETON-MATCH	webEditors/extracted/rc/wb/table/commands/RemoveCommand.js	skeleton		True
webEditors	nmodule/webEditors/rc/wb/table/model/columns/JsonObjectPropertyColumn	336	SEMANTIC-MATCH	webEditors/extracted/rc/wb/table/model/columns/JsonObjectPropertyColumn.js	uglify-expr		True
webEditors	nmodule/webEditors/rc/wb/table/EditTable	6769	SKELETON-MATCH	webEditors/extracted/rc/wb/table/EditTable.js	skeleton		True
webEditors	nmodule/webEditors/rc/wb/menu/NewViewEditor	4798	SKELETON-MATCH	webEditors/extracted/rc/wb/menu/NewViewEditor.js	skeleton		True
webEditors	nmodule/webEditors/rc/wb/menu/NewViewCommand	3139	SKELETON-MATCH	webEditors/extracted/rc/wb/menu/NewViewCommand.js	skeleton		True
webEditors	nmodule/webEditors/rc/wb/menu/menuUtils	3491	SEMANTIC-MATCH	webEditors/extracted/rc/wb/menu/menuUtils.js	uglify-expr		True
webEditors	nmodule/webEditors/rc/wb/menu/componentMenuAgent	5332	SKELETON-MATCH	webEditors/extracted/rc/wb/menu/componentMenuAgent.js	skeleton		True
webEditors	nmodule/webEditors/rc/wb/menu/navMenuAgent	473	SEMANTIC-MATCH	webEditors/extracted/rc/wb/menu/navMenuAgent.js	compress		True
webEditors	nmodule/webEditors/rc/wb/menu/bogFileMenuAgent	805	SEMANTIC-MATCH	webEditors/extracted/rc/wb/menu/bogFileMenuAgent.js	compress		True
webEditors	nmodule/webEditors/rc/wb/menu/baseMenuAgentSet	266	SEMANTIC-MATCH	webEditors/extracted/rc/wb/menu/baseMenuAgentSet.js	compress		True
webEditors	nmodule/webEditors/rc/wb/mixin/ContextMenuSupport	1422	SKELETON-MATCH	webEditors/extracted/rc/wb/mixin/ContextMenuSupport.js	skeleton		True
webEditors	nmodule/webEditors/rc/wb/menu/CommandGroupContextMenu	8890	SKELETON-MATCH	webEditors/extracted/rc/wb/menu/CommandGroupContextMenu.js	skeleton		True
webEditors	nmodule/webEditors/rc/wb/commands/UndoCommand	908	SKELETON-MATCH	webEditors/extracted/rc/wb/commands/UndoCommand.js	skeleton		True
webEditors	nmodule/webEditors/rc/wb/commands/RedoCommand	749	SKELETON-MATCH	webEditors/extracted/rc/wb/commands/RedoCommand.js	skeleton		True
webEditors	nmodule/webEditors/rc/wb/profile/profileUtils	5137	SKELETON-MATCH	webEditors/extracted/rc/wb/profile/profileUtils.js	skeleton		True
webEditors	nmodule/webEditors/rc/fe/baja/ViewQueryEditor	4271	SKELETON-MATCH	webEditors/extracted/rc/fe/baja/ViewQueryEditor.js	skeleton		True
webEditors	nmodule/webEditors/rc/fe/baseEditorSet	1493	EMPTY-STUB	webEditors/extracted/rc/fe/baseEditorSet.js			True
webEditors	nmodule/webEditors/rc/fe/JSONPropertySheet	2048	SKELETON-MATCH	webEditors/extracted/rc/fe/JSONPropertySheet.js	skeleton		True
webEditors	nmodule/webEditors/rc/fe/ToolTip	1166	SKELETON-MATCH	webEditors/extracted/rc/fe/ToolTip.js	skeleton		True
webEditors	nmodule/webEditors/rc/file/commands/CreateFileCommand	1478	SKELETON-MATCH	webEditors/extracted/rc/file/commands/CreateFileCommand.js	skeleton		True
webEditors	nmodule/webEditors/rc/file/commands/DeleteFileCommand	1047	SKELETON-MATCH	webEditors/extracted/rc/file/commands/DeleteFileCommand.js	skeleton		True
webEditors	nmodule/webEditors/rc/file/commands/MakeDirCommand	927	SKELETON-MATCH	webEditors/extracted/rc/file/commands/MakeDirCommand.js	skeleton		True
webEditors	nmodule/webEditors/rc/file/commands/RenameFileCommand	963	SKELETON-MATCH	webEditors/extracted/rc/file/commands/RenameFileCommand.js	skeleton		True
webEditors	nmodule/webEditors/rc/file/fe/UploadFileEditor	1149	SKELETON-MATCH	webEditors/extracted/rc/file/fe/UploadFileEditor.js	skeleton		True
webEditors	nmodule/webEditors/rc/file/commands/UploadFileCommand	1222	SKELETON-MATCH	webEditors/extracted/rc/file/commands/UploadFileCommand.js	skeleton		True
webEditors	nmodule/webEditors/rc/file/menu/fileMenuAgent	1559	SEMANTIC-MATCH	webEditors/extracted/rc/file/menu/fileMenuAgent.js	compress		True
webEditors	nmodule/webEditors/rc/fox/baja/LearnStation	1208	SKELETON-MATCH	webEditors/extracted/rc/fox/baja/LearnStation.js	skeleton		True
webEditors	nmodule/webEditors/rc/helpers/enumRangeHelper	510	SKELETON-MATCH	webEditors/extracted/rc/helpers/enumRangeHelper.js	skeleton		True
webEditors	nmodule/webEditors/rc/helpers/facetsHelper	374	SEMANTIC-MATCH	webEditors/extracted/rc/helpers/facetsHelper.js	compress		True
webEditors	nmodule/webEditors/rc/mixin/zoomMixIn	1601	SKELETON-MATCH	webEditors/extracted/rc/mixin/zoomMixIn.js	skeleton		True
webEditors	nmodule/webEditors/rc/mixin/zoomScrollMixIn	2375	SEMANTIC-MATCH	webEditors/extracted/rc/mixin/zoomScrollMixIn.js	uglify-expr		True
webEditors	nmodule/webEditors/rc/queryTableUtils/commands/ResetSortCommand	349	SKELETON-MATCH	webEditors/extracted/rc/queryTableUtils/commands/ResetSortCommand.js	skeleton		True
webEditors	nmodule/webEditors/rc/util/chunkUtil	826	SKELETON-MATCH	webEditors/extracted/rc/util/chunkUtil.js	skeleton		True
webEditors	nmodule/webEditors/rc/servlets/QueryAdapter	2363	SEMANTIC-MATCH	webEditors/extracted/rc/servlets/QueryAdapter.js	compress		True
webEditors	nmodule/webEditors/rc/wb/table/model/columns/PropertyColumn	1574	SKELETON-MATCH	webEditors/extracted/rc/wb/table/model/columns/PropertyColumn.js	skeleton		True
webEditors	nmodule/webEditors/rc/queryTableUtils/QueryTableQueryAdapter	2920	SKELETON-MATCH	webEditors/extracted/rc/queryTableUtils/QueryTableQueryAdapter.js	skeleton		True
webEditors	nmodule/webEditors/rc/queryTableUtils/QueryTablePaginationModel	2442	SKELETON-MATCH	webEditors/extracted/rc/queryTableUtils/QueryTablePaginationModel.js	skeleton		True
webEditors	nmodule/webEditors/rc/queryTableUtils/QueryTableStateHandler	1563	SEMANTIC-MATCH	webEditors/extracted/rc/queryTableUtils/QueryTableStateHandler.js	compress		True
webEditors	nmodule/webEditors/rc/queryTableUtils/TableFilter	2749	SEMANTIC-MATCH	webEditors/extracted/rc/queryTableUtils/TableFilter.js	uglify-expr		True
webEditors	nmodule/webEditors/rc/servlets/category	886	SEMANTIC-MATCH	webEditors/extracted/rc/servlets/category.js	uglify-expr		True
webEditors	nmodule/webEditors/rc/servlets/navMonitor	1939	SEMANTIC-MATCH	webEditors/extracted/rc/servlets/navMonitor.js	uglify-expr		True
webEditors	nmodule/webEditors/rc/wb/tree/TreeNode	4693	SEMANTIC-MATCH	webEditors/extracted/rc/wb/tree/TreeNode.js	uglify-expr		True
webEditors	nmodule/webEditors/rc/servlets/palette	1346	SKELETON-MATCH	webEditors/extracted/rc/servlets/palette.js	skeleton		True
webEditors	nmodule/webEditors/rc/servlets/resolveServerSide	1275	SKELETON-MATCH	webEditors/extracted/rc/servlets/resolveServerSide.js	skeleton		True
webEditors	nmodule/webEditors/rc/servlets/valueDocEncodingUtil	464	SEMANTIC-MATCH	webEditors/extracted/rc/servlets/valueDocEncodingUtil.js	uglify-expr		True
webEditors	nmodule/webEditors/rc/transform/destination/StationFileDestinationType	2445	SKELETON-MATCH	webEditors/extracted/rc/transform/destination/StationFileDestinationType.js	skeleton		True
webEditors	nmodule/webEditors/rc/transform/ServletViewTransformOperationProvider	402	SKELETON-MATCH	webEditors/extracted/rc/transform/ServletViewTransformOperationProvider.js	skeleton		True
webEditors	nmodule/webEditors/rc/transform/transformer/TableModelToJson	2939	SKELETON-MATCH	webEditors/extracted/rc/transform/transformer/TableModelToJson.js	skeleton		True
webEditors	nmodule/webEditors/rc/transform/transformer/TableModelToCsv	2672	SKELETON-MATCH	webEditors/extracted/rc/transform/transformer/TableModelToCsv.js	skeleton		True
webEditors	nmodule/webEditors/rc/transform/TableTransformOperationProvider	729	SKELETON-MATCH	webEditors/extracted/rc/transform/TableTransformOperationProvider.js	skeleton		True
webEditors	nmodule/webEditors/rc/typedefs	53	STUB-OR-VENDOR-WRAPPER	webEditors/extracted/rc/typedefs.js			
webEditors	nmodule/webEditors/rc/util/commonDialogs	870	SEMANTIC-MATCH	webEditors/extracted/rc/util/commonDialogs.js	uglify-expr		True
webEditors	nmodule/webEditors/rc/util/decorate	561	SEMANTIC-MATCH	webEditors/extracted/rc/util/decorate.js	compress		True
webEditors	nmodule/webEditors/rc/util/I18NProvider	556	SKELETON-MATCH	webEditors/extracted/rc/util/I18NProvider.js	skeleton		True
webEditors	nmodule/webEditors/rc/util/OrderedEventProcessor	546	SEMANTIC-MATCH	webEditors/extracted/rc/util/OrderedEventProcessor.js	compress		True
webEditors	nmodule/webEditors/rc/util/PatternFilter	724	SKELETON-MATCH	webEditors/extracted/rc/util/PatternFilter.js	skeleton		True
webEditors	nmodule/webEditors/rc/wb/audio/AudioManager	2074	SKELETON-MATCH	webEditors/extracted/rc/wb/audio/AudioManager.js	skeleton		True
webEditors	nmodule/webEditors/rc/wb/baja/clientLinkCheck	2329	SEMANTIC-MATCH	webEditors/extracted/rc/wb/baja/clientLinkCheck.js	uglify-expr		True
webEditors	nmodule/webEditors/rc/wb/baja/linkCheckUtil	1265	SEMANTIC-MATCH	webEditors/extracted/rc/wb/baja/linkCheckUtil.js	uglify-expr		True
webEditors	nmodule/webEditors/rc/wb/commands/AddSlotCommand	4467	SKELETON-MATCH	webEditors/extracted/rc/wb/commands/AddSlotCommand.js	skeleton		True
webEditors	hbs!nmodule/webEditors/rc/wb/template/FlagConfig	1422	HBS-RECOMPILE-MATCH	webEditors/extracted/rc/wb/template/FlagConfig.hbs			
webEditors	nmodule/webEditors/rc/wb/FlagConfig	1794	SKELETON-MATCH	webEditors/extracted/rc/wb/FlagConfig.js	skeleton		True
webEditors	nmodule/webEditors/rc/wb/commands/AddSlotEditor	1721	SEMANTIC-MATCH	webEditors/extracted/rc/wb/commands/AddSlotEditor.js	uglify-expr		True
webEditors	nmodule/webEditors/rc/wb/commands/CloseDialogCommand	506	SKELETON-MATCH	webEditors/extracted/rc/wb/commands/CloseDialogCommand.js	skeleton		True
webEditors	hbs!nmodule/webEditors/rc/wb/template/NavTree	481	HBS-RECOMPILE-MATCH	webEditors/extracted/rc/wb/template/NavTree.hbs			
webEditors	nmodule/webEditors/rc/wb/tree/NavTree	14088	SKELETON-MATCH	webEditors/extracted/rc/wb/tree/NavTree.js	skeleton		True
webEditors	nmodule/webEditors/rc/wb/tree/BajaSlotTreeNode	457	SEMANTIC-MATCH	webEditors/extracted/rc/wb/tree/BajaSlotTreeNode.js	uglify-expr		True
webEditors	nmodule/webEditors/rc/wb/tree/BajaComplexTreeNode	1364	SKELETON-MATCH	webEditors/extracted/rc/wb/tree/BajaComplexTreeNode.js	skeleton		True
webEditors	nmodule/webEditors/rc/wb/composite/commands/AddCommand	1872	SKELETON-MATCH	webEditors/extracted/rc/wb/composite/commands/AddCommand.js	skeleton		True
webEditors	nmodule/webEditors/rc/wb/table/commands/RenameCommand	1276	SKELETON-MATCH	webEditors/extracted/rc/wb/table/commands/RenameCommand.js	skeleton		True
webEditors	nmodule/webEditors/rc/wb/composite/commands/ReverseCommand	772	SKELETON-MATCH	webEditors/extracted/rc/wb/composite/commands/ReverseCommand.js	skeleton		True
webEditors	nmodule/webEditors/rc/wb/composite/commands/CompositeCommand	3644	SKELETON-MATCH	webEditors/extracted/rc/wb/composite/commands/CompositeCommand.js	skeleton		True
webEditors	hbs!nmodule/webEditors/rc/wb/composite/template/CompositeEditor	1980	HBS-RECOMPILE-MATCH	webEditors/extracted/rc/wb/composite/template/CompositeEditor.hbs			
webEditors	nmodule/webEditors/rc/wb/composite/CompositeEditor	8781	SKELETON-MATCH	webEditors/extracted/rc/wb/composite/CompositeEditor.js	skeleton		True
webEditors	nmodule/webEditors/rc/wb/commands/CompositeEditorCommand	741	SEMANTIC-MATCH	webEditors/extracted/rc/wb/commands/CompositeEditorCommand.js	uglify-expr		True
webEditors	nmodule/webEditors/rc/wb/commands/ConfigFacetsCommand	922	SKELETON-MATCH	webEditors/extracted/rc/wb/commands/ConfigFacetsCommand.js	skeleton		True
webEditors	nmodule/webEditors/rc/wb/commands/ConfigFlagsCommand	1033	SKELETON-MATCH	webEditors/extracted/rc/wb/commands/ConfigFlagsCommand.js	skeleton		True
webEditors	nmodule/webEditors/rc/wb/commands/ContextMenuCommand	602	SKELETON-MATCH	webEditors/extracted/rc/wb/commands/ContextMenuCommand.js	skeleton		True
webEditors	nmodule/webEditors/rc/wb/commands/DatePickerPopupCommand	832	SEMANTIC-MATCH	webEditors/extracted/rc/wb/commands/DatePickerPopupCommand.js	uglify-expr		True
webEditors	nmodule/webEditors/rc/wb/commands/DeleteBogFileCommand	1100	SKELETON-MATCH	webEditors/extracted/rc/wb/commands/DeleteBogFileCommand.js	skeleton		True
webEditors	nmodule/webEditors/rc/wb/commands/DeleteCommand	783	SKELETON-MATCH	webEditors/extracted/rc/wb/commands/DeleteCommand.js	skeleton		True
webEditors	nmodule/webEditors/rc/wb/commands/DuplicateCommand	1001	SKELETON-MATCH	webEditors/extracted/rc/wb/commands/DuplicateCommand.js	skeleton		True
webEditors	nmodule/webEditors/rc/wb/commands/HomeCommand	408	SEMANTIC-MATCH	webEditors/extracted/rc/wb/commands/HomeCommand.js	uglify-expr		True
webEditors	hbs!nmodule/webEditors/rc/wb/links/template/SlotChooser-row	2092	HBS-RECOMPILE-MATCH	webEditors/extracted/rc/wb/links/template/SlotChooser-row.hbs			
webEditors	nmodule/webEditors/rc/wb/links/SlotChooser	3975	SEMANTIC-MATCH	webEditors/extracted/rc/wb/links/SlotChooser.js	uglify-expr		True
webEditors	hbs!nmodule/webEditors/rc/wb/links/template/LinkPad	1715	HBS-RECOMPILE-MATCH	webEditors/extracted/rc/wb/links/template/LinkPad.hbs			
webEditors	nmodule/webEditors/rc/wb/links/LinkPad	6278	SKELETON-MATCH	webEditors/extracted/rc/wb/links/LinkPad.js	skeleton		True
webEditors	nmodule/webEditors/rc/wb/commands/LinkCommand	2989	SKELETON-MATCH	webEditors/extracted/rc/wb/commands/LinkCommand.js	skeleton		True
webEditors	nmodule/webEditors/rc/wb/commands/LinkFromCommand	498	SEMANTIC-MATCH	webEditors/extracted/rc/wb/commands/LinkFromCommand.js	uglify-expr		True
webEditors	nmodule/webEditors/rc/wb/commands/LinkMarkCommand	581	SEMANTIC-MATCH	webEditors/extracted/rc/wb/commands/LinkMarkCommand.js	uglify-expr		True
webEditors	nmodule/webEditors/rc/wb/commands/LinkToCommand	492	SEMANTIC-MATCH	webEditors/extracted/rc/wb/commands/LinkToCommand.js	uglify-expr		True
webEditors	nmodule/webEditors/rc/wb/commands/LogoutCommand	618	SEMANTIC-MATCH	webEditors/extracted/rc/wb/commands/LogoutCommand.js	uglify-expr		True
webEditors	nmodule/webEditors/rc/wb/commands/multisheet/ShowActionsAndTopicsCommand	414	SEMANTIC-MATCH	webEditors/extracted/rc/wb/commands/multisheet/ShowActionsAndTopicsCommand.js	uglify-expr		True
webEditors	nmodule/webEditors/rc/wb/commands/multisheet/ShowHiddenSlotsCommand	648	SEMANTIC-MATCH	webEditors/extracted/rc/wb/commands/multisheet/ShowHiddenSlotsCommand.js	uglify-expr		True
webEditors	nmodule/webEditors/rc/wb/commands/multisheet/ToggleSlotModeCommand	664	SEMANTIC-MATCH	webEditors/extracted/rc/wb/commands/multisheet/ToggleSlotModeCommand.js	uglify-expr		True
webEditors	nmodule/webEditors/rc/wb/links/RelatePad	2442	SKELETON-MATCH	webEditors/extracted/rc/wb/links/RelatePad.js	skeleton		True
webEditors	nmodule/webEditors/rc/wb/commands/RelateCommand	3869	SKELETON-MATCH	webEditors/extracted/rc/wb/commands/RelateCommand.js	skeleton		True
webEditors	nmodule/webEditors/rc/wb/commands/RelateFromCommand	571	SKELETON-MATCH	webEditors/extracted/rc/wb/commands/RelateFromCommand.js	skeleton		True
webEditors	nmodule/webEditors/rc/wb/commands/RelateToCommand	565	SKELETON-MATCH	webEditors/extracted/rc/wb/commands/RelateToCommand.js	skeleton		True
webEditors	nmodule/webEditors/rc/wb/commands/RelationMarkCommand	609	SKELETON-MATCH	webEditors/extracted/rc/wb/commands/RelationMarkCommand.js	skeleton		True
webEditors	nmodule/webEditors/rc/wb/commands/RenameBogFileCommand	998	SKELETON-MATCH	webEditors/extracted/rc/wb/commands/RenameBogFileCommand.js	skeleton		True
webEditors	nmodule/webEditors/rc/wb/commands/ReorderSlotsDialog	4278	SEMANTIC-MATCH	webEditors/extracted/rc/wb/commands/ReorderSlotsDialog.js	uglify-expr		True
webEditors	nmodule/webEditors/rc/wb/commands/ReorderSlotsCommand	1570	SEMANTIC-MATCH	webEditors/extracted/rc/wb/commands/ReorderSlotsCommand.js	uglify-expr		True
webEditors	nmodule/webEditors/rc/wb/commands/SaveBogFileCommand	357	SEMANTIC-MATCH	webEditors/extracted/rc/wb/commands/SaveBogFileCommand.js	uglify-expr		True
webEditors	hbs!nmodule/webEditors/rc/wb/profile/agentListTemplate	3350	HBS-RECOMPILE-MATCH	webEditors/extracted/rc/wb/profile/agentListTemplate.hbs			
webEditors	nmodule/webEditors/rc/wb/commands/SelectViewCommand	894	SEMANTIC-MATCH	webEditors/extracted/rc/wb/commands/SelectViewCommand.js	uglify-expr		True
webEditors	nmodule/webEditors/rc/wb/commands/SetCommand	1128	SKELETON-MATCH	webEditors/extracted/rc/wb/commands/SetCommand.js	skeleton		True
webEditors	nmodule/webEditors/rc/wb/commands/SetDisplayNameCommand	1893	SEMANTIC-MATCH	webEditors/extracted/rc/wb/commands/SetDisplayNameCommand.js	uglify-expr		True
webEditors	nmodule/webEditors/rc/wb/mixin/textEditorMixIn	4761	SKELETON-MATCH	webEditors/extracted/rc/wb/mixin/textEditorMixIn.js	skeleton		True
webEditors	nmodule/webEditors/rc/wb/file/TextFileEditor	1570	SKELETON-MATCH	webEditors/extracted/rc/wb/file/TextFileEditor.js	skeleton		True
webEditors	nmodule/webEditors/rc/wb/job/commands/JobCommand	460	SKELETON-MATCH	webEditors/extracted/rc/wb/job/commands/JobCommand.js	skeleton		True
webEditors	nmodule/webEditors/rc/wb/job/jobSupport	3139	SKELETON-MATCH	webEditors/extracted/rc/wb/job/jobSupport.js	skeleton		True
webEditors	nmodule/webEditors/rc/wb/job/commands/ViewLogCommand	1309	SKELETON-MATCH	webEditors/extracted/rc/wb/job/commands/ViewLogCommand.js	skeleton		True
webEditors	hbs!nmodule/webEditors/rc/wb/job/template/JobBar	719	HBS-RECOMPILE-MATCH	webEditors/extracted/rc/wb/job/template/JobBar.hbs			
webEditors	nmodule/webEditors/rc/wb/job/JobBar	3494	SKELETON-MATCH	webEditors/extracted/rc/wb/job/JobBar.js	skeleton		True
webEditors	hbs!nmodule/webEditors/rc/wb/job/template/JobEditor	726	HBS-RECOMPILE-MATCH	webEditors/extracted/rc/wb/job/template/JobEditor.hbs			
webEditors	nmodule/webEditors/rc/wb/job/JobEditor	610	SEMANTIC-MATCH	webEditors/extracted/rc/wb/job/JobEditor.js	uglify-expr		True
webEditors	hbs!nmodule/webEditors/rc/wb/job/template/JobLogWidget	509	HBS-RECOMPILE-MATCH	webEditors/extracted/rc/wb/job/template/JobLogWidget.hbs			
webEditors	nmodule/webEditors/rc/wb/job/JobLogWidget	5792	SKELETON-MATCH	webEditors/extracted/rc/wb/job/JobLogWidget.js	skeleton		True
webEditors	nmodule/webEditors/rc/wb/tree/BajaNavTreeNode	3763	SKELETON-MATCH	webEditors/extracted/rc/wb/tree/BajaNavTreeNode.js	skeleton		True
webEditors	nmodule/webEditors/rc/wb/tree/BajaNavFileTreeNode	530	SEMANTIC-MATCH	webEditors/extracted/rc/wb/tree/BajaNavFileTreeNode.js	uglify-expr		True
webEditors	nmodule/webEditors/rc/wb/tree/stationTree	2496	SEMANTIC-MATCH	webEditors/extracted/rc/wb/tree/stationTree.js	uglify-expr		True
webEditors	nmodule/webEditors/rc/wb/tree/nodeUtils	1890	SEMANTIC-MATCH	webEditors/extracted/rc/wb/tree/nodeUtils.js	uglify-expr		True
webEditors	hbs!nmodule/webEditors/rc/wb/links/template/OrdChooser	2178	HBS-RECOMPILE-MATCH	webEditors/extracted/rc/wb/links/template/OrdChooser.hbs			
webEditors	nmodule/webEditors/rc/wb/links/OrdChooser	17550	SKELETON-MATCH	webEditors/extracted/rc/wb/links/OrdChooser.js	skeleton		True
webEditors	nmodule/webEditors/rc/wb/links/LinkEditor	3699	SKELETON-MATCH	webEditors/extracted/rc/wb/links/LinkEditor.js	skeleton		True
webEditors	nmodule/webEditors/rc/wb/links/LinkOrRelatePad	2716	SKELETON-MATCH	webEditors/extracted/rc/wb/links/LinkOrRelatePad.js	skeleton		True
webEditors	nmodule/webEditors/rc/wb/LoggerConfiguration	5376	SKELETON-MATCH	webEditors/extracted/rc/wb/LoggerConfiguration.js	skeleton		True
webEditors	nmodule/webEditors/rc/wb/table/menu/DefaultTableContextMenu	2022	SKELETON-MATCH	webEditors/extracted/rc/wb/table/menu/DefaultTableContextMenu.js	skeleton		True
webEditors	nmodule/webEditors/rc/wb/table/ExportOnlyTable	657	SKELETON-MATCH	webEditors/extracted/rc/wb/table/ExportOnlyTable.js	skeleton		True
webEditors	nmodule/webEditors/rc/wb/table/tree/TreeNodeRow	473	SEMANTIC-MATCH	webEditors/extracted/rc/wb/table/tree/TreeNodeRow.js	uglify-expr		True
webEditors	nmodule/webEditors/rc/wb/table/tree/TreeTableModel	2222	SKELETON-MATCH	webEditors/extracted/rc/wb/table/tree/TreeTableModel.js	skeleton		True
webEditors	nmodule/webEditors/rc/wb/tree/JSONTreeNode	601	SEMANTIC-MATCH	webEditors/extracted/rc/wb/tree/JSONTreeNode.js	uglify-expr		True
webEditors	nmodule/webEditors/rc/wb/table/tree/impl/JSONTreeTableModel	551	SEMANTIC-MATCH	webEditors/extracted/rc/wb/table/tree/impl/JSONTreeTableModel.js	uglify-expr		True
webEditors	nmodule/webEditors/rc/wb/menu/GetUserLoginHistoryCommand	3105	SKELETON-MATCH	webEditors/extracted/rc/wb/menu/GetUserLoginHistoryCommand.js	skeleton		True
webEditors	nmodule/webEditors/rc/wb/menu/userMenuAgent	403	SEMANTIC-MATCH	webEditors/extracted/rc/wb/menu/userMenuAgent.js	compress		True
webEditors	nmodule/webEditors/rc/wb/table/model/ComponentSource	601	SEMANTIC-MATCH	webEditors/extracted/rc/wb/table/model/ComponentSource.js	compress		True
webEditors	nmodule/webEditors/rc/wb/table/model/source/ContainerComponentSource	2322	SEMANTIC-MATCH	webEditors/extracted/rc/wb/table/model/source/ContainerComponentSource.js	uglify-expr		True
webEditors	nmodule/webEditors/rc/wb/table/model/ComponentTableModel	3153	SKELETON-MATCH	webEditors/extracted/rc/wb/table/model/ComponentTableModel.js	skeleton		True
webEditors	nmodule/webEditors/rc/wb/mgr/model/MgrModel	2086	SEMANTIC-MATCH	webEditors/extracted/rc/wb/mgr/model/MgrModel.js	uglify-expr		True
webEditors	nmodule/webEditors/rc/wb/mgr/model/MgrModelCompositeBuilder	3342	SEMANTIC-MATCH	webEditors/extracted/rc/wb/mgr/model/MgrModelCompositeBuilder.js	uglify-expr		True
webEditors	nmodule/webEditors/rc/wb/mgr/MgrSheet	1211	SEMANTIC-MATCH	webEditors/extracted/rc/wb/mgr/MgrSheet.js	uglify-expr		True
webEditors	nmodule/webEditors/rc/wb/mgr/model/MgrColumn	1841	SEMANTIC-MATCH	webEditors/extracted/rc/wb/mgr/model/MgrColumn.js	uglify-expr		True
webEditors	nmodule/webEditors/rc/wb/mgr/model/columns/NameMgrColumn	1544	SKELETON-MATCH	webEditors/extracted/rc/wb/mgr/model/columns/NameMgrColumn.js	skeleton		True
webEditors	nmodule/webEditors/rc/wb/mgr/model/columns/TypeMgrColumn	3833	SEMANTIC-MATCH	webEditors/extracted/rc/wb/mgr/model/columns/TypeMgrColumn.js	uglify-expr		True
webEditors	nmodule/webEditors/rc/wb/mgr/BatchComponentEditor	4443	SEMANTIC-MATCH	webEditors/extracted/rc/wb/mgr/BatchComponentEditor.js	uglify-expr		True
webEditors	nmodule/webEditors/rc/wb/mgr/commands/AddCommand	629	SEMANTIC-MATCH	webEditors/extracted/rc/wb/mgr/commands/AddCommand.js	uglify-expr		True
webEditors	nmodule/webEditors/rc/wb/mgr/commands/AllDescendantsCommand	928	SKELETON-MATCH	webEditors/extracted/rc/wb/mgr/commands/AllDescendantsCommand.js	skeleton		True
webEditors	nmodule/webEditors/rc/wb/mgr/commands/CancelDiscoverCommand	472	SEMANTIC-MATCH	webEditors/extracted/rc/wb/mgr/commands/CancelDiscoverCommand.js	uglify-expr		True
webEditors	nmodule/webEditors/rc/wb/mgr/commands/DiscoverCommand	377	SEMANTIC-MATCH	webEditors/extracted/rc/wb/mgr/commands/DiscoverCommand.js	uglify-expr		True
webEditors	nmodule/webEditors/rc/wb/table/model/source/ArrayComponentSource	1473	SEMANTIC-MATCH	webEditors/extracted/rc/wb/table/model/source/ArrayComponentSource.js	uglify-expr		True
webEditors	nmodule/webEditors/rc/wb/mgr/commands/EditCommand	1095	SKELETON-MATCH	webEditors/extracted/rc/wb/mgr/commands/EditCommand.js	skeleton		True
webEditors	nmodule/webEditors/rc/wb/mgr/commands/HyperlinkCommand	1063	SKELETON-MATCH	webEditors/extracted/rc/wb/mgr/commands/HyperlinkCommand.js	skeleton		True
webEditors	nmodule/webEditors/rc/wb/mgr/commands/HyperlinkToUserCommand	780	SKELETON-MATCH	webEditors/extracted/rc/wb/mgr/commands/HyperlinkToUserCommand.js	skeleton		True
webEditors	nmodule/webEditors/rc/wb/mgr/commands/LearnModeCommand	638	SEMANTIC-MATCH	webEditors/extracted/rc/wb/mgr/commands/LearnModeCommand.js	uglify-expr		True
webEditors	nmodule/webEditors/rc/wb/mgr/commands/MatchCommand	1524	SKELETON-MATCH	webEditors/extracted/rc/wb/mgr/commands/MatchCommand.js	skeleton		True
webEditors	nmodule/webEditors/rc/wb/mgr/commands/NewCommand	3497	SKELETON-MATCH	webEditors/extracted/rc/wb/mgr/commands/NewCommand.js	skeleton		True
webEditors	nmodule/webEditors/rc/wb/mgr/commands/NewFolderCommand	754	SEMANTIC-MATCH	webEditors/extracted/rc/wb/mgr/commands/NewFolderCommand.js	uglify-expr		True
webEditors	nmodule/webEditors/rc/wb/mgr/commands/QuickAddCommand	423	SKELETON-MATCH	webEditors/extracted/rc/wb/mgr/commands/QuickAddCommand.js	skeleton		True
webEditors	nmodule/webEditors/rc/wb/mgr/commands/QuickMatchCommand	419	SKELETON-MATCH	webEditors/extracted/rc/wb/mgr/commands/QuickMatchCommand.js	skeleton		True
webEditors	nmodule/webEditors/rc/wb/mgr/commands/SelectAllCommand	544	SEMANTIC-MATCH	webEditors/extracted/rc/wb/mgr/commands/SelectAllCommand.js	uglify-expr		True
webEditors	nmodule/webEditors/rc/wb/mgr/commands/ShowExistingCommand	763	SEMANTIC-MATCH	webEditors/extracted/rc/wb/mgr/commands/ShowExistingCommand.js	uglify-expr		True
webEditors	nmodule/webEditors/rc/wb/mgr/componentStatusUtils	1233	SEMANTIC-MATCH	webEditors/extracted/rc/wb/mgr/componentStatusUtils.js	compress		True
webEditors	nmodule/webEditors/rc/wb/mgr/MgrStateHandler	3744	SEMANTIC-MATCH	webEditors/extracted/rc/wb/mgr/MgrStateHandler.js	uglify-expr		True
webEditors	nmodule/webEditors/rc/wb/mgr/Manager	8565	SKELETON-MATCH	webEditors/extracted/rc/wb/mgr/Manager.js	skeleton		True
webEditors	nmodule/webEditors/rc/wb/mgr/MgrFolderSupport	1635	SEMANTIC-MATCH	webEditors/extracted/rc/wb/mgr/MgrFolderSupport.js	uglify-expr		True
webEditors	nmodule/webEditors/rc/wb/table/tree/TreeTable	1541	SKELETON-MATCH	webEditors/extracted/rc/wb/table/tree/TreeTable.js	skeleton		True
webEditors	hbs!nmodule/webEditors/rc/wb/mgr/template/Manager	2192	HBS-RECOMPILE-MATCH	webEditors/extracted/rc/wb/mgr/template/Manager.hbs			
webEditors	nmodule/webEditors/rc/wb/mgr/MgrLearnTableSupport	8486	SKELETON-MATCH	webEditors/extracted/rc/wb/mgr/MgrLearnTableSupport.js	skeleton		True
webEditors	nmodule/webEditors/rc/wb/mgr/MgrLearn	8312	SKELETON-MATCH	webEditors/extracted/rc/wb/mgr/MgrLearn.js	skeleton		True
webEditors	nmodule/webEditors/rc/wb/mgr/model/columns/PropertyMgrColumn	840	SEMANTIC-MATCH	webEditors/extracted/rc/wb/mgr/model/columns/PropertyMgrColumn.js	compress		True
webEditors	nmodule/webEditors/rc/wb/mgr/model/columns/BlobMgrColumn	611	SKELETON-MATCH	webEditors/extracted/rc/wb/mgr/model/columns/BlobMgrColumn.js	skeleton		True
webEditors	nmodule/webEditors/rc/wb/mgr/model/columns/DisplayNameMgrColumn	969	SKELETON-MATCH	webEditors/extracted/rc/wb/mgr/model/columns/DisplayNameMgrColumn.js	skeleton		True
webEditors	nmodule/webEditors/rc/wb/table/model/columns/IconColumn	890	SEMANTIC-MATCH	webEditors/extracted/rc/wb/table/model/columns/IconColumn.js	compress		True
webEditors	nmodule/webEditors/rc/wb/mgr/model/columns/IconMgrColumn	689	SEMANTIC-MATCH	webEditors/extracted/rc/wb/mgr/model/columns/IconMgrColumn.js	compress		True
webEditors	nmodule/webEditors/rc/wb/mgr/model/columns/MixinMgrColumn	622	SEMANTIC-MATCH	webEditors/extracted/rc/wb/mgr/model/columns/MixinMgrColumn.js	uglify-expr		True
webEditors	nmodule/webEditors/rc/wb/mgr/model/columns/PropertyPathMgrColumn	2385	SKELETON-MATCH	webEditors/extracted/rc/wb/mgr/model/columns/PropertyPathMgrColumn.js	skeleton		True
webEditors	nmodule/webEditors/rc/wb/mgr/model/columns/MixinPropMgrColumn	2316	SKELETON-MATCH	webEditors/extracted/rc/wb/mgr/model/columns/MixinPropMgrColumn.js	skeleton		True
webEditors	nmodule/webEditors/rc/wb/mgr/model/columns/PathMgrColumn	638	SEMANTIC-MATCH	webEditors/extracted/rc/wb/mgr/model/columns/PathMgrColumn.js	compress		True
webEditors	nmodule/webEditors/rc/wb/mgr/model/columns/ToStringMgrColumn	688	SKELETON-MATCH	webEditors/extracted/rc/wb/mgr/model/columns/ToStringMgrColumn.js	skeleton		True
webEditors	nmodule/webEditors/rc/wb/mgr/model/folderComponentSourceMixin	3022	SEMANTIC-MATCH	webEditors/extracted/rc/wb/mgr/model/folderComponentSourceMixin.js	uglify-expr		True
webEditors	nmodule/webEditors/rc/wb/mgr/model/folderMgrModelMixin	2595	SKELETON-MATCH	webEditors/extracted/rc/wb/mgr/model/folderMgrModelMixin.js	skeleton		True
webEditors	nmodule/webEditors/rc/wb/mgr/model/mgrAgents	1102	SEMANTIC-MATCH	webEditors/extracted/rc/wb/mgr/model/mgrAgents.js	uglify-expr		True
webEditors	nmodule/webEditors/rc/wb/mixin/ComponentHyperlinkColumnMixin	1199	SKELETON-MATCH	webEditors/extracted/rc/wb/mixin/ComponentHyperlinkColumnMixin.js	skeleton		True
webEditors	nmodule/webEditors/rc/wb/mixin/LazyTableMixin	4560	SKELETON-MATCH	webEditors/extracted/rc/wb/mixin/LazyTableMixin.js	skeleton		True
webEditors	nmodule/webEditors/rc/wb/mixin/mixinUtils	273	SEMANTIC-MATCH	webEditors/extracted/rc/wb/mixin/mixinUtils.js	compress		True
webEditors	nmodule/webEditors/rc/wb/mixin/MultiSheetCommands	3103	SEMANTIC-MATCH	webEditors/extracted/rc/wb/mixin/MultiSheetCommands.js	uglify-expr		True
webEditors	nmodule/webEditors/rc/wb/mixin/NavMonitorSupport	264	SEMANTIC-MATCH	webEditors/extracted/rc/wb/mixin/NavMonitorSupport.js	compress		True
webEditors	nmodule/webEditors/rc/wb/mixin/PropertySheetDragSupport	3983	SKELETON-MATCH	webEditors/extracted/rc/wb/mixin/PropertySheetDragSupport.js	skeleton		True
webEditors	nmodule/webEditors/rc/wb/mixin/PropertySheetRowDragSupport	1628	SKELETON-MATCH	webEditors/extracted/rc/wb/mixin/PropertySheetRowDragSupport.js	skeleton		True
webEditors	nmodule/webEditors/rc/wb/mixin/PropertySheetRowLinkSupport	6197	SEMANTIC-MATCH	webEditors/extracted/rc/wb/mixin/PropertySheetRowLinkSupport.js	uglify-expr		True
webEditors	nmodule/webEditors/rc/wb/mixin/PropertySheetStalkerSupport	2075	SEMANTIC-MATCH	webEditors/extracted/rc/wb/mixin/PropertySheetStalkerSupport.js	compress		True
webEditors	hbs!nmodule/webEditors/rc/wb/template/MultiSheet-row	1841	HBS-RECOMPILE-MATCH	webEditors/extracted/rc/wb/template/MultiSheet-row.hbs			
webEditors	nmodule/webEditors/rc/wb/MultiSheetRow	3394	SEMANTIC-MATCH	webEditors/extracted/rc/wb/MultiSheetRow.js	uglify-expr		True
webEditors	nmodule/webEditors/rc/wb/MultiSheet	5116	SKELETON-MATCH	webEditors/extracted/rc/wb/MultiSheet.js	skeleton		True
webEditors	nmodule/webEditors/rc/wb/profile/fullScreen	685	SEMANTIC-MATCH	webEditors/extracted/rc/wb/profile/fullScreen.js	uglify-expr		True
webEditors	nmodule/webEditors/rc/wb/profile/HtmlViewerWidget	376	SEMANTIC-MATCH	webEditors/extracted/rc/wb/profile/HtmlViewerWidget.js	uglify-expr		True
webEditors	nmodule/webEditors/rc/wb/profile/media/MediaSettings	3737	SKELETON-MATCH	webEditors/extracted/rc/wb/profile/media/MediaSettings.js	skeleton		True
webEditors	nmodule/webEditors/rc/wb/profile/media/MediaSettingsWidget	6266	SKELETON-MATCH	webEditors/extracted/rc/wb/profile/media/MediaSettingsWidget.js	skeleton		True
webEditors	nmodule/webEditors/rc/wb/profile/mobileDragAndDrop	675	SEMANTIC-MATCH	webEditors/extracted/rc/wb/profile/mobileDragAndDrop.js	compress		True
webEditors	hbs!nmodule/webEditors/rc/wb/shell/template/TitlePane	496	HBS-RECOMPILE-MATCH	webEditors/extracted/rc/wb/shell/template/TitlePane.hbs			
webEditors	nmodule/webEditors/rc/wb/shell/TitlePane	2194	SEMANTIC-MATCH	webEditors/extracted/rc/wb/shell/TitlePane.js	uglify-expr		True
webEditors	nmodule/webEditors/rc/wb/profile/SyncTreeCommand	2114	SKELETON-MATCH	webEditors/extracted/rc/wb/profile/SyncTreeCommand.js	skeleton		True
webEditors	nmodule/webEditors/rc/wb/profile/navTreeSideBar	1340	SEMANTIC-MATCH	webEditors/extracted/rc/wb/profile/navTreeSideBar.js	uglify-expr		True
webEditors	nmodule/webEditors/rc/wb/tree/PaletteNavTree	3216	SKELETON-MATCH	webEditors/extracted/rc/wb/tree/PaletteNavTree.js	skeleton		True
webEditors	nmodule/webEditors/rc/wb/profile/paletteSideBar	828	SEMANTIC-MATCH	webEditors/extracted/rc/wb/profile/paletteSideBar.js	compress		True
webEditors	nmodule/webEditors/rc/wb/profile/searchSideBar	644	SEMANTIC-MATCH	webEditors/extracted/rc/wb/profile/searchSideBar.js	compress		True
webEditors	hbs!nmodule/webEditors/rc/wb/profile/profileSideBarsTemplate	2432	HBS-RECOMPILE-MATCH	webEditors/extracted/rc/wb/profile/profileSideBarsTemplate.hbs			
webEditors	hbs!nmodule/webEditors/rc/wb/profile/profileSideToggleBarTemplate	1798	HBS-RECOMPILE-MATCH	webEditors/extracted/rc/wb/profile/profileSideToggleBarTemplate.hbs			
webEditors	nmodule/webEditors/rc/wb/profile/profileSideBars	3732	SKELETON-MATCH	webEditors/extracted/rc/wb/profile/profileSideBars.js	skeleton		True
webEditors	nmodule/webEditors/rc/wb/profile/ProfileCommandButtonGroup	851	SKELETON-MATCH	webEditors/extracted/rc/wb/profile/ProfileCommandButtonGroup.js	skeleton		True
webEditors	nmodule/webEditors/rc/wb/profile/profile	7897	SKELETON-MATCH	webEditors/extracted/rc/wb/profile/profile.js	skeleton		True
webEditors	nmodule/webEditors/rc/wb/util/role/RoleNameMgrColumn	610	SEMANTIC-MATCH	webEditors/extracted/rc/wb/util/role/RoleNameMgrColumn.js	uglify-expr		True
webEditors	nmodule/webEditors/rc/wb/util/role/PermissionsMapMgrColumn	2007	SEMANTIC-MATCH	webEditors/extracted/rc/wb/util/role/PermissionsMapMgrColumn.js	uglify-expr		True
webEditors	nmodule/webEditors/rc/wb/RoleManager	2772	SKELETON-MATCH	webEditors/extracted/rc/wb/RoleManager.js	skeleton		True
webEditors	nmodule/webEditors/rc/wb/table/commands/ShowDetailsCommand	1364	SKELETON-MATCH	webEditors/extracted/rc/wb/table/commands/ShowDetailsCommand.js	skeleton		True
webEditors	nmodule/webEditors/rc/wb/table/model/columns/DisplayNameColumn	522	SEMANTIC-MATCH	webEditors/extracted/rc/wb/table/model/columns/DisplayNameColumn.js	uglify-expr		True
webEditors	nmodule/webEditors/rc/wb/table/model/columns/JsonObjectPropertyPathColumn	514	SKELETON-MATCH	webEditors/extracted/rc/wb/table/model/columns/JsonObjectPropertyPathColumn.js	skeleton		True
webEditors	nmodule/webEditors/rc/wb/table/model/columns/ToStringColumn	344	SEMANTIC-MATCH	webEditors/extracted/rc/wb/table/model/columns/ToStringColumn.js	uglify-expr		True
webEditors	hbs!nmodule/webEditors/rc/wb/template/Pagination	1880	HBS-RECOMPILE-MATCH	webEditors/extracted/rc/wb/template/Pagination.hbs			
webEditors	nmodule/webEditors/rc/wb/table/pagination/PaginationWidget	2810	SKELETON-MATCH	webEditors/extracted/rc/wb/table/pagination/PaginationWidget.js	skeleton		True
webEditors	nmodule/webEditors/rc/wb/tree/CommandTreeNode	890	SEMANTIC-MATCH	webEditors/extracted/rc/wb/tree/CommandTreeNode.js	uglify-expr		True
webEditors	nmodule/webEditors/rc/wb/util/user/AuthenticatorMgrColumn	2342	SKELETON-MATCH	webEditors/extracted/rc/wb/util/user/AuthenticatorMgrColumn.js	skeleton		True
webEditors	nmodule/webEditors/rc/wb/util/user/ExpirationMgrColumn	641	SEMANTIC-MATCH	webEditors/extracted/rc/wb/util/user/ExpirationMgrColumn.js	uglify-expr		True
webEditors	nmodule/webEditors/rc/wb/util/user/UserManagerMgrModel	1702	SEMANTIC-MATCH	webEditors/extracted/rc/wb/util/user/UserManagerMgrModel.js	uglify-expr		True
webEditors	nmodule/webEditors/rc/wb/UserManager	2793	SKELETON-MATCH	webEditors/extracted/rc/wb/UserManager.js	skeleton		True
webEditors	nmodule/webEditors/rc/wb/util/AuthenticationSchemeEditor	1667	SEMANTIC-MATCH	webEditors/extracted/rc/wb/util/AuthenticationSchemeEditor.js	uglify-expr		True
webEditors	hbs!nmodule/webEditors/rc/wb/util/template/AutoLogoffSettingsEditor	1303	HBS-RECOMPILE-MATCH	webEditors/extracted/rc/wb/util/template/AutoLogoffSettingsEditor.hbs			
webEditors	nmodule/webEditors/rc/wb/util/AutoLogoffSettingsEditor	2251	SEMANTIC-MATCH	webEditors/extracted/rc/wb/util/AutoLogoffSettingsEditor.js	uglify-expr		True
webEditors	nmodule/webEditors/rc/wb/util/category/ClearConfiguredCommand	3572	SKELETON-MATCH	webEditors/extracted/rc/wb/util/category/ClearConfiguredCommand.js	skeleton		True
webEditors	nmodule/webEditors/rc/wb/util/category/CategoryList	1316	SKELETON-MATCH	webEditors/extracted/rc/wb/util/category/CategoryList.js	skeleton		True
webEditors	nmodule/webEditors/rc/wb/util/category/ShowCategoriesCommand	969	SKELETON-MATCH	webEditors/extracted/rc/wb/util/category/ShowCategoriesCommand.js	skeleton		True
webEditors	nmodule/webEditors/rc/wb/util/category/ShowConfiguredCommand	2922	SKELETON-MATCH	webEditors/extracted/rc/wb/util/category/ShowConfiguredCommand.js	skeleton		True
webEditors	nmodule/webEditors/rc/wb/util/category/ShowOrHideAllCategoriesCommand	771	SKELETON-MATCH	webEditors/extracted/rc/wb/util/category/ShowOrHideAllCategoriesCommand.js	skeleton		True
webEditors	nmodule/webEditors/rc/wb/util/category/CategoryBrowser	16055	SKELETON-MATCH	webEditors/extracted/rc/wb/util/category/CategoryBrowser.js	skeleton		True
webEditors	nmodule/webEditors/rc/wb/util/EncodableToEnvelope	244	SKELETON-MATCH	webEditors/extracted/rc/wb/util/EncodableToEnvelope.js	skeleton		True
webEditors	hbs!nmodule/webEditors/rc/wb/util/template/ExpirationEditor	2551	HBS-RECOMPILE-MATCH	webEditors/extracted/rc/wb/util/template/ExpirationEditor.hbs			
webEditors	nmodule/webEditors/rc/wb/util/ExpirationEditor	2443	SKELETON-MATCH	webEditors/extracted/rc/wb/util/ExpirationEditor.js	skeleton		True
webEditors	nmodule/webEditors/rc/wb/util/ICollectionSupport	331	SEMANTIC-MATCH	webEditors/extracted/rc/wb/util/ICollectionSupport.js	compress		True
webEditors	nmodule/webEditors/rc/wb/util/mobileWebProfileConfigMgrAgent	1030	SKELETON-MATCH	webEditors/extracted/rc/wb/util/mobileWebProfileConfigMgrAgent.js	skeleton		True
webEditors	nmodule/webEditors/rc/wb/util/OrdSelectEditor	1075	SKELETON-MATCH	webEditors/extracted/rc/wb/util/OrdSelectEditor.js	skeleton		True
webEditors	nmodule/webEditors/rc/wb/util/pageSizeUtils	1551	SEMANTIC-MATCH	webEditors/extracted/rc/wb/util/pageSizeUtils.js	compress		True
webEditors	nmodule/webEditors/rc/wb/util/PageSizeEditor	6145	SKELETON-MATCH	webEditors/extracted/rc/wb/util/PageSizeEditor.js	skeleton		True
webEditors	nmodule/webEditors/rc/wb/util/role/roleHierarchiesMgrAgent	630	SKELETON-MATCH	webEditors/extracted/rc/wb/util/role/roleHierarchiesMgrAgent.js	skeleton		True
webEditors	nmodule/webEditors/rc/wb/util/RolesEditor	2728	SEMANTIC-MATCH	webEditors/extracted/rc/wb/util/RolesEditor.js	uglify-expr		True
webEditors	nmodule/webEditors/rc/wb/util/subscriptionUtil	552	SEMANTIC-MATCH	webEditors/extracted/rc/wb/util/subscriptionUtil.js	uglify-expr		True
webEditors	nmodule/webEditors/rc/wb/util/TimeFormatEditor	1280	SEMANTIC-MATCH	webEditors/extracted/rc/wb/util/TimeFormatEditor.js	uglify-expr		True
webEditors	nmodule/webEditors/rc/wb/util/TransferWidget	406	SKELETON-MATCH	webEditors/extracted/rc/wb/util/TransferWidget.js	skeleton		True
webEditors	nmodule/webEditors/rc/wb/util/UserFacetsEditor	807	SEMANTIC-MATCH	webEditors/extracted/rc/wb/util/UserFacetsEditor.js	uglify-expr		True
webEditors	nmodule/webEditors/rc/wb/util/UserPasswordEditor	1980	SEMANTIC-MATCH	webEditors/extracted/rc/wb/util/UserPasswordEditor.js	uglify-expr		True
webEditors	nmodule/webEditors/rc/wb/util/UserPrototypeEditor	962	SEMANTIC-MATCH	webEditors/extracted/rc/wb/util/UserPrototypeEditor.js	uglify-expr		True
webEditors	nmodule/webEditors/rc/wb/util/webProfileConfigMgrAgent	1006	SKELETON-MATCH	webEditors/extracted/rc/wb/util/webProfileConfigMgrAgent.js	skeleton		True
wiresheet	nmodule/wiresheet/rc/core/controller/Selection	1441	SEMANTIC-MATCH	wiresheet/extracted/rc/core/controller/Selection.js	compress		True
wiresheet	nmodule/wiresheet/rc/core/ViewModel	3998	SEMANTIC-MATCH	wiresheet/extracted/rc/core/ViewModel.js	uglify-expr		True
wiresheet	nmodule/wiresheet/rc/pe/WsTextBlockPE	318	SKELETON-MATCH	wiresheet/extracted/rc/pe/WsTextBlockPE.js	skeleton		True
wiresheet	nmodule/wiresheet/rc/typedefs	67	SEMANTIC-MATCH	wiresheet/extracted/rc/typedefs.js	compress		True
wiresheet	nmodule/wiresheet/rc/wb/baja/bajaUtils	5316	SKELETON-MATCH	wiresheet/extracted/rc/wb/baja/bajaUtils.js	skeleton		True
wiresheet	nmodule/wiresheet/rc/wb/baja/commands/DeleteRelationsCommand	2276	SKELETON-MATCH	wiresheet/extracted/rc/wb/baja/commands/DeleteRelationsCommand.js	skeleton		True
wiresheet	nmodule/wiresheet/rc/wb/pin/PinSlotsPad	1103	SKELETON-MATCH	wiresheet/extracted/rc/wb/pin/PinSlotsPad.js	skeleton		True
wiresheet	nmodule/wiresheet/rc/wb/commands/PinSlotsCommand	1029	SKELETON-MATCH	wiresheet/extracted/rc/wb/commands/PinSlotsCommand.js	skeleton		True
wiresheet	nmodule/wiresheet/rc/wb/commands/ArrangeCommand	2943	SKELETON-MATCH	wiresheet/extracted/rc/wb/commands/ArrangeCommand.js	skeleton		True
wiresheet	nmodule/wiresheet/rc/wb/WbConstants	811	SEMANTIC-MATCH	wiresheet/extracted/rc/wb/WbConstants.js	compress		True
wiresheet	nmodule/wiresheet/rc/wb/util/wsMenuUtils	1876	SEMANTIC-MATCH	wiresheet/extracted/rc/wb/util/wsMenuUtils.js	uglify-expr		True
wiresheet	nmodule/wiresheet/rc/wb/util/wsUtils	5560	SKELETON-MATCH	wiresheet/extracted/rc/wb/util/wsUtils.js	skeleton		True
wiresheet	nmodule/wiresheet/rc/wb/baja/BajaContextMenu	6518	SKELETON-MATCH	wiresheet/extracted/rc/wb/baja/BajaContextMenu.js	skeleton		True
wiresheet	nmodule/wiresheet/rc/wb/baja/BajaEventHandler	3339	SKELETON-MATCH	wiresheet/extracted/rc/wb/baja/BajaEventHandler.js	skeleton		True
wiresheet	nmodule/wiresheet/rc/wb/baja/EntityFactory	5008	SKELETON-MATCH	wiresheet/extracted/rc/wb/baja/EntityFactory.js	skeleton		True
wiresheet	nmodule/wiresheet/rc/wb/baja/GlyphFactory	7850	SKELETON-MATCH	wiresheet/extracted/rc/wb/baja/GlyphFactory.js	skeleton		True
wiresheet	nmodule/wiresheet/rc/wb/commands/SelectAllCommand	458	SKELETON-MATCH	wiresheet/extracted/rc/wb/commands/SelectAllCommand.js	skeleton		True
wiresheet	nmodule/wiresheet/rc/wb/WsOptions	1202	SKELETON-MATCH	wiresheet/extracted/rc/wb/WsOptions.js	skeleton		True
wiresheet	nmodule/wiresheet/rc/wb/commands/WsOptionsCommand	1371	SKELETON-MATCH	wiresheet/extracted/rc/wb/commands/WsOptionsCommand.js	skeleton		True
wiresheet	nmodule/wiresheet/rc/wb/controller/ops/DropperOp	1063	SEMANTIC-MATCH	wiresheet/extracted/rc/wb/controller/ops/DropperOp.js	uglify-expr		True
wiresheet	nmodule/wiresheet/rc/wb/controller/ops/LinkOp	2401	SKELETON-MATCH	wiresheet/extracted/rc/wb/controller/ops/LinkOp.js	skeleton		True
wiresheet	nmodule/wiresheet/rc/wb/controller/ops/MoveSelectionOp	1658	SEMANTIC-MATCH	wiresheet/extracted/rc/wb/controller/ops/MoveSelectionOp.js	compress		True
wiresheet	nmodule/wiresheet/rc/wb/controller/ops/RelateOp	2117	SKELETON-MATCH	wiresheet/extracted/rc/wb/controller/ops/RelateOp.js	skeleton		True
wiresheet	nmodule/wiresheet/rc/wb/controller/ops/ResizeSelectionOp	1992	SEMANTIC-MATCH	wiresheet/extracted/rc/wb/controller/ops/ResizeSelectionOp.js	uglify-expr		True
wiresheet	nmodule/wiresheet/rc/wb/controller/ops/RubberBandOp	770	SEMANTIC-MATCH	wiresheet/extracted/rc/wb/controller/ops/RubberBandOp.js	uglify-expr		True
wiresheet	nmodule/wiresheet/rc/wb/controller/ThumbnailController	1413	SKELETON-MATCH	wiresheet/extracted/rc/wb/controller/ThumbnailController.js	skeleton		True
wiresheet	nmodule/wiresheet/rc/wb/controller/WbController	367	SEMANTIC-MATCH	wiresheet/extracted/rc/wb/controller/WbController.js	compress		True
wiresheet	nmodule/wiresheet/rc/wb/controller/WbInteractionController	9088	SKELETON-MATCH	wiresheet/extracted/rc/wb/controller/WbInteractionController.js	skeleton		True
wiresheet	nmodule/wiresheet/rc/wb/layout/AntRaceRoutingStrategy	1570	SKELETON-MATCH	wiresheet/extracted/rc/wb/layout/AntRaceRoutingStrategy.js	skeleton		True
wiresheet	nmodule/wiresheet/rc/wb/layout/ComponentGlyphLayoutStrategy	672	SEMANTIC-MATCH	wiresheet/extracted/rc/wb/layout/ComponentGlyphLayoutStrategy.js	compress		True
wiresheet	nmodule/wiresheet/rc/wb/layout/Mask	3627	SKELETON-MATCH	wiresheet/extracted/rc/wb/layout/Mask.js	skeleton		True
wiresheet	nmodule/wiresheet/rc/wb/layout/SimpleRoutingStrategy	1772	SKELETON-MATCH	wiresheet/extracted/rc/wb/layout/SimpleRoutingStrategy.js	skeleton		True
wiresheet	nmodule/wiresheet/rc/wb/layout/SnakeGlyphLayoutStrategy	805	SEMANTIC-MATCH	wiresheet/extracted/rc/wb/layout/SnakeGlyphLayoutStrategy.js	compress		True
wiresheet	nmodule/wiresheet/rc/wb/layout/StubGlyphLayoutStrategy	552	SEMANTIC-MATCH	wiresheet/extracted/rc/wb/layout/StubGlyphLayoutStrategy.js	compress		True
wiresheet	nmodule/wiresheet/rc/wb/layout/TextBlockGlyphLayoutStrategy	259	SEMANTIC-MATCH	wiresheet/extracted/rc/wb/layout/TextBlockGlyphLayoutStrategy.js	compress		True
wiresheet	nmodule/wiresheet/rc/wb/render/canvas/CanvasContextProvider	1201	SKELETON-MATCH	wiresheet/extracted/rc/wb/render/canvas/CanvasContextProvider.js	skeleton		True
wiresheet	nmodule/wiresheet/rc/wb/render/canvas/CanvasInteractionController	14366	SKELETON-MATCH	wiresheet/extracted/rc/wb/render/canvas/CanvasInteractionController.js	skeleton		True
wiresheet	nmodule/wiresheet/rc/wb/render/canvas/CanvasThumb	1834	SKELETON-MATCH	wiresheet/extracted/rc/wb/render/canvas/CanvasThumb.js	skeleton		True
wiresheet	nmodule/wiresheet/rc/wb/render/canvas/canvasUtils	1772	SEMANTIC-MATCH	wiresheet/extracted/rc/wb/render/canvas/canvasUtils.js	uglify-expr		True
wiresheet	nmodule/wiresheet/rc/wb/render/canvas/CanvasRenderer	17081	SKELETON-MATCH	wiresheet/extracted/rc/wb/render/canvas/CanvasRenderer.js	skeleton		True
wiresheet	nmodule/wiresheet/rc/wb/render/canvas/canvasStyles	346	SEMANTIC-MATCH	wiresheet/extracted/rc/wb/render/canvas/canvasStyles.js	compress		True
wiresheet	nmodule/wiresheet/rc/wb/render/canvas/RenderMediator	3123	SKELETON-MATCH	wiresheet/extracted/rc/wb/render/canvas/RenderMediator.js	skeleton		True
wiresheet	nmodule/wiresheet/rc/wb/render/themes/WiresheetTheme	2586	SKELETON-MATCH	wiresheet/extracted/rc/wb/render/themes/WiresheetTheme.js	skeleton		True
wiresheet	nmodule/wiresheet/rc/wb/render/themes/WiresheetCssTheme	5760	SKELETON-MATCH	wiresheet/extracted/rc/wb/render/themes/WiresheetCssTheme.js	skeleton		True
wiresheet	nmodule/wiresheet/rc/wb/util/edgeScrollUtil	2541	SKELETON-MATCH	wiresheet/extracted/rc/wb/util/edgeScrollUtil.js	skeleton		True
wiresheet	nmodule/wiresheet/rc/wb/WbLayoutStrategy	2679	SKELETON-MATCH	wiresheet/extracted/rc/wb/WbLayoutStrategy.js	skeleton		True
wiresheet	nmodule/wiresheet/rc/wb/WbViewModel	5596	SKELETON-MATCH	wiresheet/extracted/rc/wb/WbViewModel.js	skeleton		True
wiresheet	nmodule/wiresheet/rc/wb/WbWiresheetEnv	5920	SKELETON-MATCH	wiresheet/extracted/rc/wb/WbWiresheetEnv.js	skeleton		True
wiresheet	nmodule/wiresheet/rc/wb/WebWiresheet	4621	SEMANTIC-MATCH	wiresheet/extracted/rc/wb/WebWiresheet.js	uglify-expr		True
xprotect	nmodule/xprotect/rc/xprotect/XProtectCameraSession	3074	SKELETON-MATCH	xprotect/extracted/rc/xprotect/XProtectCameraSession.js	skeleton		True
xprotect	nmodule/xprotect/rc/xprotect/XProtectCamera	1915	SKELETON-MATCH	xprotect/extracted/rc/xprotect/XProtectCamera.js	skeleton		True
xprotect	nmodule/xprotect/rc/xprotect/XProtectSession	7405	SEMANTIC-MATCH	xprotect/extracted/rc/xprotect/XProtectSession.js	compress		True
xprotect	nmodule/xprotect/rc/xprotect/xprotectUtils	903	SEMANTIC-MATCH	xprotect/extracted/rc/xprotect/xprotectUtils.js	compress		True
xprotect	nmodule/xprotect/rc/xprotect/XProtectVideoStream	4954	SKELETON-MATCH	xprotect/extracted/rc/xprotect/XProtectVideoStream.js	skeleton		True
