kind	module	name_or_head	bytes	proof	detail
prelude	alarm	_typeof	241	same-module:uglify	alarm/extracted/rc/fe/AlarmTransitionBitsEditor.js
prelude	alarm	_classCallCheck	108	same-module:stmt	alarm/extracted/rc/fe/AlarmTransitionBitsEditor.js
prelude	alarm	_defineProperties	198	same-module:stmt	alarm/extracted/rc/fe/AlarmTransitionBitsEditor.js
prelude	alarm	_createClass	151	same-module:stmt	alarm/extracted/rc/fe/AlarmTransitionBitsEditor.js
prelude	alarm	_toPropertyKey	92	same-module:stmt	alarm/extracted/rc/fe/AlarmTransitionBitsEditor.js
prelude	alarm	_toPrimitive	274	same-module:uglify	alarm/extracted/rc/fe/AlarmTransitionBitsEditor.js
prelude	alarm	_callSuper	184	same-module:stmt	alarm/extracted/rc/fe/AlarmTransitionBitsEditor.js
prelude	alarm	_possibleConstructorReturn	228	same-module:stmt	alarm/extracted/rc/fe/AlarmTransitionBitsEditor.js
prelude	alarm	_assertThisInitialized	144	same-module:stmt	alarm/extracted/rc/fe/AlarmTransitionBitsEditor.js
prelude	alarm	_isNativeReflectConstruct	191	same-module:stmt	alarm/extracted/rc/fe/AlarmTransitionBitsEditor.js
prelude	alarm	_getPrototypeOf	164	same-module:uglify	alarm/extracted/rc/fe/AlarmTransitionBitsEditor.js
prelude	alarm	_inherits	301	same-module:stmt	alarm/extracted/rc/fe/AlarmTransitionBitsEditor.js
prelude	alarm	_setPrototypeOf	148	same-module:uglify	alarm/extracted/rc/fe/AlarmTransitionBitsEditor.js
prelude	alarm	_toConsumableArray	135	same-module:stmt	alarm/extracted/rc/fe/AlarmPrioritiesEditor.js
prelude	alarm	_nonIterableSpread	186	same-module:stmt	alarm/extracted/rc/fe/AlarmPrioritiesEditor.js
prelude	alarm	_iterableToArray	129	same-module:stmt	alarm/extracted/rc/fe/AlarmPrioritiesEditor.js
prelude	alarm	_arrayWithoutHoles	79	same-module:stmt	alarm/extracted/rc/fe/AlarmPrioritiesEditor.js
prelude	alarm	_slicedToArray	137	same-module:stmt	alarm/extracted/rc/Alarm.js
prelude	alarm	_nonIterableRest	189	same-module:stmt	alarm/extracted/rc/Alarm.js
prelude	alarm	_unsupportedIterableToArray	330	same-module:stmt	alarm/extracted/rc/Alarm.js
prelude	alarm	_arrayLikeToArray	118	same-module:stmt	alarm/extracted/rc/Alarm.js
prelude	alarm	_iterableToArrayLimit	416	same-module:stmt	alarm/extracted/rc/Alarm.js
prelude	alarm	_arrayWithHoles	57	same-module:stmt	alarm/extracted/rc/Alarm.js
prelude	analytics	_superPropGet	151	same-module:stmt	analytics/extracted/rc/report/fe/DeltaValuesEditor.js
prelude	analytics	_get	260	same-module:uglify	analytics/extracted/rc/report/fe/DeltaValuesEditor.js
prelude	analytics	_superPropBase	105	same-module:stmt	analytics/extracted/rc/report/fe/DeltaValuesEditor.js
prelude	analytics	_typeof	241	same-module:uglify	analytics/extracted/rc/AnalyticValueBinding.js
prelude	analytics	_defineProperty	152	same-module:stmt	analytics/extracted/rc/chart/base/AnalyticsBaseWidget.js
prelude	analytics	_toConsumableArray	135	same-module:stmt	analytics/extracted/rc/chart/analyticwebchart/AnalyticWebChart.js
prelude	analytics	_nonIterableSpread	186	same-module:stmt	analytics/extracted/rc/chart/analyticwebchart/AnalyticWebChart.js
prelude	analytics	_iterableToArray	129	same-module:stmt	analytics/extracted/rc/chart/analyticwebchart/AnalyticWebChart.js
prelude	analytics	_arrayWithoutHoles	79	same-module:stmt	analytics/extracted/rc/chart/analyticwebchart/AnalyticWebChart.js
prelude	analytics	_classCallCheck	108	same-module:stmt	analytics/extracted/rc/AnalyticValueBinding.js
prelude	analytics	_defineProperties	198	same-module:stmt	analytics/extracted/rc/AnalyticValueBinding.js
prelude	analytics	_createClass	151	same-module:stmt	analytics/extracted/rc/AnalyticValueBinding.js
prelude	analytics	_toPropertyKey	92	same-module:stmt	analytics/extracted/rc/AnalyticValueBinding.js
prelude	analytics	_toPrimitive	274	same-module:uglify	analytics/extracted/rc/AnalyticValueBinding.js
prelude	analytics	_callSuper	184	same-module:stmt	analytics/extracted/rc/AnalyticValueBinding.js
prelude	analytics	_possibleConstructorReturn	228	same-module:stmt	analytics/extracted/rc/AnalyticValueBinding.js
prelude	analytics	_assertThisInitialized	144	same-module:stmt	analytics/extracted/rc/AnalyticValueBinding.js
prelude	analytics	_isNativeReflectConstruct	191	same-module:stmt	analytics/extracted/rc/AnalyticValueBinding.js
prelude	analytics	_getPrototypeOf	164	same-module:uglify	analytics/extracted/rc/AnalyticValueBinding.js
prelude	analytics	_inherits	301	same-module:stmt	analytics/extracted/rc/AnalyticValueBinding.js
prelude	analytics	_setPrototypeOf	148	same-module:uglify	analytics/extracted/rc/AnalyticValueBinding.js
prelude	analytics	_slicedToArray	137	same-module:stmt	analytics/extracted/rc/AnalyticValueBinding.js
prelude	analytics	_nonIterableRest	189	same-module:stmt	analytics/extracted/rc/AnalyticValueBinding.js
prelude	analytics	_unsupportedIterableToArray	330	same-module:stmt	analytics/extracted/rc/AnalyticValueBinding.js
prelude	analytics	_arrayLikeToArray	118	same-module:stmt	analytics/extracted/rc/AnalyticValueBinding.js
prelude	analytics	_iterableToArrayLimit	416	same-module:stmt	analytics/extracted/rc/AnalyticValueBinding.js
prelude	analytics	_arrayWithHoles	57	same-module:stmt	analytics/extracted/rc/AnalyticValueBinding.js
prelude	awsUtils	_typeof	241	same-module:uglify	awsUtils/extracted/rc/fe/AccessKeyPicker.js
prelude	awsUtils	_classCallCheck	108	same-module:stmt	awsUtils/extracted/rc/fe/AccessKeyPicker.js
prelude	awsUtils	_defineProperties	198	same-module:stmt	awsUtils/extracted/rc/fe/AccessKeyPicker.js
prelude	awsUtils	_createClass	151	same-module:stmt	awsUtils/extracted/rc/fe/AccessKeyPicker.js
prelude	awsUtils	_toPropertyKey	92	same-module:stmt	awsUtils/extracted/rc/fe/AccessKeyPicker.js
prelude	awsUtils	_toPrimitive	274	same-module:uglify	awsUtils/extracted/rc/fe/AccessKeyPicker.js
prelude	awsUtils	_callSuper	184	same-module:stmt	awsUtils/extracted/rc/fe/AccessKeyPicker.js
prelude	awsUtils	_possibleConstructorReturn	228	same-module:stmt	awsUtils/extracted/rc/fe/AccessKeyPicker.js
prelude	awsUtils	_assertThisInitialized	144	same-module:stmt	awsUtils/extracted/rc/fe/AccessKeyPicker.js
prelude	awsUtils	_isNativeReflectConstruct	191	same-module:stmt	awsUtils/extracted/rc/fe/AccessKeyPicker.js
prelude	awsUtils	_getPrototypeOf	164	same-module:uglify	awsUtils/extracted/rc/fe/AccessKeyPicker.js
prelude	awsUtils	_inherits	301	same-module:stmt	awsUtils/extracted/rc/fe/AccessKeyPicker.js
prelude	awsUtils	_setPrototypeOf	148	same-module:uglify	awsUtils/extracted/rc/fe/AccessKeyPicker.js
prelude	bacnet	_typeof	241	same-module:uglify	bacnet/extracted/rc/fe/BacnetDateTimeEditor.js
prelude	bacnet	_superPropGet	151	same-module:stmt	bacnet/extracted/rc/wb/mgr/export/BacnetExportUxManager.js
prelude	bacnet	_get	260	same-module:uglify	bacnet/extracted/rc/wb/mgr/export/BacnetExportUxManager.js
prelude	bacnet	_superPropBase	105	same-module:stmt	bacnet/extracted/rc/wb/mgr/export/BacnetExportUxManager.js
prelude	bacnet	_toConsumableArray	135	same-module:stmt	bacnet/extracted/rc/fe/WritableSlotsEditor.js
prelude	bacnet	_nonIterableSpread	186	same-module:stmt	bacnet/extracted/rc/fe/WritableSlotsEditor.js
prelude	bacnet	_iterableToArray	129	same-module:stmt	bacnet/extracted/rc/fe/WritableSlotsEditor.js
prelude	bacnet	_arrayWithoutHoles	79	same-module:stmt	bacnet/extracted/rc/fe/WritableSlotsEditor.js
prelude	bacnet	_classCallCheck	108	same-module:stmt	bacnet/extracted/rc/fe/BacnetDateTimeEditor.js
prelude	bacnet	_defineProperties	198	same-module:stmt	bacnet/extracted/rc/fe/BacnetDateTimeEditor.js
prelude	bacnet	_createClass	151	same-module:stmt	bacnet/extracted/rc/fe/BacnetDateTimeEditor.js
prelude	bacnet	_toPropertyKey	92	same-module:stmt	bacnet/extracted/rc/fe/BacnetDateTimeEditor.js
prelude	bacnet	_toPrimitive	274	same-module:uglify	bacnet/extracted/rc/fe/BacnetDateTimeEditor.js
prelude	bacnet	_callSuper	184	same-module:stmt	bacnet/extracted/rc/fe/BacnetDateTimeEditor.js
prelude	bacnet	_possibleConstructorReturn	228	same-module:stmt	bacnet/extracted/rc/fe/BacnetDateTimeEditor.js
prelude	bacnet	_assertThisInitialized	144	same-module:stmt	bacnet/extracted/rc/fe/BacnetDateTimeEditor.js
prelude	bacnet	_isNativeReflectConstruct	191	same-module:stmt	bacnet/extracted/rc/fe/BacnetDateTimeEditor.js
prelude	bacnet	_getPrototypeOf	164	same-module:uglify	bacnet/extracted/rc/fe/BacnetDateTimeEditor.js
prelude	bacnet	_inherits	301	same-module:stmt	bacnet/extracted/rc/fe/BacnetDateTimeEditor.js
prelude	bacnet	_setPrototypeOf	148	same-module:uglify	bacnet/extracted/rc/fe/BacnetDateTimeEditor.js
prelude	bacnet	_slicedToArray	137	same-module:stmt	bacnet/extracted/rc/fe/BacnetAnyEditor.js
prelude	bacnet	_nonIterableRest	189	same-module:stmt	bacnet/extracted/rc/fe/BacnetAnyEditor.js
prelude	bacnet	_unsupportedIterableToArray	330	same-module:stmt	bacnet/extracted/rc/fe/BacnetAnyEditor.js
prelude	bacnet	_arrayLikeToArray	118	same-module:stmt	bacnet/extracted/rc/fe/BacnetAnyEditor.js
prelude	bacnet	_iterableToArrayLimit	416	same-module:stmt	bacnet/extracted/rc/fe/BacnetAnyEditor.js
prelude	bacnet	_arrayWithHoles	57	same-module:stmt	bacnet/extracted/rc/fe/BacnetAnyEditor.js
prelude	bacnetAws	_typeof	241	same-module:uglify	bacnetAws/extracted/rc/wb/mgr/history/BacnetAwsHistoryImportUxManager.js
prelude	bacnetAws	_classCallCheck	108	same-module:stmt	bacnetAws/extracted/rc/wb/mgr/history/BacnetAwsHistoryImportUxManager.js
prelude	bacnetAws	_defineProperties	198	same-module:stmt	bacnetAws/extracted/rc/wb/mgr/history/BacnetAwsHistoryImportUxManager.js
prelude	bacnetAws	_createClass	151	same-module:stmt	bacnetAws/extracted/rc/wb/mgr/history/BacnetAwsHistoryImportUxManager.js
prelude	bacnetAws	_toPropertyKey	92	same-module:stmt	bacnetAws/extracted/rc/wb/mgr/history/BacnetAwsHistoryImportUxManager.js
prelude	bacnetAws	_toPrimitive	274	same-module:uglify	bacnetAws/extracted/rc/wb/mgr/history/BacnetAwsHistoryImportUxManager.js
prelude	bacnetAws	_callSuper	184	same-module:stmt	bacnetAws/extracted/rc/wb/mgr/history/BacnetAwsHistoryImportUxManager.js
prelude	bacnetAws	_possibleConstructorReturn	228	same-module:stmt	bacnetAws/extracted/rc/wb/mgr/history/BacnetAwsHistoryImportUxManager.js
prelude	bacnetAws	_assertThisInitialized	144	same-module:stmt	bacnetAws/extracted/rc/wb/mgr/history/BacnetAwsHistoryImportUxManager.js
prelude	bacnetAws	_isNativeReflectConstruct	191	same-module:stmt	bacnetAws/extracted/rc/wb/mgr/history/BacnetAwsHistoryImportUxManager.js
prelude	bacnetAws	_superPropGet	151	same-module:stmt	bacnetAws/extracted/rc/wb/mgr/history/BacnetAwsHistoryImportUxManager.js
prelude	bacnetAws	_get	260	same-module:uglify	bacnetAws/extracted/rc/wb/mgr/history/BacnetAwsHistoryImportUxManager.js
prelude	bacnetAws	_superPropBase	105	same-module:stmt	bacnetAws/extracted/rc/wb/mgr/history/BacnetAwsHistoryImportUxManager.js
prelude	bacnetAws	_getPrototypeOf	164	same-module:uglify	bacnetAws/extracted/rc/wb/mgr/history/BacnetAwsHistoryImportUxManager.js
prelude	bacnetAws	_inherits	301	same-module:stmt	bacnetAws/extracted/rc/wb/mgr/history/BacnetAwsHistoryImportUxManager.js
prelude	bacnetAws	_setPrototypeOf	148	same-module:uglify	bacnetAws/extracted/rc/wb/mgr/history/BacnetAwsHistoryImportUxManager.js
prelude	bacnetAws	_slicedToArray	137	same-module:stmt	bacnetAws/extracted/rc/wb/mgr/commands/BackupCommand.js
prelude	bacnetAws	_nonIterableRest	189	same-module:stmt	bacnetAws/extracted/rc/wb/mgr/commands/BackupCommand.js
prelude	bacnetAws	_unsupportedIterableToArray	330	same-module:stmt	bacnetAws/extracted/rc/wb/mgr/commands/BackupCommand.js
prelude	bacnetAws	_arrayLikeToArray	118	same-module:stmt	bacnetAws/extracted/rc/wb/mgr/commands/BackupCommand.js
prelude	bacnetAws	_iterableToArrayLimit	416	same-module:stmt	bacnetAws/extracted/rc/wb/mgr/commands/BackupCommand.js
prelude	bacnetAws	_arrayWithHoles	57	same-module:stmt	bacnetAws/extracted/rc/wb/mgr/commands/BackupCommand.js
prelude	bajaScript	_toConsumableArray	135	same-module:stmt	bajaScript/extracted/rc/baja/nav/NavNode.js
prelude	bajaScript	_nonIterableSpread	186	same-module:stmt	bajaScript/extracted/rc/baja/nav/NavNode.js
prelude	bajaScript	_arrayWithoutHoles	79	same-module:stmt	bajaScript/extracted/rc/baja/nav/NavNode.js
prelude	bajaScript	_callSuper	184	same-module:stmt	bajaScript/extracted/rc/baja/comp/User.js
prelude	bajaScript	_possibleConstructorReturn	228	same-module:stmt	bajaScript/extracted/rc/baja/comp/User.js
prelude	bajaScript	_assertThisInitialized	144	same-module:stmt	bajaScript/extracted/rc/baja/comp/User.js
prelude	bajaScript	_isNativeReflectConstruct	191	same-module:stmt	bajaScript/extracted/rc/baja/comp/User.js
prelude	bajaScript	_getPrototypeOf	164	same-module:uglify	bajaScript/extracted/rc/baja/comp/User.js
prelude	bajaScript	_inherits	301	same-module:stmt	bajaScript/extracted/rc/baja/comp/User.js
prelude	bajaScript	_setPrototypeOf	148	same-module:uglify	bajaScript/extracted/rc/baja/comp/User.js
prelude	bajaScript	_toArray	120	same-module:stmt	bajaScript/extracted/rc/baja/obj/Format.js
prelude	bajaScript	_iterableToArray	129	same-module:stmt	bajaScript/extracted/rc/baja/nav/NavNode.js
prelude	bajaScript	_slicedToArray	137	same-module:stmt	bajaScript/extracted/rc/baja/comp/Complex.js
prelude	bajaScript	_nonIterableRest	189	same-module:stmt	bajaScript/extracted/rc/baja/comp/Complex.js
prelude	bajaScript	_unsupportedIterableToArray	330	same-module:stmt	bajaScript/extracted/rc/baja/comp/Complex.js
prelude	bajaScript	_arrayLikeToArray	118	same-module:stmt	bajaScript/extracted/rc/baja/comp/Complex.js
prelude	bajaScript	_iterableToArrayLimit	416	same-module:stmt	bajaScript/extracted/rc/baja/comp/Complex.js
prelude	bajaScript	_arrayWithHoles	57	same-module:stmt	bajaScript/extracted/rc/baja/comp/Complex.js
prelude	bajaScript	_classCallCheck	108	same-module:stmt	bajaScript/extracted/rc/baja/comp/User.js
prelude	bajaScript	_defineProperties	198	same-module:stmt	bajaScript/extracted/rc/baja/comp/User.js
prelude	bajaScript	_createClass	151	same-module:stmt	bajaScript/extracted/rc/baja/comp/User.js
prelude	bajaScript	_toPropertyKey	92	same-module:stmt	bajaScript/extracted/rc/baja/comp/User.js
prelude	bajaScript	_toPrimitive	274	same-module:uglify	bajaScript/extracted/rc/baja/comp/User.js
prelude	bajaScript	_typeof	241	same-module:uglify	bajaScript/extracted/rc/baja/coll/TableCursor.js
prelude	bajaui	_typeof	241	same-module:uglify	bajaui/extracted/rc/baja/Border.js
prelude	bajaui	_readOnlyError	71	same-module:stmt	bajaui/extracted/rc/util/UserDataOptions.js
prelude	bajaui	_superPropGet	151	same-module:stmt	bajaui/extracted/rc/fe/LayoutEditor.js
prelude	bajaui	_get	260	same-module:uglify	bajaui/extracted/rc/fe/LayoutEditor.js
prelude	bajaui	_superPropBase	105	same-module:stmt	bajaui/extracted/rc/fe/LayoutEditor.js
prelude	bajaui	_defineProperty	152	same-module:stmt	bajaui/extracted/rc/fe/BorderEditor.js
prelude	bajaui	_slicedToArray	137	same-module:stmt	bajaui/extracted/rc/baja/Border.js
prelude	bajaui	_nonIterableRest	189	same-module:stmt	bajaui/extracted/rc/baja/Border.js
prelude	bajaui	_iterableToArrayLimit	416	same-module:stmt	bajaui/extracted/rc/baja/Border.js
prelude	bajaui	_arrayWithHoles	57	same-module:stmt	bajaui/extracted/rc/baja/Border.js
prelude	bajaui	_classCallCheck	108	same-module:stmt	bajaui/extracted/rc/baja/Border.js
prelude	bajaui	_defineProperties	198	same-module:stmt	bajaui/extracted/rc/baja/Border.js
prelude	bajaui	_createClass	151	same-module:stmt	bajaui/extracted/rc/baja/Border.js
prelude	bajaui	_toPropertyKey	92	same-module:stmt	bajaui/extracted/rc/baja/Border.js
prelude	bajaui	_toPrimitive	274	same-module:uglify	bajaui/extracted/rc/baja/Border.js
prelude	bajaui	_callSuper	184	same-module:stmt	bajaui/extracted/rc/baja/Border.js
prelude	bajaui	_possibleConstructorReturn	228	same-module:stmt	bajaui/extracted/rc/baja/Border.js
prelude	bajaui	_assertThisInitialized	144	same-module:stmt	bajaui/extracted/rc/baja/Border.js
prelude	bajaui	_isNativeReflectConstruct	191	same-module:stmt	bajaui/extracted/rc/baja/Border.js
prelude	bajaui	_getPrototypeOf	164	same-module:uglify	bajaui/extracted/rc/baja/Border.js
prelude	bajaui	_inherits	301	same-module:stmt	bajaui/extracted/rc/baja/Border.js
prelude	bajaui	_setPrototypeOf	148	same-module:uglify	bajaui/extracted/rc/baja/Border.js
prelude	bajaui	_toConsumableArray	135	same-module:stmt	bajaui/extracted/rc/binding/impl/widgetEvents.js
prelude	bajaui	_nonIterableSpread	186	same-module:stmt	bajaui/extracted/rc/binding/impl/widgetEvents.js
prelude	bajaui	_unsupportedIterableToArray	330	same-module:stmt	bajaui/extracted/rc/baja/Border.js
prelude	bajaui	_iterableToArray	129	same-module:stmt	bajaui/extracted/rc/binding/impl/widgetEvents.js
prelude	bajaui	_arrayWithoutHoles	79	same-module:stmt	bajaui/extracted/rc/binding/impl/widgetEvents.js
prelude	bajaui	_arrayLikeToArray	118	same-module:stmt	bajaui/extracted/rc/baja/Border.js
prelude	bajaux	_defineAccessor	115	same-module:stmt	bajaux/extracted/rc/spandrel/jsx.js
prelude	bajaux	_superPropGet	151	same-module:stmt	bajaux/extracted/rc/spandrel/DynamicSpandrelWidget.js
prelude	bajaux	_get	260	same-module:uglify	bajaux/extracted/rc/spandrel/DynamicSpandrelWidget.js
prelude	bajaux	_superPropBase	105	same-module:stmt	bajaux/extracted/rc/spandrel/DynamicSpandrelWidget.js
prelude	bajaux	_wrapNativeSuper	521	same-module:uglify	bajaux/extracted/rc/spandrel/SpandrelWidget.js
prelude	bajaux	_construct	208	same-module:stmt	bajaux/extracted/rc/spandrel/SpandrelWidget.js
prelude	bajaux	_isNativeFunction	133	same-module:stmt	bajaux/extracted/rc/spandrel/SpandrelWidget.js
prelude	bajaux	_defineProperty	152	same-module:stmt	bajaux/extracted/rc/model/jsxToUxModel.js
prelude	bajaux	_callSuper	184	same-module:stmt	bajaux/extracted/rc/spandrel/DynamicSpandrelWidget.js
prelude	bajaux	_possibleConstructorReturn	228	same-module:stmt	bajaux/extracted/rc/spandrel/DynamicSpandrelWidget.js
prelude	bajaux	_assertThisInitialized	144	same-module:stmt	bajaux/extracted/rc/spandrel/DynamicSpandrelWidget.js
prelude	bajaux	_isNativeReflectConstruct	191	same-module:stmt	bajaux/extracted/rc/spandrel/DynamicSpandrelWidget.js
prelude	bajaux	_getPrototypeOf	164	same-module:uglify	bajaux/extracted/rc/spandrel/DynamicSpandrelWidget.js
prelude	bajaux	_inherits	301	same-module:stmt	bajaux/extracted/rc/spandrel/DynamicSpandrelWidget.js
prelude	bajaux	_setPrototypeOf	148	same-module:uglify	bajaux/extracted/rc/spandrel/DynamicSpandrelWidget.js
prelude	bajaux	_slicedToArray	137	same-module:stmt	bajaux/extracted/rc/commands/UndoManager.js
prelude	bajaux	_nonIterableRest	189	same-module:stmt	bajaux/extracted/rc/commands/UndoManager.js
prelude	bajaux	_iterableToArrayLimit	416	same-module:stmt	bajaux/extracted/rc/commands/UndoManager.js
prelude	bajaux	_arrayWithHoles	57	same-module:stmt	bajaux/extracted/rc/commands/UndoManager.js
prelude	bajaux	_readOnlyError	71	same-module:stmt	bajaux/extracted/rc/commands/UndoManager.js
prelude	bajaux	_toConsumableArray	135	same-module:stmt	bajaux/extracted/rc/Widget.js
prelude	bajaux	_nonIterableSpread	186	same-module:stmt	bajaux/extracted/rc/Widget.js
prelude	bajaux	_unsupportedIterableToArray	330	same-module:stmt	bajaux/extracted/rc/Widget.js
prelude	bajaux	_iterableToArray	129	same-module:stmt	bajaux/extracted/rc/Widget.js
prelude	bajaux	_arrayWithoutHoles	79	same-module:stmt	bajaux/extracted/rc/Widget.js
prelude	bajaux	_arrayLikeToArray	118	same-module:stmt	bajaux/extracted/rc/Widget.js
prelude	bajaux	_classCallCheck	108	same-module:stmt	bajaux/extracted/rc/commands/UndoManager.js
prelude	bajaux	_defineProperties	198	same-module:stmt	bajaux/extracted/rc/commands/UndoManager.js
prelude	bajaux	_createClass	151	same-module:stmt	bajaux/extracted/rc/commands/UndoManager.js
prelude	bajaux	_toPropertyKey	92	same-module:stmt	bajaux/extracted/rc/commands/UndoManager.js
prelude	bajaux	_toPrimitive	274	same-module:uglify	bajaux/extracted/rc/commands/UndoManager.js
prelude	bajaux	_typeof	241	same-module:uglify	bajaux/extracted/rc/Properties.js
prelude	batchJob	_typeof	241	same-module:uglify	batchJob/extracted/rc/BatchJobList.js
prelude	batchJob	_defineProperty	152	same-module:stmt	batchJob/extracted/rc/util/JobSummariesTable.js
prelude	batchJob	_superPropGet	151	same-module:stmt	batchJob/extracted/rc/util/JobSummariesTable.js
prelude	batchJob	_get	260	same-module:uglify	batchJob/extracted/rc/util/JobSummariesTable.js
prelude	batchJob	_superPropBase	105	same-module:stmt	batchJob/extracted/rc/util/JobSummariesTable.js
prelude	batchJob	_toArray	120	same-module:stmt	batchJob/extracted/rc/baja/ValueList.js
prelude	batchJob	_toConsumableArray	135	same-module:stmt	batchJob/extracted/rc/BatchJobStepLogFileUxView.js
prelude	batchJob	_nonIterableSpread	186	same-module:stmt	batchJob/extracted/rc/BatchJobStepLogFileUxView.js
prelude	batchJob	_iterableToArray	129	same-module:stmt	batchJob/extracted/rc/BatchJobStepLogFileUxView.js
prelude	batchJob	_arrayWithoutHoles	79	same-module:stmt	batchJob/extracted/rc/BatchJobStepLogFileUxView.js
prelude	batchJob	_slicedToArray	137	same-module:stmt	batchJob/extracted/rc/BatchJobStepLogFileUxView.js
prelude	batchJob	_nonIterableRest	189	same-module:stmt	batchJob/extracted/rc/BatchJobStepLogFileUxView.js
prelude	batchJob	_unsupportedIterableToArray	330	same-module:stmt	batchJob/extracted/rc/BatchJobStepLogFileUxView.js
prelude	batchJob	_arrayLikeToArray	118	same-module:stmt	batchJob/extracted/rc/BatchJobStepLogFileUxView.js
prelude	batchJob	_iterableToArrayLimit	416	same-module:stmt	batchJob/extracted/rc/BatchJobStepLogFileUxView.js
prelude	batchJob	_arrayWithHoles	57	same-module:stmt	batchJob/extracted/rc/BatchJobStepLogFileUxView.js
prelude	batchJob	_callSuper	184	same-module:stmt	batchJob/extracted/rc/BatchJobList.js
prelude	batchJob	_possibleConstructorReturn	228	same-module:stmt	batchJob/extracted/rc/BatchJobList.js
prelude	batchJob	_assertThisInitialized	144	same-module:stmt	batchJob/extracted/rc/BatchJobList.js
prelude	batchJob	_isNativeReflectConstruct	191	same-module:stmt	batchJob/extracted/rc/BatchJobList.js
prelude	batchJob	_getPrototypeOf	164	same-module:uglify	batchJob/extracted/rc/BatchJobList.js
prelude	batchJob	_inherits	301	same-module:stmt	batchJob/extracted/rc/BatchJobList.js
prelude	batchJob	_setPrototypeOf	148	same-module:uglify	batchJob/extracted/rc/BatchJobList.js
prelude	batchJob	_classCallCheck	108	same-module:stmt	batchJob/extracted/rc/BatchJobList.js
prelude	batchJob	_defineProperties	198	same-module:stmt	batchJob/extracted/rc/BatchJobList.js
prelude	batchJob	_createClass	151	same-module:stmt	batchJob/extracted/rc/BatchJobList.js
prelude	batchJob	_toPropertyKey	92	same-module:stmt	batchJob/extracted/rc/BatchJobList.js
prelude	batchJob	_toPrimitive	274	same-module:uglify	batchJob/extracted/rc/BatchJobList.js
prelude	bql	_typeof	241	same-module:uglify	bql/extracted/rc/builder/BqlQueryBuilder.js
prelude	bql	_superPropGet	151	same-module:stmt	bql/extracted/rc/builder/BqlQueryBuilder.js
prelude	bql	_get	260	same-module:uglify	bql/extracted/rc/builder/BqlQueryBuilder.js
prelude	bql	_superPropBase	105	same-module:stmt	bql/extracted/rc/builder/BqlQueryBuilder.js
prelude	bql	_toConsumableArray	135	same-module:stmt	bql/extracted/rc/util/parseBql.js
prelude	bql	_nonIterableSpread	186	same-module:stmt	bql/extracted/rc/util/parseBql.js
prelude	bql	_iterableToArray	129	same-module:stmt	bql/extracted/rc/util/parseBql.js
prelude	bql	_arrayWithoutHoles	79	same-module:stmt	bql/extracted/rc/util/parseBql.js
prelude	bql	_defineProperty	152	same-module:stmt	bql/extracted/rc/builder/BqlQueryBuilder.js
prelude	bql	_classCallCheck	108	same-module:stmt	bql/extracted/rc/builder/BqlQueryBuilder.js
prelude	bql	_defineProperties	198	same-module:stmt	bql/extracted/rc/builder/BqlQueryBuilder.js
prelude	bql	_createClass	151	same-module:stmt	bql/extracted/rc/builder/BqlQueryBuilder.js
prelude	bql	_toPropertyKey	92	same-module:stmt	bql/extracted/rc/builder/BqlQueryBuilder.js
prelude	bql	_toPrimitive	274	same-module:uglify	bql/extracted/rc/builder/BqlQueryBuilder.js
prelude	bql	_callSuper	184	same-module:stmt	bql/extracted/rc/builder/BqlQueryBuilder.js
prelude	bql	_possibleConstructorReturn	228	same-module:stmt	bql/extracted/rc/builder/BqlQueryBuilder.js
prelude	bql	_assertThisInitialized	144	same-module:stmt	bql/extracted/rc/builder/BqlQueryBuilder.js
prelude	bql	_isNativeReflectConstruct	191	same-module:stmt	bql/extracted/rc/builder/BqlQueryBuilder.js
prelude	bql	_getPrototypeOf	164	same-module:uglify	bql/extracted/rc/builder/BqlQueryBuilder.js
prelude	bql	_inherits	301	same-module:stmt	bql/extracted/rc/builder/BqlQueryBuilder.js
prelude	bql	_setPrototypeOf	148	same-module:uglify	bql/extracted/rc/builder/BqlQueryBuilder.js
prelude	bql	_slicedToArray	137	same-module:stmt	bql/extracted/rc/builder/BqlQueryBuilder.js
prelude	bql	_nonIterableRest	189	same-module:stmt	bql/extracted/rc/builder/BqlQueryBuilder.js
prelude	bql	_unsupportedIterableToArray	330	same-module:stmt	bql/extracted/rc/builder/BqlQueryBuilder.js
prelude	bql	_arrayLikeToArray	118	same-module:stmt	bql/extracted/rc/builder/BqlQueryBuilder.js
prelude	bql	_iterableToArrayLimit	416	same-module:stmt	bql/extracted/rc/builder/BqlQueryBuilder.js
prelude	bql	_arrayWithHoles	57	same-module:stmt	bql/extracted/rc/builder/BqlQueryBuilder.js
prelude	ccn	_typeof	241	same-module:uglify	ccn/extracted/rc/wb/mgr/CcnAlarmHistoryUxManager.js
prelude	ccn	_superPropGet	151	same-module:stmt	ccn/extracted/rc/wb/mgr/CcnAlarmHistoryUxManager.js
prelude	ccn	_get	260	same-module:uglify	ccn/extracted/rc/wb/mgr/CcnAlarmHistoryUxManager.js
prelude	ccn	_superPropBase	105	same-module:stmt	ccn/extracted/rc/wb/mgr/CcnAlarmHistoryUxManager.js
prelude	ccn	_slicedToArray	137	same-module:stmt	ccn/extracted/rc/wb/mgr/CcnAlarmHistoryUxManager.js
prelude	ccn	_nonIterableRest	189	same-module:stmt	ccn/extracted/rc/wb/mgr/CcnAlarmHistoryUxManager.js
prelude	ccn	_unsupportedIterableToArray	330	same-module:stmt	ccn/extracted/rc/wb/mgr/CcnAlarmHistoryUxManager.js
prelude	ccn	_arrayLikeToArray	118	same-module:stmt	ccn/extracted/rc/wb/mgr/CcnAlarmHistoryUxManager.js
prelude	ccn	_iterableToArrayLimit	416	same-module:stmt	ccn/extracted/rc/wb/mgr/CcnAlarmHistoryUxManager.js
prelude	ccn	_arrayWithHoles	57	same-module:stmt	ccn/extracted/rc/wb/mgr/CcnAlarmHistoryUxManager.js
prelude	ccn	_classCallCheck	108	same-module:stmt	ccn/extracted/rc/wb/mgr/CcnAlarmHistoryUxManager.js
prelude	ccn	_defineProperties	198	same-module:stmt	ccn/extracted/rc/wb/mgr/CcnAlarmHistoryUxManager.js
prelude	ccn	_createClass	151	same-module:stmt	ccn/extracted/rc/wb/mgr/CcnAlarmHistoryUxManager.js
prelude	ccn	_toPropertyKey	92	same-module:stmt	ccn/extracted/rc/wb/mgr/CcnAlarmHistoryUxManager.js
prelude	ccn	_toPrimitive	274	same-module:uglify	ccn/extracted/rc/wb/mgr/CcnAlarmHistoryUxManager.js
prelude	ccn	_callSuper	184	same-module:stmt	ccn/extracted/rc/wb/mgr/CcnAlarmHistoryUxManager.js
prelude	ccn	_possibleConstructorReturn	228	same-module:stmt	ccn/extracted/rc/wb/mgr/CcnAlarmHistoryUxManager.js
prelude	ccn	_assertThisInitialized	144	same-module:stmt	ccn/extracted/rc/wb/mgr/CcnAlarmHistoryUxManager.js
prelude	ccn	_isNativeReflectConstruct	191	same-module:stmt	ccn/extracted/rc/wb/mgr/CcnAlarmHistoryUxManager.js
prelude	ccn	_getPrototypeOf	164	same-module:uglify	ccn/extracted/rc/wb/mgr/CcnAlarmHistoryUxManager.js
prelude	ccn	_inherits	301	same-module:stmt	ccn/extracted/rc/wb/mgr/CcnAlarmHistoryUxManager.js
prelude	ccn	_setPrototypeOf	148	same-module:uglify	ccn/extracted/rc/wb/mgr/CcnAlarmHistoryUxManager.js
prelude	cloudLink	_typeof	241	same-module:uglify	cloudLink/extracted/rc/file/view/EncryptedDistributionView.js
prelude	cloudLink	_toConsumableArray	135	same-module:stmt	cloudLink/extracted/rc/history/util/IconDisplayNameColumn.js
prelude	cloudLink	_nonIterableSpread	186	same-module:stmt	cloudLink/extracted/rc/history/util/IconDisplayNameColumn.js
prelude	cloudLink	_unsupportedIterableToArray	330	same-module:stmt	cloudLink/extracted/rc/history/util/IconDisplayNameColumn.js
prelude	cloudLink	_iterableToArray	129	same-module:stmt	cloudLink/extracted/rc/history/util/IconDisplayNameColumn.js
prelude	cloudLink	_arrayWithoutHoles	79	same-module:stmt	cloudLink/extracted/rc/history/util/IconDisplayNameColumn.js
prelude	cloudLink	_arrayLikeToArray	118	same-module:stmt	cloudLink/extracted/rc/history/util/IconDisplayNameColumn.js
prelude	cloudLink	_classCallCheck	108	same-module:stmt	cloudLink/extracted/rc/file/view/EncryptedDistributionView.js
prelude	cloudLink	_defineProperties	198	same-module:stmt	cloudLink/extracted/rc/file/view/EncryptedDistributionView.js
prelude	cloudLink	_createClass	151	same-module:stmt	cloudLink/extracted/rc/file/view/EncryptedDistributionView.js
prelude	cloudLink	_toPropertyKey	92	same-module:stmt	cloudLink/extracted/rc/file/view/EncryptedDistributionView.js
prelude	cloudLink	_toPrimitive	274	same-module:uglify	cloudLink/extracted/rc/file/view/EncryptedDistributionView.js
prelude	cloudLink	_callSuper	184	same-module:stmt	cloudLink/extracted/rc/file/view/EncryptedDistributionView.js
prelude	cloudLink	_possibleConstructorReturn	228	same-module:stmt	cloudLink/extracted/rc/file/view/EncryptedDistributionView.js
prelude	cloudLink	_assertThisInitialized	144	same-module:stmt	cloudLink/extracted/rc/file/view/EncryptedDistributionView.js
prelude	cloudLink	_isNativeReflectConstruct	191	same-module:stmt	cloudLink/extracted/rc/file/view/EncryptedDistributionView.js
prelude	cloudLink	_getPrototypeOf	164	same-module:uglify	cloudLink/extracted/rc/file/view/EncryptedDistributionView.js
prelude	cloudLink	_inherits	301	same-module:stmt	cloudLink/extracted/rc/file/view/EncryptedDistributionView.js
prelude	cloudLink	_setPrototypeOf	148	same-module:uglify	cloudLink/extracted/rc/file/view/EncryptedDistributionView.js
prelude	control	_slicedToArray	137	same-module:stmt	control/extracted/rc/fe/DailyTriggerModeEditor.js
prelude	control	_nonIterableRest	189	same-module:stmt	control/extracted/rc/fe/DailyTriggerModeEditor.js
prelude	control	_unsupportedIterableToArray	330	same-module:stmt	control/extracted/rc/fe/DailyTriggerModeEditor.js
prelude	control	_arrayLikeToArray	118	same-module:stmt	control/extracted/rc/fe/DailyTriggerModeEditor.js
prelude	control	_iterableToArrayLimit	416	same-module:stmt	control/extracted/rc/fe/DailyTriggerModeEditor.js
prelude	control	_arrayWithHoles	57	same-module:stmt	control/extracted/rc/fe/DailyTriggerModeEditor.js
prelude	converters	_typeof	241	same-module:uglify	converters/extracted/rc/AbsTimeToNumber.js
prelude	converters	_defineProperty	152	same-module:stmt	converters/extracted/rc/fe/IEnumToSimpleEditor.js
prelude	converters	_slicedToArray	137	same-module:stmt	converters/extracted/rc/fe/IEnumToSimpleEditor.js
prelude	converters	_nonIterableRest	189	same-module:stmt	converters/extracted/rc/fe/IEnumToSimpleEditor.js
prelude	converters	_unsupportedIterableToArray	330	same-module:stmt	converters/extracted/rc/fe/IEnumToSimpleEditor.js
prelude	converters	_arrayLikeToArray	118	same-module:stmt	converters/extracted/rc/fe/IEnumToSimpleEditor.js
prelude	converters	_iterableToArrayLimit	416	same-module:stmt	converters/extracted/rc/fe/IEnumToSimpleEditor.js
prelude	converters	_arrayWithHoles	57	same-module:stmt	converters/extracted/rc/fe/IEnumToSimpleEditor.js
prelude	converters	_classCallCheck	108	same-module:stmt	converters/extracted/rc/AbsTimeToNumber.js
prelude	converters	_defineProperties	198	same-module:stmt	converters/extracted/rc/AbsTimeToNumber.js
prelude	converters	_createClass	151	same-module:stmt	converters/extracted/rc/AbsTimeToNumber.js
prelude	converters	_toPropertyKey	92	same-module:stmt	converters/extracted/rc/AbsTimeToNumber.js
prelude	converters	_toPrimitive	274	same-module:uglify	converters/extracted/rc/AbsTimeToNumber.js
prelude	converters	_callSuper	184	same-module:stmt	converters/extracted/rc/AbsTimeToNumber.js
prelude	converters	_possibleConstructorReturn	228	same-module:stmt	converters/extracted/rc/AbsTimeToNumber.js
prelude	converters	_assertThisInitialized	144	same-module:stmt	converters/extracted/rc/AbsTimeToNumber.js
prelude	converters	_isNativeReflectConstruct	191	same-module:stmt	converters/extracted/rc/AbsTimeToNumber.js
prelude	converters	_getPrototypeOf	164	same-module:uglify	converters/extracted/rc/AbsTimeToNumber.js
prelude	converters	_inherits	301	same-module:stmt	converters/extracted/rc/AbsTimeToNumber.js
prelude	converters	_setPrototypeOf	148	same-module:uglify	converters/extracted/rc/AbsTimeToNumber.js
prelude	dashboard	_typeof	241	same-module:uglify	dashboard/extracted/rc/ux/DashboardPane.js
prelude	dashboard	_defineProperties	198	same-module:stmt	dashboard/extracted/rc/ux/DashboardPane.js
prelude	dashboard	_createClass	151	same-module:stmt	dashboard/extracted/rc/ux/DashboardPane.js
prelude	dashboard	_toPropertyKey	92	same-module:stmt	dashboard/extracted/rc/ux/DashboardPane.js
prelude	dashboard	_toPrimitive	274	same-module:uglify	dashboard/extracted/rc/ux/DashboardPane.js
prelude	dashboard	_classCallCheck	108	same-module:stmt	dashboard/extracted/rc/ux/DashboardPane.js
prelude	dashboard	_callSuper	184	same-module:stmt	dashboard/extracted/rc/ux/DashboardPane.js
prelude	dashboard	_possibleConstructorReturn	228	same-module:stmt	dashboard/extracted/rc/ux/DashboardPane.js
prelude	dashboard	_assertThisInitialized	144	same-module:stmt	dashboard/extracted/rc/ux/DashboardPane.js
prelude	dashboard	_inherits	301	same-module:stmt	dashboard/extracted/rc/ux/DashboardPane.js
prelude	dashboard	_wrapNativeSuper	521	same-module:uglify	dashboard/extracted/rc/ux/DashboardPane.js
prelude	dashboard	_construct	208	same-module:stmt	dashboard/extracted/rc/ux/DashboardPane.js
prelude	dashboard	_isNativeReflectConstruct	191	same-module:stmt	dashboard/extracted/rc/ux/DashboardPane.js
prelude	dashboard	_isNativeFunction	133	same-module:stmt	dashboard/extracted/rc/ux/DashboardPane.js
prelude	dashboard	_setPrototypeOf	148	same-module:uglify	dashboard/extracted/rc/ux/DashboardPane.js
prelude	dashboard	_getPrototypeOf	164	same-module:uglify	dashboard/extracted/rc/ux/DashboardPane.js
prelude	dashboard	_slicedToArray	137	same-module:stmt	dashboard/extracted/rc/dashboard.js
prelude	dashboard	_nonIterableRest	189	same-module:stmt	dashboard/extracted/rc/dashboard.js
prelude	dashboard	_unsupportedIterableToArray	330	same-module:stmt	dashboard/extracted/rc/dashboard.js
prelude	dashboard	_arrayLikeToArray	118	same-module:stmt	dashboard/extracted/rc/dashboard.js
prelude	dashboard	_iterableToArrayLimit	416	same-module:stmt	dashboard/extracted/rc/dashboard.js
prelude	dashboard	_arrayWithHoles	57	same-module:stmt	dashboard/extracted/rc/dashboard.js
prelude	docDeveloper	_slicedToArray	137	same-module:stmt	docDeveloper/extracted/rc/JsPlaygroundWidget.js
prelude	docDeveloper	_nonIterableRest	189	same-module:stmt	docDeveloper/extracted/rc/JsPlaygroundWidget.js
prelude	docDeveloper	_unsupportedIterableToArray	330	same-module:stmt	docDeveloper/extracted/rc/JsPlaygroundWidget.js
prelude	docDeveloper	_arrayLikeToArray	118	same-module:stmt	docDeveloper/extracted/rc/JsPlaygroundWidget.js
prelude	docDeveloper	_iterableToArrayLimit	416	same-module:stmt	docDeveloper/extracted/rc/JsPlaygroundWidget.js
prelude	docDeveloper	_arrayWithHoles	57	same-module:stmt	docDeveloper/extracted/rc/JsPlaygroundWidget.js
prelude	docDeveloper	_typeof	241	other-module:uglify	alarm/extracted/rc/fe/AlarmTransitionBitsEditor.js
prelude	driver	_typeof	241	same-module:uglify	driver/extracted/rc/fe/TuningPolicyEditor.js
prelude	driver	_classCallCheck	108	same-module:stmt	driver/extracted/rc/fe/TuningPolicyEditor.js
prelude	driver	_defineProperties	198	same-module:stmt	driver/extracted/rc/fe/TuningPolicyEditor.js
prelude	driver	_createClass	151	same-module:stmt	driver/extracted/rc/fe/TuningPolicyEditor.js
prelude	driver	_toPropertyKey	92	same-module:stmt	driver/extracted/rc/fe/TuningPolicyEditor.js
prelude	driver	_toPrimitive	274	same-module:uglify	driver/extracted/rc/fe/TuningPolicyEditor.js
prelude	driver	_callSuper	184	same-module:stmt	driver/extracted/rc/fe/TuningPolicyEditor.js
prelude	driver	_possibleConstructorReturn	228	same-module:stmt	driver/extracted/rc/fe/TuningPolicyEditor.js
prelude	driver	_assertThisInitialized	144	same-module:stmt	driver/extracted/rc/fe/TuningPolicyEditor.js
prelude	driver	_isNativeReflectConstruct	191	same-module:stmt	driver/extracted/rc/fe/TuningPolicyEditor.js
prelude	driver	_superPropGet	151	same-module:stmt	driver/extracted/rc/fe/TuningPolicyEditor.js
prelude	driver	_get	260	same-module:uglify	driver/extracted/rc/fe/TuningPolicyEditor.js
prelude	driver	_superPropBase	105	same-module:stmt	driver/extracted/rc/fe/TuningPolicyEditor.js
prelude	driver	_getPrototypeOf	164	same-module:uglify	driver/extracted/rc/fe/TuningPolicyEditor.js
prelude	driver	_inherits	301	same-module:stmt	driver/extracted/rc/fe/TuningPolicyEditor.js
prelude	driver	_setPrototypeOf	148	same-module:uglify	driver/extracted/rc/fe/TuningPolicyEditor.js
prelude	driver	_slicedToArray	137	same-module:stmt	driver/extracted/rc/fe/BaseTabularConversionEditor.js
prelude	driver	_nonIterableRest	189	same-module:stmt	driver/extracted/rc/fe/BaseTabularConversionEditor.js
prelude	driver	_unsupportedIterableToArray	330	same-module:stmt	driver/extracted/rc/fe/BaseTabularConversionEditor.js
prelude	driver	_arrayLikeToArray	118	same-module:stmt	driver/extracted/rc/fe/BaseTabularConversionEditor.js
prelude	driver	_iterableToArrayLimit	416	same-module:stmt	driver/extracted/rc/fe/BaseTabularConversionEditor.js
prelude	driver	_arrayWithHoles	57	same-module:stmt	driver/extracted/rc/fe/BaseTabularConversionEditor.js
prelude	email	_typeof	241	same-module:uglify	email/extracted/rc/converters/EmailAddressListToString.js
prelude	email	_slicedToArray	137	same-module:stmt	email/extracted/rc/fe/EmailAddressEditor.js
prelude	email	_nonIterableRest	189	same-module:stmt	email/extracted/rc/fe/EmailAddressEditor.js
prelude	email	_unsupportedIterableToArray	330	same-module:stmt	email/extracted/rc/fe/EmailAddressEditor.js
prelude	email	_arrayLikeToArray	118	same-module:stmt	email/extracted/rc/fe/EmailAddressEditor.js
prelude	email	_iterableToArrayLimit	416	same-module:stmt	email/extracted/rc/fe/EmailAddressEditor.js
prelude	email	_arrayWithHoles	57	same-module:stmt	email/extracted/rc/fe/EmailAddressEditor.js
prelude	email	_classCallCheck	108	same-module:stmt	email/extracted/rc/converters/EmailAddressListToString.js
prelude	email	_defineProperties	198	same-module:stmt	email/extracted/rc/converters/EmailAddressListToString.js
prelude	email	_createClass	151	same-module:stmt	email/extracted/rc/converters/EmailAddressListToString.js
prelude	email	_toPropertyKey	92	same-module:stmt	email/extracted/rc/converters/EmailAddressListToString.js
prelude	email	_toPrimitive	274	same-module:uglify	email/extracted/rc/converters/EmailAddressListToString.js
prelude	email	_callSuper	184	same-module:stmt	email/extracted/rc/converters/EmailAddressListToString.js
prelude	email	_possibleConstructorReturn	228	same-module:stmt	email/extracted/rc/converters/EmailAddressListToString.js
prelude	email	_assertThisInitialized	144	same-module:stmt	email/extracted/rc/converters/EmailAddressListToString.js
prelude	email	_isNativeReflectConstruct	191	same-module:stmt	email/extracted/rc/converters/EmailAddressListToString.js
prelude	email	_getPrototypeOf	164	same-module:uglify	email/extracted/rc/converters/EmailAddressListToString.js
prelude	email	_inherits	301	same-module:stmt	email/extracted/rc/converters/EmailAddressListToString.js
prelude	email	_setPrototypeOf	148	same-module:uglify	email/extracted/rc/converters/EmailAddressListToString.js
prelude	export	_typeof	241	same-module:uglify	export/extracted/rc/ExportDestinationType.js
prelude	export	_classCallCheck	108	same-module:stmt	export/extracted/rc/ExportDestinationType.js
prelude	export	_defineProperties	198	same-module:stmt	export/extracted/rc/ExportDestinationType.js
prelude	export	_createClass	151	same-module:stmt	export/extracted/rc/ExportDestinationType.js
prelude	export	_toPropertyKey	92	same-module:stmt	export/extracted/rc/ExportDestinationType.js
prelude	export	_toPrimitive	274	same-module:uglify	export/extracted/rc/ExportDestinationType.js
prelude	gx	_defineProperty	152	same-module:stmt	gx/extracted/rc/fe/ColorEditor.js
prelude	gx	_superPropGet	151	same-module:stmt	gx/extracted/rc/fe/ColorPaletteChooser.js
prelude	gx	_get	260	same-module:uglify	gx/extracted/rc/fe/ColorPaletteChooser.js
prelude	gx	_superPropBase	105	same-module:stmt	gx/extracted/rc/fe/ColorPaletteChooser.js
prelude	gx	_construct	208	same-module:stmt	gx/extracted/rc/baja/EllipseGeom.js
prelude	gx	_toConsumableArray	135	same-module:stmt	gx/extracted/rc/baja/EllipseGeom.js
prelude	gx	_nonIterableSpread	186	same-module:stmt	gx/extracted/rc/baja/EllipseGeom.js
prelude	gx	_iterableToArray	129	same-module:stmt	gx/extracted/rc/baja/EllipseGeom.js
prelude	gx	_arrayWithoutHoles	79	same-module:stmt	gx/extracted/rc/baja/EllipseGeom.js
prelude	gx	_typeof	241	same-module:uglify	gx/extracted/rc/baja/Brush.js
prelude	gx	_classCallCheck	108	same-module:stmt	gx/extracted/rc/baja/Brush.js
prelude	gx	_defineProperties	198	same-module:stmt	gx/extracted/rc/baja/Brush.js
prelude	gx	_createClass	151	same-module:stmt	gx/extracted/rc/baja/Brush.js
prelude	gx	_toPropertyKey	92	same-module:stmt	gx/extracted/rc/baja/Brush.js
prelude	gx	_toPrimitive	274	same-module:uglify	gx/extracted/rc/baja/Brush.js
prelude	gx	_callSuper	184	same-module:stmt	gx/extracted/rc/baja/Brush.js
prelude	gx	_possibleConstructorReturn	228	same-module:stmt	gx/extracted/rc/baja/Brush.js
prelude	gx	_assertThisInitialized	144	same-module:stmt	gx/extracted/rc/baja/Brush.js
prelude	gx	_isNativeReflectConstruct	191	same-module:stmt	gx/extracted/rc/baja/Brush.js
prelude	gx	_getPrototypeOf	164	same-module:uglify	gx/extracted/rc/baja/Brush.js
prelude	gx	_inherits	301	same-module:stmt	gx/extracted/rc/baja/Brush.js
prelude	gx	_setPrototypeOf	148	same-module:uglify	gx/extracted/rc/baja/Brush.js
prelude	gx	_slicedToArray	137	same-module:stmt	gx/extracted/rc/baja/Brush.js
prelude	gx	_nonIterableRest	189	same-module:stmt	gx/extracted/rc/baja/Brush.js
prelude	gx	_unsupportedIterableToArray	330	same-module:stmt	gx/extracted/rc/baja/Brush.js
prelude	gx	_arrayLikeToArray	118	same-module:stmt	gx/extracted/rc/baja/Brush.js
prelude	gx	_iterableToArrayLimit	416	same-module:stmt	gx/extracted/rc/baja/Brush.js
prelude	gx	_arrayWithHoles	57	same-module:stmt	gx/extracted/rc/baja/Brush.js
prelude	hierarchy	_slicedToArray	137	same-module:stmt	hierarchy/extracted/rc/bs/levelElemMenuAgent.js
prelude	hierarchy	_nonIterableRest	189	same-module:stmt	hierarchy/extracted/rc/bs/levelElemMenuAgent.js
prelude	hierarchy	_unsupportedIterableToArray	330	same-module:stmt	hierarchy/extracted/rc/bs/levelElemMenuAgent.js
prelude	hierarchy	_arrayLikeToArray	118	same-module:stmt	hierarchy/extracted/rc/bs/levelElemMenuAgent.js
prelude	hierarchy	_iterableToArrayLimit	416	same-module:stmt	hierarchy/extracted/rc/bs/levelElemMenuAgent.js
prelude	hierarchy	_arrayWithHoles	57	same-module:stmt	hierarchy/extracted/rc/bs/levelElemMenuAgent.js
prelude	history	_typeof	241	same-module:uglify	history/extracted/rc/DeviceHistoriesUxView.js
prelude	history	_toConsumableArray	135	same-module:stmt	history/extracted/rc/fe/CapacityEditor.js
prelude	history	_nonIterableSpread	186	same-module:stmt	history/extracted/rc/fe/CapacityEditor.js
prelude	history	_iterableToArray	129	same-module:stmt	history/extracted/rc/fe/CapacityEditor.js
prelude	history	_arrayWithoutHoles	79	same-module:stmt	history/extracted/rc/fe/CapacityEditor.js
prelude	history	_superPropGet	151	same-module:stmt	history/extracted/rc/DeviceHistoriesUxView.js
prelude	history	_get	260	same-module:uglify	history/extracted/rc/DeviceHistoriesUxView.js
prelude	history	_superPropBase	105	same-module:stmt	history/extracted/rc/DeviceHistoriesUxView.js
prelude	history	_defineProperties	198	same-module:stmt	history/extracted/rc/DeviceHistoriesUxView.js
prelude	history	_createClass	151	same-module:stmt	history/extracted/rc/DeviceHistoriesUxView.js
prelude	history	_toPropertyKey	92	same-module:stmt	history/extracted/rc/DeviceHistoriesUxView.js
prelude	history	_toPrimitive	274	same-module:uglify	history/extracted/rc/DeviceHistoriesUxView.js
prelude	history	_classCallCheck	108	same-module:stmt	history/extracted/rc/DeviceHistoriesUxView.js
prelude	history	_callSuper	184	same-module:stmt	history/extracted/rc/DeviceHistoriesUxView.js
prelude	history	_possibleConstructorReturn	228	same-module:stmt	history/extracted/rc/DeviceHistoriesUxView.js
prelude	history	_assertThisInitialized	144	same-module:stmt	history/extracted/rc/DeviceHistoriesUxView.js
prelude	history	_isNativeReflectConstruct	191	same-module:stmt	history/extracted/rc/DeviceHistoriesUxView.js
prelude	history	_getPrototypeOf	164	same-module:uglify	history/extracted/rc/DeviceHistoriesUxView.js
prelude	history	_inherits	301	same-module:stmt	history/extracted/rc/DeviceHistoriesUxView.js
prelude	history	_setPrototypeOf	148	same-module:uglify	history/extracted/rc/DeviceHistoriesUxView.js
prelude	history	_slicedToArray	137	same-module:stmt	history/extracted/rc/DatabaseMaintenance.js
prelude	history	_nonIterableRest	189	same-module:stmt	history/extracted/rc/DatabaseMaintenance.js
prelude	history	_unsupportedIterableToArray	330	same-module:stmt	history/extracted/rc/DatabaseMaintenance.js
prelude	history	_arrayLikeToArray	118	same-module:stmt	history/extracted/rc/DatabaseMaintenance.js
prelude	history	_iterableToArrayLimit	416	same-module:stmt	history/extracted/rc/DatabaseMaintenance.js
prelude	history	_arrayWithHoles	57	same-module:stmt	history/extracted/rc/DatabaseMaintenance.js
prelude	httpClient	_typeof	241	same-module:uglify	httpClient/extracted/rc/AddMorePointsCommand.js
prelude	httpClient	_superPropGet	151	same-module:stmt	httpClient/extracted/rc/MultiAddOptionsEditor.js
prelude	httpClient	_get	260	same-module:uglify	httpClient/extracted/rc/MultiAddOptionsEditor.js
prelude	httpClient	_superPropBase	105	same-module:stmt	httpClient/extracted/rc/MultiAddOptionsEditor.js
prelude	httpClient	_classCallCheck	108	same-module:stmt	httpClient/extracted/rc/AddMorePointsCommand.js
prelude	httpClient	_defineProperties	198	same-module:stmt	httpClient/extracted/rc/AddMorePointsCommand.js
prelude	httpClient	_createClass	151	same-module:stmt	httpClient/extracted/rc/AddMorePointsCommand.js
prelude	httpClient	_toPropertyKey	92	same-module:stmt	httpClient/extracted/rc/AddMorePointsCommand.js
prelude	httpClient	_toPrimitive	274	same-module:uglify	httpClient/extracted/rc/AddMorePointsCommand.js
prelude	httpClient	_callSuper	184	same-module:stmt	httpClient/extracted/rc/AddMorePointsCommand.js
prelude	httpClient	_possibleConstructorReturn	228	same-module:stmt	httpClient/extracted/rc/AddMorePointsCommand.js
prelude	httpClient	_assertThisInitialized	144	same-module:stmt	httpClient/extracted/rc/AddMorePointsCommand.js
prelude	httpClient	_isNativeReflectConstruct	191	same-module:stmt	httpClient/extracted/rc/AddMorePointsCommand.js
prelude	httpClient	_getPrototypeOf	164	same-module:uglify	httpClient/extracted/rc/AddMorePointsCommand.js
prelude	httpClient	_inherits	301	same-module:stmt	httpClient/extracted/rc/AddMorePointsCommand.js
prelude	httpClient	_setPrototypeOf	148	same-module:uglify	httpClient/extracted/rc/AddMorePointsCommand.js
prelude	httpClient	_slicedToArray	137	same-module:stmt	httpClient/extracted/rc/AddMorePointsCommand.js
prelude	httpClient	_nonIterableRest	189	same-module:stmt	httpClient/extracted/rc/AddMorePointsCommand.js
prelude	httpClient	_unsupportedIterableToArray	330	same-module:stmt	httpClient/extracted/rc/AddMorePointsCommand.js
prelude	httpClient	_arrayLikeToArray	118	same-module:stmt	httpClient/extracted/rc/AddMorePointsCommand.js
prelude	httpClient	_iterableToArrayLimit	416	same-module:stmt	httpClient/extracted/rc/AddMorePointsCommand.js
prelude	httpClient	_arrayWithHoles	57	same-module:stmt	httpClient/extracted/rc/AddMorePointsCommand.js
prelude	hx	_slicedToArray	137	same-module:stmt	hx/extracted/niagara/hx/hx.js
prelude	hx	_nonIterableRest	189	same-module:stmt	hx/extracted/niagara/hx/hx.js
prelude	hx	_unsupportedIterableToArray	330	same-module:stmt	hx/extracted/niagara/hx/hx.js
prelude	hx	_arrayLikeToArray	118	same-module:stmt	hx/extracted/niagara/hx/hx.js
prelude	hx	_iterableToArrayLimit	416	same-module:stmt	hx/extracted/niagara/hx/hx.js
prelude	hx	_arrayWithHoles	57	same-module:stmt	hx/extracted/niagara/hx/hx.js
prelude	js	_toConsumableArray	135	same-module:stmt	js/extracted/rc/dialogs/dialogs.js
prelude	js	_nonIterableSpread	186	same-module:stmt	js/extracted/rc/dialogs/dialogs.js
prelude	js	_iterableToArray	129	same-module:stmt	js/extracted/rc/dialogs/dialogs.js
prelude	js	_arrayWithoutHoles	79	same-module:stmt	js/extracted/rc/dialogs/dialogs.js
prelude	js	_typeof	241	same-module:uglify	js/extracted/rc/errors/LocalizableError.js
prelude	js	_slicedToArray	137	same-module:stmt	js/extracted/rc/dialogs/dialogs.js
prelude	js	_nonIterableRest	189	same-module:stmt	js/extracted/rc/dialogs/dialogs.js
prelude	js	_unsupportedIterableToArray	330	same-module:stmt	js/extracted/rc/dialogs/dialogs.js
prelude	js	_arrayLikeToArray	118	same-module:stmt	js/extracted/rc/dialogs/dialogs.js
prelude	js	_iterableToArrayLimit	416	same-module:stmt	js/extracted/rc/dialogs/dialogs.js
prelude	js	_arrayWithHoles	57	same-module:stmt	js/extracted/rc/dialogs/dialogs.js
prelude	jsonToolkit	_slicedToArray	137	same-module:stmt	jsonToolkit/extracted/rc/fe/JsonOutputEditor.js
prelude	jsonToolkit	_nonIterableRest	189	same-module:stmt	jsonToolkit/extracted/rc/fe/JsonOutputEditor.js
prelude	jsonToolkit	_unsupportedIterableToArray	330	same-module:stmt	jsonToolkit/extracted/rc/fe/JsonOutputEditor.js
prelude	jsonToolkit	_arrayLikeToArray	118	same-module:stmt	jsonToolkit/extracted/rc/fe/JsonOutputEditor.js
prelude	jsonToolkit	_iterableToArrayLimit	416	same-module:stmt	jsonToolkit/extracted/rc/fe/JsonOutputEditor.js
prelude	jsonToolkit	_arrayWithHoles	57	same-module:stmt	jsonToolkit/extracted/rc/fe/JsonOutputEditor.js
prelude	kitControl	_typeof	241	same-module:uglify	kitControl/extracted/rc/fe/PropagateFlagsEditor.js
prelude	kitControl	_classCallCheck	108	same-module:stmt	kitControl/extracted/rc/fe/PropagateFlagsEditor.js
prelude	kitControl	_defineProperties	198	same-module:stmt	kitControl/extracted/rc/fe/PropagateFlagsEditor.js
prelude	kitControl	_createClass	151	same-module:stmt	kitControl/extracted/rc/fe/PropagateFlagsEditor.js
prelude	kitControl	_toPropertyKey	92	same-module:stmt	kitControl/extracted/rc/fe/PropagateFlagsEditor.js
prelude	kitControl	_toPrimitive	274	same-module:uglify	kitControl/extracted/rc/fe/PropagateFlagsEditor.js
prelude	kitControl	_callSuper	184	same-module:stmt	kitControl/extracted/rc/fe/PropagateFlagsEditor.js
prelude	kitControl	_possibleConstructorReturn	228	same-module:stmt	kitControl/extracted/rc/fe/PropagateFlagsEditor.js
prelude	kitControl	_assertThisInitialized	144	same-module:stmt	kitControl/extracted/rc/fe/PropagateFlagsEditor.js
prelude	kitControl	_isNativeReflectConstruct	191	same-module:stmt	kitControl/extracted/rc/fe/PropagateFlagsEditor.js
prelude	kitControl	_getPrototypeOf	164	same-module:uglify	kitControl/extracted/rc/fe/PropagateFlagsEditor.js
prelude	kitControl	_inherits	301	same-module:stmt	kitControl/extracted/rc/fe/PropagateFlagsEditor.js
prelude	kitControl	_setPrototypeOf	148	same-module:uglify	kitControl/extracted/rc/fe/PropagateFlagsEditor.js
prelude	kitIo	_slicedToArray	137	same-module:stmt	kitIo/extracted/rc/fe/TabularConversionEditor.js
prelude	kitIo	_nonIterableRest	189	same-module:stmt	kitIo/extracted/rc/fe/TabularConversionEditor.js
prelude	kitIo	_unsupportedIterableToArray	330	same-module:stmt	kitIo/extracted/rc/fe/TabularConversionEditor.js
prelude	kitIo	_arrayLikeToArray	118	same-module:stmt	kitIo/extracted/rc/fe/TabularConversionEditor.js
prelude	kitIo	_iterableToArrayLimit	416	same-module:stmt	kitIo/extracted/rc/fe/TabularConversionEditor.js
prelude	kitIo	_arrayWithHoles	57	same-module:stmt	kitIo/extracted/rc/fe/TabularConversionEditor.js
prelude	kitPx	_typeof	241	same-module:uglify	kitPx/extracted/rc/binding/ActionBinding.js
prelude	kitPx	_defineProperty	152	same-module:stmt	kitPx/extracted/rc/binding/ButtonGroupBinding.js
prelude	kitPx	_slicedToArray	137	same-module:stmt	kitPx/extracted/rc/binding/ButtonGroupBinding.js
prelude	kitPx	_nonIterableRest	189	same-module:stmt	kitPx/extracted/rc/binding/ButtonGroupBinding.js
prelude	kitPx	_iterableToArrayLimit	416	same-module:stmt	kitPx/extracted/rc/binding/ButtonGroupBinding.js
prelude	kitPx	_arrayWithHoles	57	same-module:stmt	kitPx/extracted/rc/binding/ButtonGroupBinding.js
prelude	kitPx	_toConsumableArray	135	same-module:stmt	kitPx/extracted/rc/binding/BoundLabelBinding.js
prelude	kitPx	_nonIterableSpread	186	same-module:stmt	kitPx/extracted/rc/binding/BoundLabelBinding.js
prelude	kitPx	_unsupportedIterableToArray	330	same-module:stmt	kitPx/extracted/rc/binding/BoundLabelBinding.js
prelude	kitPx	_iterableToArray	129	same-module:stmt	kitPx/extracted/rc/binding/BoundLabelBinding.js
prelude	kitPx	_arrayWithoutHoles	79	same-module:stmt	kitPx/extracted/rc/binding/BoundLabelBinding.js
prelude	kitPx	_arrayLikeToArray	118	same-module:stmt	kitPx/extracted/rc/binding/BoundLabelBinding.js
prelude	kitPx	_superPropGet	151	same-module:stmt	kitPx/extracted/rc/binding/BoundLabelBinding.js
prelude	kitPx	_get	260	same-module:uglify	kitPx/extracted/rc/binding/BoundLabelBinding.js
prelude	kitPx	_superPropBase	105	same-module:stmt	kitPx/extracted/rc/binding/BoundLabelBinding.js
prelude	kitPx	_classCallCheck	108	same-module:stmt	kitPx/extracted/rc/binding/ActionBinding.js
prelude	kitPx	_defineProperties	198	same-module:stmt	kitPx/extracted/rc/binding/ActionBinding.js
prelude	kitPx	_createClass	151	same-module:stmt	kitPx/extracted/rc/binding/ActionBinding.js
prelude	kitPx	_toPropertyKey	92	same-module:stmt	kitPx/extracted/rc/binding/ActionBinding.js
prelude	kitPx	_toPrimitive	274	same-module:uglify	kitPx/extracted/rc/binding/ActionBinding.js
prelude	kitPx	_callSuper	184	same-module:stmt	kitPx/extracted/rc/binding/ActionBinding.js
prelude	kitPx	_possibleConstructorReturn	228	same-module:stmt	kitPx/extracted/rc/binding/ActionBinding.js
prelude	kitPx	_assertThisInitialized	144	same-module:stmt	kitPx/extracted/rc/binding/ActionBinding.js
prelude	kitPx	_isNativeReflectConstruct	191	same-module:stmt	kitPx/extracted/rc/binding/ActionBinding.js
prelude	kitPx	_getPrototypeOf	164	same-module:uglify	kitPx/extracted/rc/binding/ActionBinding.js
prelude	kitPx	_inherits	301	same-module:stmt	kitPx/extracted/rc/binding/ActionBinding.js
prelude	kitPx	_setPrototypeOf	148	same-module:uglify	kitPx/extracted/rc/binding/ActionBinding.js
prelude	lonworks	_typeof	241	same-module:uglify	lonworks/extracted/rc/baja/DomainId.js
prelude	lonworks	_defineProperty	152	same-module:stmt	lonworks/extracted/rc/wb/lonlink/UxLonLinkManager.js
prelude	lonworks	_superPropGet	151	same-module:stmt	lonworks/extracted/rc/fe/LonLongEditor.js
prelude	lonworks	_get	260	same-module:uglify	lonworks/extracted/rc/fe/LonLongEditor.js
prelude	lonworks	_superPropBase	105	same-module:stmt	lonworks/extracted/rc/fe/LonLongEditor.js
prelude	lonworks	_classCallCheck	108	same-module:stmt	lonworks/extracted/rc/baja/DomainId.js
prelude	lonworks	_defineProperties	198	same-module:stmt	lonworks/extracted/rc/baja/DomainId.js
prelude	lonworks	_createClass	151	same-module:stmt	lonworks/extracted/rc/baja/DomainId.js
prelude	lonworks	_toPropertyKey	92	same-module:stmt	lonworks/extracted/rc/baja/DomainId.js
prelude	lonworks	_toPrimitive	274	same-module:uglify	lonworks/extracted/rc/baja/DomainId.js
prelude	lonworks	_callSuper	184	same-module:stmt	lonworks/extracted/rc/baja/DomainId.js
prelude	lonworks	_possibleConstructorReturn	228	same-module:stmt	lonworks/extracted/rc/baja/DomainId.js
prelude	lonworks	_assertThisInitialized	144	same-module:stmt	lonworks/extracted/rc/baja/DomainId.js
prelude	lonworks	_isNativeReflectConstruct	191	same-module:stmt	lonworks/extracted/rc/baja/DomainId.js
prelude	lonworks	_getPrototypeOf	164	same-module:uglify	lonworks/extracted/rc/baja/DomainId.js
prelude	lonworks	_inherits	301	same-module:stmt	lonworks/extracted/rc/baja/DomainId.js
prelude	lonworks	_setPrototypeOf	148	same-module:uglify	lonworks/extracted/rc/baja/DomainId.js
prelude	lonworks	_slicedToArray	137	same-module:stmt	lonworks/extracted/rc/baja/DomainId.js
prelude	lonworks	_nonIterableRest	189	same-module:stmt	lonworks/extracted/rc/baja/DomainId.js
prelude	lonworks	_unsupportedIterableToArray	330	same-module:stmt	lonworks/extracted/rc/baja/DomainId.js
prelude	lonworks	_arrayLikeToArray	118	same-module:stmt	lonworks/extracted/rc/baja/DomainId.js
prelude	lonworks	_iterableToArrayLimit	416	same-module:stmt	lonworks/extracted/rc/baja/DomainId.js
prelude	lonworks	_arrayWithHoles	57	same-module:stmt	lonworks/extracted/rc/baja/DomainId.js
prelude	maxpro	_classCallCheck2	109	UNPROVEN	no same-named readable statement
prelude	maxpro	_defineProperties	198	same-module:stmt	maxpro/extracted/rc/maxpro/MaxproVideoStream.js
prelude	maxpro	_createClass2	152	UNPROVEN	no same-named readable statement
prelude	maxpro	_toPropertyKey	92	same-module:stmt	maxpro/extracted/rc/maxpro/MaxproVideoStream.js
prelude	maxpro	_toPrimitive	274	same-module:uglify	maxpro/extracted/rc/maxpro/MaxproVideoStream.js
prelude	maxpro	_callSuper	186	UNPROVEN	near 0.706 maxpro/extracted/rc/maxpro/MaxproVideoStream.js
prelude	maxpro	_possibleConstructorReturn2	230	UNPROVEN	no same-named readable statement
prelude	maxpro	_assertThisInitialized2	145	UNPROVEN	no same-named readable statement
prelude	maxpro	_isNativeReflectConstruct2	193	UNPROVEN	no same-named readable statement
prelude	maxpro	_getPrototypeOf	164	same-module:uglify	maxpro/extracted/rc/maxpro/MaxproVideoStream.js
prelude	maxpro	_inherits2	303	UNPROVEN	no same-named readable statement
prelude	maxpro	_setPrototypeOf2	150	UNPROVEN	no same-named readable statement
prelude	maxpro	_slicedToArray	137	same-module:stmt	maxpro/extracted/rc/maxpro/MaxproVideoStream.js
prelude	maxpro	_nonIterableRest	189	same-module:stmt	maxpro/extracted/rc/maxpro/MaxproVideoStream.js
prelude	maxpro	_unsupportedIterableToArray	330	same-module:stmt	maxpro/extracted/rc/maxpro/MaxproVideoStream.js
prelude	maxpro	_arrayLikeToArray	118	same-module:stmt	maxpro/extracted/rc/maxpro/MaxproVideoStream.js
prelude	maxpro	_iterableToArrayLimit	416	same-module:stmt	maxpro/extracted/rc/maxpro/MaxproVideoStream.js
prelude	maxpro	_arrayWithHoles	57	same-module:stmt	maxpro/extracted/rc/maxpro/MaxproVideoStream.js
prelude	maxpro	_typeof	241	same-module:uglify	maxpro/extracted/rc/maxpro/MaxproVideoStream.js
prelude	maxpro	protocolFormater	1525	UNPROVEN	near 0.861 maxpro/extracted/ext/std-video-player/dependency/protocolFormater.js
prelude	maxpro	MJPEG	3486	UNPROVEN	near 0.032 maxpro/extracted/ext/std-video-player/dependency/mjpegvideo.js
prelude	modbusAsync	_typeof	241	same-module:uglify	modbusAsync/extracted/rc/mgr/ModbusAsyncDeviceUxManager.js
prelude	modbusAsync	_classCallCheck	108	same-module:stmt	modbusAsync/extracted/rc/mgr/ModbusAsyncDeviceUxManager.js
prelude	modbusAsync	_defineProperties	198	same-module:stmt	modbusAsync/extracted/rc/mgr/ModbusAsyncDeviceUxManager.js
prelude	modbusAsync	_createClass	151	same-module:stmt	modbusAsync/extracted/rc/mgr/ModbusAsyncDeviceUxManager.js
prelude	modbusAsync	_toPropertyKey	92	same-module:stmt	modbusAsync/extracted/rc/mgr/ModbusAsyncDeviceUxManager.js
prelude	modbusAsync	_toPrimitive	274	same-module:uglify	modbusAsync/extracted/rc/mgr/ModbusAsyncDeviceUxManager.js
prelude	modbusAsync	_callSuper	184	same-module:stmt	modbusAsync/extracted/rc/mgr/ModbusAsyncDeviceUxManager.js
prelude	modbusAsync	_possibleConstructorReturn	228	same-module:stmt	modbusAsync/extracted/rc/mgr/ModbusAsyncDeviceUxManager.js
prelude	modbusAsync	_assertThisInitialized	144	same-module:stmt	modbusAsync/extracted/rc/mgr/ModbusAsyncDeviceUxManager.js
prelude	modbusAsync	_isNativeReflectConstruct	191	same-module:stmt	modbusAsync/extracted/rc/mgr/ModbusAsyncDeviceUxManager.js
prelude	modbusAsync	_getPrototypeOf	164	same-module:uglify	modbusAsync/extracted/rc/mgr/ModbusAsyncDeviceUxManager.js
prelude	modbusAsync	_inherits	301	same-module:stmt	modbusAsync/extracted/rc/mgr/ModbusAsyncDeviceUxManager.js
prelude	modbusAsync	_setPrototypeOf	148	same-module:uglify	modbusAsync/extracted/rc/mgr/ModbusAsyncDeviceUxManager.js
prelude	modbusCore	_typeof	241	same-module:uglify	modbusCore/extracted/rc/baja/FlexAddress.js
prelude	modbusCore	_superPropGet	151	same-module:stmt	modbusCore/extracted/rc/mgr/ModbusBaseDeviceUxManager.js
prelude	modbusCore	_get	260	same-module:uglify	modbusCore/extracted/rc/mgr/ModbusBaseDeviceUxManager.js
prelude	modbusCore	_superPropBase	105	same-module:stmt	modbusCore/extracted/rc/mgr/ModbusBaseDeviceUxManager.js
prelude	modbusCore	_classCallCheck	108	same-module:stmt	modbusCore/extracted/rc/baja/FlexAddress.js
prelude	modbusCore	_defineProperties	198	same-module:stmt	modbusCore/extracted/rc/baja/FlexAddress.js
prelude	modbusCore	_createClass	151	same-module:stmt	modbusCore/extracted/rc/baja/FlexAddress.js
prelude	modbusCore	_toPropertyKey	92	same-module:stmt	modbusCore/extracted/rc/baja/FlexAddress.js
prelude	modbusCore	_toPrimitive	274	same-module:uglify	modbusCore/extracted/rc/baja/FlexAddress.js
prelude	modbusCore	_callSuper	184	same-module:stmt	modbusCore/extracted/rc/baja/FlexAddress.js
prelude	modbusCore	_possibleConstructorReturn	228	same-module:stmt	modbusCore/extracted/rc/baja/FlexAddress.js
prelude	modbusCore	_assertThisInitialized	144	same-module:stmt	modbusCore/extracted/rc/baja/FlexAddress.js
prelude	modbusCore	_isNativeReflectConstruct	191	same-module:stmt	modbusCore/extracted/rc/baja/FlexAddress.js
prelude	modbusCore	_getPrototypeOf	164	same-module:uglify	modbusCore/extracted/rc/baja/FlexAddress.js
prelude	modbusCore	_inherits	301	same-module:stmt	modbusCore/extracted/rc/baja/FlexAddress.js
prelude	modbusCore	_setPrototypeOf	148	same-module:uglify	modbusCore/extracted/rc/baja/FlexAddress.js
prelude	modbusCore	_slicedToArray	137	same-module:stmt	modbusCore/extracted/rc/baja/FlexAddress.js
prelude	modbusCore	_nonIterableRest	189	same-module:stmt	modbusCore/extracted/rc/baja/FlexAddress.js
prelude	modbusCore	_unsupportedIterableToArray	330	same-module:stmt	modbusCore/extracted/rc/baja/FlexAddress.js
prelude	modbusCore	_arrayLikeToArray	118	same-module:stmt	modbusCore/extracted/rc/baja/FlexAddress.js
prelude	modbusCore	_iterableToArrayLimit	416	same-module:stmt	modbusCore/extracted/rc/baja/FlexAddress.js
prelude	modbusCore	_arrayWithHoles	57	same-module:stmt	modbusCore/extracted/rc/baja/FlexAddress.js
prelude	modbusSlave	_typeof	241	same-module:uglify	modbusSlave/extracted/rc/mgr/ModbusClientDeviceUxManager.js
prelude	modbusSlave	_classCallCheck	108	same-module:stmt	modbusSlave/extracted/rc/mgr/ModbusClientDeviceUxManager.js
prelude	modbusSlave	_defineProperties	198	same-module:stmt	modbusSlave/extracted/rc/mgr/ModbusClientDeviceUxManager.js
prelude	modbusSlave	_createClass	151	same-module:stmt	modbusSlave/extracted/rc/mgr/ModbusClientDeviceUxManager.js
prelude	modbusSlave	_toPropertyKey	92	same-module:stmt	modbusSlave/extracted/rc/mgr/ModbusClientDeviceUxManager.js
prelude	modbusSlave	_toPrimitive	274	same-module:uglify	modbusSlave/extracted/rc/mgr/ModbusClientDeviceUxManager.js
prelude	modbusSlave	_callSuper	184	same-module:stmt	modbusSlave/extracted/rc/mgr/ModbusClientDeviceUxManager.js
prelude	modbusSlave	_possibleConstructorReturn	228	same-module:stmt	modbusSlave/extracted/rc/mgr/ModbusClientDeviceUxManager.js
prelude	modbusSlave	_assertThisInitialized	144	same-module:stmt	modbusSlave/extracted/rc/mgr/ModbusClientDeviceUxManager.js
prelude	modbusSlave	_isNativeReflectConstruct	191	same-module:stmt	modbusSlave/extracted/rc/mgr/ModbusClientDeviceUxManager.js
prelude	modbusSlave	_getPrototypeOf	164	same-module:uglify	modbusSlave/extracted/rc/mgr/ModbusClientDeviceUxManager.js
prelude	modbusSlave	_inherits	301	same-module:stmt	modbusSlave/extracted/rc/mgr/ModbusClientDeviceUxManager.js
prelude	modbusSlave	_setPrototypeOf	148	same-module:uglify	modbusSlave/extracted/rc/mgr/ModbusClientDeviceUxManager.js
prelude	modbusTcp	_typeof	241	same-module:uglify	modbusTcp/extracted/rc/mgr/ModbusTcpDeviceUxManager.js
prelude	modbusTcp	_classCallCheck	108	same-module:stmt	modbusTcp/extracted/rc/mgr/ModbusTcpDeviceUxManager.js
prelude	modbusTcp	_defineProperties	198	same-module:stmt	modbusTcp/extracted/rc/mgr/ModbusTcpDeviceUxManager.js
prelude	modbusTcp	_createClass	151	same-module:stmt	modbusTcp/extracted/rc/mgr/ModbusTcpDeviceUxManager.js
prelude	modbusTcp	_toPropertyKey	92	same-module:stmt	modbusTcp/extracted/rc/mgr/ModbusTcpDeviceUxManager.js
prelude	modbusTcp	_toPrimitive	274	same-module:uglify	modbusTcp/extracted/rc/mgr/ModbusTcpDeviceUxManager.js
prelude	modbusTcp	_callSuper	184	same-module:stmt	modbusTcp/extracted/rc/mgr/ModbusTcpDeviceUxManager.js
prelude	modbusTcp	_possibleConstructorReturn	228	same-module:stmt	modbusTcp/extracted/rc/mgr/ModbusTcpDeviceUxManager.js
prelude	modbusTcp	_assertThisInitialized	144	same-module:stmt	modbusTcp/extracted/rc/mgr/ModbusTcpDeviceUxManager.js
prelude	modbusTcp	_isNativeReflectConstruct	191	same-module:stmt	modbusTcp/extracted/rc/mgr/ModbusTcpDeviceUxManager.js
prelude	modbusTcp	_getPrototypeOf	164	same-module:uglify	modbusTcp/extracted/rc/mgr/ModbusTcpDeviceUxManager.js
prelude	modbusTcp	_inherits	301	same-module:stmt	modbusTcp/extracted/rc/mgr/ModbusTcpDeviceUxManager.js
prelude	modbusTcp	_setPrototypeOf	148	same-module:uglify	modbusTcp/extracted/rc/mgr/ModbusTcpDeviceUxManager.js
prelude	modbusTcpSlave	_typeof	241	same-module:uglify	modbusTcpSlave/extracted/rc/mgr/ModbusTcpClientDeviceUxManager.js
prelude	modbusTcpSlave	_classCallCheck	108	same-module:stmt	modbusTcpSlave/extracted/rc/mgr/ModbusTcpClientDeviceUxManager.js
prelude	modbusTcpSlave	_defineProperties	198	same-module:stmt	modbusTcpSlave/extracted/rc/mgr/ModbusTcpClientDeviceUxManager.js
prelude	modbusTcpSlave	_createClass	151	same-module:stmt	modbusTcpSlave/extracted/rc/mgr/ModbusTcpClientDeviceUxManager.js
prelude	modbusTcpSlave	_toPropertyKey	92	same-module:stmt	modbusTcpSlave/extracted/rc/mgr/ModbusTcpClientDeviceUxManager.js
prelude	modbusTcpSlave	_toPrimitive	274	same-module:uglify	modbusTcpSlave/extracted/rc/mgr/ModbusTcpClientDeviceUxManager.js
prelude	modbusTcpSlave	_callSuper	184	same-module:stmt	modbusTcpSlave/extracted/rc/mgr/ModbusTcpClientDeviceUxManager.js
prelude	modbusTcpSlave	_possibleConstructorReturn	228	same-module:stmt	modbusTcpSlave/extracted/rc/mgr/ModbusTcpClientDeviceUxManager.js
prelude	modbusTcpSlave	_assertThisInitialized	144	same-module:stmt	modbusTcpSlave/extracted/rc/mgr/ModbusTcpClientDeviceUxManager.js
prelude	modbusTcpSlave	_isNativeReflectConstruct	191	same-module:stmt	modbusTcpSlave/extracted/rc/mgr/ModbusTcpClientDeviceUxManager.js
prelude	modbusTcpSlave	_getPrototypeOf	164	same-module:uglify	modbusTcpSlave/extracted/rc/mgr/ModbusTcpClientDeviceUxManager.js
prelude	modbusTcpSlave	_inherits	301	same-module:stmt	modbusTcpSlave/extracted/rc/mgr/ModbusTcpClientDeviceUxManager.js
prelude	modbusTcpSlave	_setPrototypeOf	148	same-module:uglify	modbusTcpSlave/extracted/rc/mgr/ModbusTcpClientDeviceUxManager.js
prelude	naxisVideo	_typeof	241	same-module:uglify	naxisVideo/extracted/rc/naxisVideo/NAxisVideoStream.js
prelude	naxisVideo	_classCallCheck	108	same-module:stmt	naxisVideo/extracted/rc/naxisVideo/NAxisVideoStream.js
prelude	naxisVideo	_defineProperties	198	same-module:stmt	naxisVideo/extracted/rc/naxisVideo/NAxisVideoStream.js
prelude	naxisVideo	_createClass	151	same-module:stmt	naxisVideo/extracted/rc/naxisVideo/NAxisVideoStream.js
prelude	naxisVideo	_toPropertyKey	92	same-module:stmt	naxisVideo/extracted/rc/naxisVideo/NAxisVideoStream.js
prelude	naxisVideo	_toPrimitive	274	same-module:uglify	naxisVideo/extracted/rc/naxisVideo/NAxisVideoStream.js
prelude	naxisVideo	_callSuper	184	same-module:stmt	naxisVideo/extracted/rc/naxisVideo/NAxisVideoStream.js
prelude	naxisVideo	_possibleConstructorReturn	228	same-module:stmt	naxisVideo/extracted/rc/naxisVideo/NAxisVideoStream.js
prelude	naxisVideo	_assertThisInitialized	144	same-module:stmt	naxisVideo/extracted/rc/naxisVideo/NAxisVideoStream.js
prelude	naxisVideo	_isNativeReflectConstruct	191	same-module:stmt	naxisVideo/extracted/rc/naxisVideo/NAxisVideoStream.js
prelude	naxisVideo	_getPrototypeOf	164	same-module:uglify	naxisVideo/extracted/rc/naxisVideo/NAxisVideoStream.js
prelude	naxisVideo	_inherits	301	same-module:stmt	naxisVideo/extracted/rc/naxisVideo/NAxisVideoStream.js
prelude	naxisVideo	_setPrototypeOf	148	same-module:uglify	naxisVideo/extracted/rc/naxisVideo/NAxisVideoStream.js
prelude	naxisVideo	_slicedToArray	137	same-module:stmt	naxisVideo/extracted/rc/naxisVideo/NAxisVideoStream.js
prelude	naxisVideo	_nonIterableRest	189	same-module:stmt	naxisVideo/extracted/rc/naxisVideo/NAxisVideoStream.js
prelude	naxisVideo	_unsupportedIterableToArray	330	same-module:stmt	naxisVideo/extracted/rc/naxisVideo/NAxisVideoStream.js
prelude	naxisVideo	_arrayLikeToArray	118	same-module:stmt	naxisVideo/extracted/rc/naxisVideo/NAxisVideoStream.js
prelude	naxisVideo	_iterableToArrayLimit	416	same-module:stmt	naxisVideo/extracted/rc/naxisVideo/NAxisVideoStream.js
prelude	naxisVideo	_arrayWithHoles	57	same-module:stmt	naxisVideo/extracted/rc/naxisVideo/NAxisVideoStream.js
prelude	naxisVideo	naxisVideoConfig	274	same-module:stmt	naxisVideo/extracted/rc/naxisVideoRequireJsConfig.js
prelude	ndriver	_slicedToArray	137	same-module:stmt	ndriver/extracted/rc/Automanager.js
prelude	ndriver	_nonIterableRest	189	same-module:stmt	ndriver/extracted/rc/Automanager.js
prelude	ndriver	_unsupportedIterableToArray	330	same-module:stmt	ndriver/extracted/rc/Automanager.js
prelude	ndriver	_arrayLikeToArray	118	same-module:stmt	ndriver/extracted/rc/Automanager.js
prelude	ndriver	_iterableToArrayLimit	416	same-module:stmt	ndriver/extracted/rc/Automanager.js
prelude	ndriver	_arrayWithHoles	57	same-module:stmt	ndriver/extracted/rc/Automanager.js
prelude	niagaraDriver	_defineProperty	152	same-module:stmt	niagaraDriver/extracted/rc/wb/mgr/NiagaraScheduleImportUxManager.js
prelude	niagaraDriver	_typeof	241	same-module:uglify	niagaraDriver/extracted/rc/fe/RemoteStationEditor.js
prelude	niagaraDriver	_slicedToArray	137	same-module:stmt	niagaraDriver/extracted/rc/wb/mgr/NiagaraHistoryExportUxManager.js
prelude	niagaraDriver	_nonIterableRest	189	same-module:stmt	niagaraDriver/extracted/rc/wb/mgr/NiagaraHistoryExportUxManager.js
prelude	niagaraDriver	_iterableToArrayLimit	416	same-module:stmt	niagaraDriver/extracted/rc/wb/mgr/NiagaraHistoryExportUxManager.js
prelude	niagaraDriver	_arrayWithHoles	57	same-module:stmt	niagaraDriver/extracted/rc/wb/mgr/NiagaraHistoryExportUxManager.js
prelude	niagaraDriver	_superPropGet	151	same-module:stmt	niagaraDriver/extracted/rc/wb/mgr/NiagaraScheduleExportUxManager.js
prelude	niagaraDriver	_get	260	same-module:uglify	niagaraDriver/extracted/rc/wb/mgr/NiagaraScheduleExportUxManager.js
prelude	niagaraDriver	_superPropBase	105	same-module:stmt	niagaraDriver/extracted/rc/wb/mgr/NiagaraScheduleExportUxManager.js
prelude	niagaraDriver	_toConsumableArray	135	same-module:stmt	niagaraDriver/extracted/rc/fe/RemoteStationEditor.js
prelude	niagaraDriver	_nonIterableSpread	186	same-module:stmt	niagaraDriver/extracted/rc/fe/RemoteStationEditor.js
prelude	niagaraDriver	_unsupportedIterableToArray	330	same-module:stmt	niagaraDriver/extracted/rc/fe/RemoteStationEditor.js
prelude	niagaraDriver	_iterableToArray	129	same-module:stmt	niagaraDriver/extracted/rc/fe/RemoteStationEditor.js
prelude	niagaraDriver	_arrayWithoutHoles	79	same-module:stmt	niagaraDriver/extracted/rc/fe/RemoteStationEditor.js
prelude	niagaraDriver	_arrayLikeToArray	118	same-module:stmt	niagaraDriver/extracted/rc/fe/RemoteStationEditor.js
prelude	niagaraDriver	_classCallCheck	108	same-module:stmt	niagaraDriver/extracted/rc/fe/RemoteStationEditor.js
prelude	niagaraDriver	_defineProperties	198	same-module:stmt	niagaraDriver/extracted/rc/fe/RemoteStationEditor.js
prelude	niagaraDriver	_createClass	151	same-module:stmt	niagaraDriver/extracted/rc/fe/RemoteStationEditor.js
prelude	niagaraDriver	_toPropertyKey	92	same-module:stmt	niagaraDriver/extracted/rc/fe/RemoteStationEditor.js
prelude	niagaraDriver	_toPrimitive	274	same-module:uglify	niagaraDriver/extracted/rc/fe/RemoteStationEditor.js
prelude	niagaraDriver	_callSuper	184	same-module:stmt	niagaraDriver/extracted/rc/fe/RemoteStationEditor.js
prelude	niagaraDriver	_possibleConstructorReturn	228	same-module:stmt	niagaraDriver/extracted/rc/fe/RemoteStationEditor.js
prelude	niagaraDriver	_assertThisInitialized	144	same-module:stmt	niagaraDriver/extracted/rc/fe/RemoteStationEditor.js
prelude	niagaraDriver	_isNativeReflectConstruct	191	same-module:stmt	niagaraDriver/extracted/rc/fe/RemoteStationEditor.js
prelude	niagaraDriver	_getPrototypeOf	164	same-module:uglify	niagaraDriver/extracted/rc/fe/RemoteStationEditor.js
prelude	niagaraDriver	_inherits	301	same-module:stmt	niagaraDriver/extracted/rc/fe/RemoteStationEditor.js
prelude	niagaraDriver	_setPrototypeOf	148	same-module:uglify	niagaraDriver/extracted/rc/fe/RemoteStationEditor.js
prelude	niagaraSystemIndex	_typeof	241	same-module:uglify	niagaraSystemIndex/extracted/rc/fe/niagaraSystemIndexMgrAgent.js
prelude	niagaraSystemIndex	_classCallCheck	108	same-module:stmt	niagaraSystemIndex/extracted/rc/fe/niagaraSystemIndexMgrAgent.js
prelude	niagaraSystemIndex	_defineProperties	198	same-module:stmt	niagaraSystemIndex/extracted/rc/fe/niagaraSystemIndexMgrAgent.js
prelude	niagaraSystemIndex	_createClass	151	same-module:stmt	niagaraSystemIndex/extracted/rc/fe/niagaraSystemIndexMgrAgent.js
prelude	niagaraSystemIndex	_toPropertyKey	92	same-module:stmt	niagaraSystemIndex/extracted/rc/fe/niagaraSystemIndexMgrAgent.js
prelude	niagaraSystemIndex	_toPrimitive	274	same-module:uglify	niagaraSystemIndex/extracted/rc/fe/niagaraSystemIndexMgrAgent.js
prelude	niagaraSystemIndex	_callSuper	184	same-module:stmt	niagaraSystemIndex/extracted/rc/fe/niagaraSystemIndexMgrAgent.js
prelude	niagaraSystemIndex	_possibleConstructorReturn	228	same-module:stmt	niagaraSystemIndex/extracted/rc/fe/niagaraSystemIndexMgrAgent.js
prelude	niagaraSystemIndex	_assertThisInitialized	144	same-module:stmt	niagaraSystemIndex/extracted/rc/fe/niagaraSystemIndexMgrAgent.js
prelude	niagaraSystemIndex	_isNativeReflectConstruct	191	same-module:stmt	niagaraSystemIndex/extracted/rc/fe/niagaraSystemIndexMgrAgent.js
prelude	niagaraSystemIndex	_getPrototypeOf	164	same-module:uglify	niagaraSystemIndex/extracted/rc/fe/niagaraSystemIndexMgrAgent.js
prelude	niagaraSystemIndex	_inherits	301	same-module:stmt	niagaraSystemIndex/extracted/rc/fe/niagaraSystemIndexMgrAgent.js
prelude	niagaraSystemIndex	_setPrototypeOf	148	same-module:uglify	niagaraSystemIndex/extracted/rc/fe/niagaraSystemIndexMgrAgent.js
prelude	nrio	_typeof	241	same-module:uglify	nrio/extracted/rc/fe/NrioProxyConversionEditor.js
prelude	nrio	_defineProperty	152	same-module:stmt	nrio/extracted/rc/wb/mgr/NrioPointUxManager.js
prelude	nrio	_superPropGet	151	same-module:stmt	nrio/extracted/rc/wb/mgr/NrioDeviceUxManager.js
prelude	nrio	_get	260	same-module:uglify	nrio/extracted/rc/wb/mgr/NrioDeviceUxManager.js
prelude	nrio	_superPropBase	105	same-module:stmt	nrio/extracted/rc/wb/mgr/NrioDeviceUxManager.js
prelude	nrio	_classCallCheck	108	same-module:stmt	nrio/extracted/rc/fe/NrioProxyConversionEditor.js
prelude	nrio	_defineProperties	198	same-module:stmt	nrio/extracted/rc/fe/NrioProxyConversionEditor.js
prelude	nrio	_createClass	151	same-module:stmt	nrio/extracted/rc/fe/NrioProxyConversionEditor.js
prelude	nrio	_toPropertyKey	92	same-module:stmt	nrio/extracted/rc/fe/NrioProxyConversionEditor.js
prelude	nrio	_toPrimitive	274	same-module:uglify	nrio/extracted/rc/fe/NrioProxyConversionEditor.js
prelude	nrio	_callSuper	184	same-module:stmt	nrio/extracted/rc/fe/NrioProxyConversionEditor.js
prelude	nrio	_possibleConstructorReturn	228	same-module:stmt	nrio/extracted/rc/fe/NrioProxyConversionEditor.js
prelude	nrio	_assertThisInitialized	144	same-module:stmt	nrio/extracted/rc/fe/NrioProxyConversionEditor.js
prelude	nrio	_isNativeReflectConstruct	191	same-module:stmt	nrio/extracted/rc/fe/NrioProxyConversionEditor.js
prelude	nrio	_getPrototypeOf	164	same-module:uglify	nrio/extracted/rc/fe/NrioProxyConversionEditor.js
prelude	nrio	_inherits	301	same-module:stmt	nrio/extracted/rc/fe/NrioProxyConversionEditor.js
prelude	nrio	_setPrototypeOf	148	same-module:uglify	nrio/extracted/rc/fe/NrioProxyConversionEditor.js
prelude	nrio	_slicedToArray	137	same-module:stmt	nrio/extracted/rc/fe/NrioProxyConversionEditor.js
prelude	nrio	_nonIterableRest	189	same-module:stmt	nrio/extracted/rc/fe/NrioProxyConversionEditor.js
prelude	nrio	_unsupportedIterableToArray	330	same-module:stmt	nrio/extracted/rc/fe/NrioProxyConversionEditor.js
prelude	nrio	_arrayLikeToArray	118	same-module:stmt	nrio/extracted/rc/fe/NrioProxyConversionEditor.js
prelude	nrio	_iterableToArrayLimit	416	same-module:stmt	nrio/extracted/rc/fe/NrioProxyConversionEditor.js
prelude	nrio	_arrayWithHoles	57	same-module:stmt	nrio/extracted/rc/fe/NrioProxyConversionEditor.js
prelude	nss	_typeof	241	same-module:uglify	nss/extracted/rc/fe/CountsBySeverityWidget.js
prelude	nss	_defineProperty	152	same-module:stmt	nss/extracted/rc/rpc/rpc.js
prelude	nss	_slicedToArray	137	same-module:stmt	nss/extracted/rc/fe/CountsBySeverityWidget.js
prelude	nss	_nonIterableRest	189	same-module:stmt	nss/extracted/rc/fe/CountsBySeverityWidget.js
prelude	nss	_unsupportedIterableToArray	330	same-module:stmt	nss/extracted/rc/fe/CountsBySeverityWidget.js
prelude	nss	_arrayLikeToArray	118	same-module:stmt	nss/extracted/rc/fe/CountsBySeverityWidget.js
prelude	nss	_iterableToArrayLimit	416	same-module:stmt	nss/extracted/rc/fe/CountsBySeverityWidget.js
prelude	nss	_arrayWithHoles	57	same-module:stmt	nss/extracted/rc/fe/CountsBySeverityWidget.js
prelude	nss	_classCallCheck	108	same-module:stmt	nss/extracted/rc/fe/CountsBySeverityWidget.js
prelude	nss	_defineProperties	198	same-module:stmt	nss/extracted/rc/fe/CountsBySeverityWidget.js
prelude	nss	_createClass	151	same-module:stmt	nss/extracted/rc/fe/CountsBySeverityWidget.js
prelude	nss	_toPropertyKey	92	same-module:stmt	nss/extracted/rc/fe/CountsBySeverityWidget.js
prelude	nss	_toPrimitive	274	same-module:uglify	nss/extracted/rc/fe/CountsBySeverityWidget.js
prelude	nss	_callSuper	184	same-module:stmt	nss/extracted/rc/fe/CountsBySeverityWidget.js
prelude	nss	_possibleConstructorReturn	228	same-module:stmt	nss/extracted/rc/fe/CountsBySeverityWidget.js
prelude	nss	_assertThisInitialized	144	same-module:stmt	nss/extracted/rc/fe/CountsBySeverityWidget.js
prelude	nss	_isNativeReflectConstruct	191	same-module:stmt	nss/extracted/rc/fe/CountsBySeverityWidget.js
prelude	nss	_getPrototypeOf	164	same-module:uglify	nss/extracted/rc/fe/CountsBySeverityWidget.js
prelude	nss	_inherits	301	same-module:stmt	nss/extracted/rc/fe/CountsBySeverityWidget.js
prelude	nss	_setPrototypeOf	148	same-module:uglify	nss/extracted/rc/fe/CountsBySeverityWidget.js
prelude	nurio	_typeof	241	same-module:uglify	nurio/extracted/rc/fe/NurioProxyConversionEditor.js
prelude	nurio	_defineProperty	152	same-module:stmt	nurio/extracted/rc/wb/mgr/NurioPointUxManager.js
prelude	nurio	_superPropGet	151	same-module:stmt	nurio/extracted/rc/wb/mgr/NurioDeviceUxManager.js
prelude	nurio	_get	260	same-module:uglify	nurio/extracted/rc/wb/mgr/NurioDeviceUxManager.js
prelude	nurio	_superPropBase	105	same-module:stmt	nurio/extracted/rc/wb/mgr/NurioDeviceUxManager.js
prelude	nurio	_classCallCheck	108	same-module:stmt	nurio/extracted/rc/fe/NurioProxyConversionEditor.js
prelude	nurio	_defineProperties	198	same-module:stmt	nurio/extracted/rc/fe/NurioProxyConversionEditor.js
prelude	nurio	_createClass	151	same-module:stmt	nurio/extracted/rc/fe/NurioProxyConversionEditor.js
prelude	nurio	_toPropertyKey	92	same-module:stmt	nurio/extracted/rc/fe/NurioProxyConversionEditor.js
prelude	nurio	_toPrimitive	274	same-module:uglify	nurio/extracted/rc/fe/NurioProxyConversionEditor.js
prelude	nurio	_callSuper	184	same-module:stmt	nurio/extracted/rc/fe/NurioProxyConversionEditor.js
prelude	nurio	_possibleConstructorReturn	228	same-module:stmt	nurio/extracted/rc/fe/NurioProxyConversionEditor.js
prelude	nurio	_assertThisInitialized	144	same-module:stmt	nurio/extracted/rc/fe/NurioProxyConversionEditor.js
prelude	nurio	_isNativeReflectConstruct	191	same-module:stmt	nurio/extracted/rc/fe/NurioProxyConversionEditor.js
prelude	nurio	_getPrototypeOf	164	same-module:uglify	nurio/extracted/rc/fe/NurioProxyConversionEditor.js
prelude	nurio	_inherits	301	same-module:stmt	nurio/extracted/rc/fe/NurioProxyConversionEditor.js
prelude	nurio	_setPrototypeOf	148	same-module:uglify	nurio/extracted/rc/fe/NurioProxyConversionEditor.js
prelude	nurio	_slicedToArray	137	same-module:stmt	nurio/extracted/rc/fe/NurioProxyConversionTypes.js
prelude	nurio	_nonIterableRest	189	same-module:stmt	nurio/extracted/rc/fe/NurioProxyConversionTypes.js
prelude	nurio	_unsupportedIterableToArray	330	same-module:stmt	nurio/extracted/rc/fe/NurioProxyConversionTypes.js
prelude	nurio	_arrayLikeToArray	118	same-module:stmt	nurio/extracted/rc/fe/NurioProxyConversionTypes.js
prelude	nurio	_iterableToArrayLimit	416	same-module:stmt	nurio/extracted/rc/fe/NurioProxyConversionTypes.js
prelude	nurio	_arrayWithHoles	57	same-module:stmt	nurio/extracted/rc/fe/NurioProxyConversionTypes.js
prelude	onCall	_typeof	241	same-module:uglify	onCall/extracted/rc/wb/UxOnCallContactManager.js
prelude	onCall	_superPropGet	151	same-module:stmt	onCall/extracted/rc/wb/UxOnCallContactManager.js
prelude	onCall	_get	260	same-module:uglify	onCall/extracted/rc/wb/UxOnCallContactManager.js
prelude	onCall	_superPropBase	105	same-module:stmt	onCall/extracted/rc/wb/UxOnCallContactManager.js
prelude	onCall	_classCallCheck	108	same-module:stmt	onCall/extracted/rc/wb/UxOnCallContactManager.js
prelude	onCall	_defineProperties	198	same-module:stmt	onCall/extracted/rc/wb/UxOnCallContactManager.js
prelude	onCall	_createClass	151	same-module:stmt	onCall/extracted/rc/wb/UxOnCallContactManager.js
prelude	onCall	_toPropertyKey	92	same-module:stmt	onCall/extracted/rc/wb/UxOnCallContactManager.js
prelude	onCall	_toPrimitive	274	same-module:uglify	onCall/extracted/rc/wb/UxOnCallContactManager.js
prelude	onCall	_callSuper	184	same-module:stmt	onCall/extracted/rc/wb/UxOnCallContactManager.js
prelude	onCall	_possibleConstructorReturn	228	same-module:stmt	onCall/extracted/rc/wb/UxOnCallContactManager.js
prelude	onCall	_assertThisInitialized	144	same-module:stmt	onCall/extracted/rc/wb/UxOnCallContactManager.js
prelude	onCall	_isNativeReflectConstruct	191	same-module:stmt	onCall/extracted/rc/wb/UxOnCallContactManager.js
prelude	onCall	_getPrototypeOf	164	same-module:uglify	onCall/extracted/rc/wb/UxOnCallContactManager.js
prelude	onCall	_inherits	301	same-module:stmt	onCall/extracted/rc/wb/UxOnCallContactManager.js
prelude	onCall	_setPrototypeOf	148	same-module:uglify	onCall/extracted/rc/wb/UxOnCallContactManager.js
prelude	onCall	_slicedToArray	137	same-module:stmt	onCall/extracted/rc/wb/UxOnCallUserReportView.js
prelude	onCall	_nonIterableRest	189	same-module:stmt	onCall/extracted/rc/wb/UxOnCallUserReportView.js
prelude	onCall	_unsupportedIterableToArray	330	same-module:stmt	onCall/extracted/rc/wb/UxOnCallUserReportView.js
prelude	onCall	_arrayLikeToArray	118	same-module:stmt	onCall/extracted/rc/wb/UxOnCallUserReportView.js
prelude	onCall	_iterableToArrayLimit	416	same-module:stmt	onCall/extracted/rc/wb/UxOnCallUserReportView.js
prelude	onCall	_arrayWithHoles	57	same-module:stmt	onCall/extracted/rc/wb/UxOnCallUserReportView.js
prelude	platCrypto	_superPropGet	151	same-module:stmt	platCrypto/extracted/rc/wb/cert/CertManager.js
prelude	platCrypto	_get	260	same-module:uglify	platCrypto/extracted/rc/wb/cert/CertManager.js
prelude	platCrypto	_superPropBase	105	same-module:stmt	platCrypto/extracted/rc/wb/cert/CertManager.js
prelude	platCrypto	_typeof	241	same-module:uglify	platCrypto/extracted/rc/fe/CertificateAliasCredentialEditor.js
prelude	platCrypto	_defineProperty	152	same-module:stmt	platCrypto/extracted/rc/fe/certificateEditorUtils.js
prelude	platCrypto	_toConsumableArray	135	same-module:stmt	platCrypto/extracted/rc/fe/DistinguishedNameEditor.js
prelude	platCrypto	_nonIterableSpread	186	same-module:stmt	platCrypto/extracted/rc/fe/DistinguishedNameEditor.js
prelude	platCrypto	_iterableToArray	129	same-module:stmt	platCrypto/extracted/rc/fe/DistinguishedNameEditor.js
prelude	platCrypto	_arrayWithoutHoles	79	same-module:stmt	platCrypto/extracted/rc/fe/DistinguishedNameEditor.js
prelude	platCrypto	_classCallCheck	108	same-module:stmt	platCrypto/extracted/rc/fe/CertificateAliasCredentialEditor.js
prelude	platCrypto	_defineProperties	198	same-module:stmt	platCrypto/extracted/rc/fe/CertificateAliasCredentialEditor.js
prelude	platCrypto	_createClass	151	same-module:stmt	platCrypto/extracted/rc/fe/CertificateAliasCredentialEditor.js
prelude	platCrypto	_toPropertyKey	92	same-module:stmt	platCrypto/extracted/rc/fe/CertificateAliasCredentialEditor.js
prelude	platCrypto	_toPrimitive	274	same-module:uglify	platCrypto/extracted/rc/fe/CertificateAliasCredentialEditor.js
prelude	platCrypto	_callSuper	184	same-module:stmt	platCrypto/extracted/rc/fe/CertificateAliasCredentialEditor.js
prelude	platCrypto	_possibleConstructorReturn	228	same-module:stmt	platCrypto/extracted/rc/fe/CertificateAliasCredentialEditor.js
prelude	platCrypto	_assertThisInitialized	144	same-module:stmt	platCrypto/extracted/rc/fe/CertificateAliasCredentialEditor.js
prelude	platCrypto	_isNativeReflectConstruct	191	same-module:stmt	platCrypto/extracted/rc/fe/CertificateAliasCredentialEditor.js
prelude	platCrypto	_getPrototypeOf	164	same-module:uglify	platCrypto/extracted/rc/fe/CertificateAliasCredentialEditor.js
prelude	platCrypto	_inherits	301	same-module:stmt	platCrypto/extracted/rc/fe/CertificateAliasCredentialEditor.js
prelude	platCrypto	_setPrototypeOf	148	same-module:uglify	platCrypto/extracted/rc/fe/CertificateAliasCredentialEditor.js
prelude	platCrypto	_slicedToArray	137	same-module:stmt	platCrypto/extracted/rc/CertConstants.js
prelude	platCrypto	_nonIterableRest	189	same-module:stmt	platCrypto/extracted/rc/CertConstants.js
prelude	platCrypto	_unsupportedIterableToArray	330	same-module:stmt	platCrypto/extracted/rc/CertConstants.js
prelude	platCrypto	_arrayLikeToArray	118	same-module:stmt	platCrypto/extracted/rc/CertConstants.js
prelude	platCrypto	_iterableToArrayLimit	416	same-module:stmt	platCrypto/extracted/rc/CertConstants.js
prelude	platCrypto	_arrayWithHoles	57	same-module:stmt	platCrypto/extracted/rc/CertConstants.js
prelude	platDataRecovery	_typeof	241	same-module:uglify	platDataRecovery/extracted/rc/DataRecoveryPersistenceCapacityEditor.js
prelude	platDataRecovery	_classCallCheck	108	same-module:stmt	platDataRecovery/extracted/rc/DataRecoveryPersistenceCapacityEditor.js
prelude	platDataRecovery	_defineProperties	198	same-module:stmt	platDataRecovery/extracted/rc/DataRecoveryPersistenceCapacityEditor.js
prelude	platDataRecovery	_createClass	151	same-module:stmt	platDataRecovery/extracted/rc/DataRecoveryPersistenceCapacityEditor.js
prelude	platDataRecovery	_toPropertyKey	92	same-module:stmt	platDataRecovery/extracted/rc/DataRecoveryPersistenceCapacityEditor.js
prelude	platDataRecovery	_toPrimitive	274	same-module:uglify	platDataRecovery/extracted/rc/DataRecoveryPersistenceCapacityEditor.js
prelude	platDataRecovery	_callSuper	184	same-module:stmt	platDataRecovery/extracted/rc/DataRecoveryPersistenceCapacityEditor.js
prelude	platDataRecovery	_possibleConstructorReturn	228	same-module:stmt	platDataRecovery/extracted/rc/DataRecoveryPersistenceCapacityEditor.js
prelude	platDataRecovery	_assertThisInitialized	144	same-module:stmt	platDataRecovery/extracted/rc/DataRecoveryPersistenceCapacityEditor.js
prelude	platDataRecovery	_isNativeReflectConstruct	191	same-module:stmt	platDataRecovery/extracted/rc/DataRecoveryPersistenceCapacityEditor.js
prelude	platDataRecovery	_getPrototypeOf	164	same-module:uglify	platDataRecovery/extracted/rc/DataRecoveryPersistenceCapacityEditor.js
prelude	platDataRecovery	_inherits	301	same-module:stmt	platDataRecovery/extracted/rc/DataRecoveryPersistenceCapacityEditor.js
prelude	platDataRecovery	_setPrototypeOf	148	same-module:uglify	platDataRecovery/extracted/rc/DataRecoveryPersistenceCapacityEditor.js
prelude	platDataRecovery	_slicedToArray	137	same-module:stmt	platDataRecovery/extracted/rc/DataRecoveryPersistenceCapacityEditor.js
prelude	platDataRecovery	_nonIterableRest	189	same-module:stmt	platDataRecovery/extracted/rc/DataRecoveryPersistenceCapacityEditor.js
prelude	platDataRecovery	_unsupportedIterableToArray	330	same-module:stmt	platDataRecovery/extracted/rc/DataRecoveryPersistenceCapacityEditor.js
prelude	platDataRecovery	_arrayLikeToArray	118	same-module:stmt	platDataRecovery/extracted/rc/DataRecoveryPersistenceCapacityEditor.js
prelude	platDataRecovery	_iterableToArrayLimit	416	same-module:stmt	platDataRecovery/extracted/rc/DataRecoveryPersistenceCapacityEditor.js
prelude	platDataRecovery	_arrayWithHoles	57	same-module:stmt	platDataRecovery/extracted/rc/DataRecoveryPersistenceCapacityEditor.js
prelude	platform	_typeof	241	same-module:uglify	platform/extracted/rc/baja/Version.js
prelude	platform	_slicedToArray	137	same-module:stmt	platform/extracted/rc/fe/VersionEditor.js
prelude	platform	_nonIterableRest	189	same-module:stmt	platform/extracted/rc/fe/VersionEditor.js
prelude	platform	_unsupportedIterableToArray	330	same-module:stmt	platform/extracted/rc/fe/VersionEditor.js
prelude	platform	_arrayLikeToArray	118	same-module:stmt	platform/extracted/rc/fe/VersionEditor.js
prelude	platform	_iterableToArrayLimit	416	same-module:stmt	platform/extracted/rc/fe/VersionEditor.js
prelude	platform	_arrayWithHoles	57	same-module:stmt	platform/extracted/rc/fe/VersionEditor.js
prelude	platform	_classCallCheck	108	same-module:stmt	platform/extracted/rc/baja/Version.js
prelude	platform	_defineProperties	198	same-module:stmt	platform/extracted/rc/baja/Version.js
prelude	platform	_createClass	151	same-module:stmt	platform/extracted/rc/baja/Version.js
prelude	platform	_toPropertyKey	92	same-module:stmt	platform/extracted/rc/baja/Version.js
prelude	platform	_toPrimitive	274	same-module:uglify	platform/extracted/rc/baja/Version.js
prelude	platform	_callSuper	184	same-module:stmt	platform/extracted/rc/baja/Version.js
prelude	platform	_possibleConstructorReturn	228	same-module:stmt	platform/extracted/rc/baja/Version.js
prelude	platform	_assertThisInitialized	144	same-module:stmt	platform/extracted/rc/baja/Version.js
prelude	platform	_isNativeReflectConstruct	191	same-module:stmt	platform/extracted/rc/baja/Version.js
prelude	platform	_getPrototypeOf	164	same-module:uglify	platform/extracted/rc/baja/Version.js
prelude	platform	_inherits	301	same-module:stmt	platform/extracted/rc/baja/Version.js
prelude	platform	_setPrototypeOf	148	same-module:uglify	platform/extracted/rc/baja/Version.js
prelude	provisioningNiagara	_typeof	241	same-module:uglify	provisioningNiagara/extracted/rc/baja/AbstractTemplateFactory.js
prelude	provisioningNiagara	_toConsumableArray	135	same-module:stmt	provisioningNiagara/extracted/rc/wb/jobBuilder/NiagaraNetworkJobEditor.js
prelude	provisioningNiagara	_nonIterableSpread	186	same-module:stmt	provisioningNiagara/extracted/rc/wb/jobBuilder/NiagaraNetworkJobEditor.js
prelude	provisioningNiagara	_iterableToArray	129	same-module:stmt	provisioningNiagara/extracted/rc/wb/jobBuilder/NiagaraNetworkJobEditor.js
prelude	provisioningNiagara	_arrayWithoutHoles	79	same-module:stmt	provisioningNiagara/extracted/rc/wb/jobBuilder/NiagaraNetworkJobEditor.js
prelude	provisioningNiagara	_defineProperty	152	same-module:stmt	provisioningNiagara/extracted/rc/baja/software/InstallSoftwareWidget.js
prelude	provisioningNiagara	_superPropGet	151	same-module:stmt	provisioningNiagara/extracted/rc/baja/InstallCleanDistFactory.js
prelude	provisioningNiagara	_get	260	same-module:uglify	provisioningNiagara/extracted/rc/baja/InstallCleanDistFactory.js
prelude	provisioningNiagara	_superPropBase	105	same-module:stmt	provisioningNiagara/extracted/rc/baja/InstallCleanDistFactory.js
prelude	provisioningNiagara	_classCallCheck	108	same-module:stmt	provisioningNiagara/extracted/rc/baja/AbstractTemplateFactory.js
prelude	provisioningNiagara	_defineProperties	198	same-module:stmt	provisioningNiagara/extracted/rc/baja/AbstractTemplateFactory.js
prelude	provisioningNiagara	_createClass	151	same-module:stmt	provisioningNiagara/extracted/rc/baja/AbstractTemplateFactory.js
prelude	provisioningNiagara	_toPropertyKey	92	same-module:stmt	provisioningNiagara/extracted/rc/baja/AbstractTemplateFactory.js
prelude	provisioningNiagara	_toPrimitive	274	same-module:uglify	provisioningNiagara/extracted/rc/baja/AbstractTemplateFactory.js
prelude	provisioningNiagara	_callSuper	184	same-module:stmt	provisioningNiagara/extracted/rc/baja/AbstractTemplateFactory.js
prelude	provisioningNiagara	_possibleConstructorReturn	228	same-module:stmt	provisioningNiagara/extracted/rc/baja/AbstractTemplateFactory.js
prelude	provisioningNiagara	_assertThisInitialized	144	same-module:stmt	provisioningNiagara/extracted/rc/baja/AbstractTemplateFactory.js
prelude	provisioningNiagara	_isNativeReflectConstruct	191	same-module:stmt	provisioningNiagara/extracted/rc/baja/AbstractTemplateFactory.js
prelude	provisioningNiagara	_getPrototypeOf	164	same-module:uglify	provisioningNiagara/extracted/rc/baja/AbstractTemplateFactory.js
prelude	provisioningNiagara	_inherits	301	same-module:stmt	provisioningNiagara/extracted/rc/baja/AbstractTemplateFactory.js
prelude	provisioningNiagara	_setPrototypeOf	148	same-module:uglify	provisioningNiagara/extracted/rc/baja/AbstractTemplateFactory.js
prelude	provisioningNiagara	_slicedToArray	137	same-module:stmt	provisioningNiagara/extracted/rc/baja/AbstractTemplateFactory.js
prelude	provisioningNiagara	_nonIterableRest	189	same-module:stmt	provisioningNiagara/extracted/rc/baja/AbstractTemplateFactory.js
prelude	provisioningNiagara	_unsupportedIterableToArray	330	same-module:stmt	provisioningNiagara/extracted/rc/baja/AbstractTemplateFactory.js
prelude	provisioningNiagara	_arrayLikeToArray	118	same-module:stmt	provisioningNiagara/extracted/rc/baja/AbstractTemplateFactory.js
prelude	provisioningNiagara	_iterableToArrayLimit	416	same-module:stmt	provisioningNiagara/extracted/rc/baja/AbstractTemplateFactory.js
prelude	provisioningNiagara	_arrayWithHoles	57	same-module:stmt	provisioningNiagara/extracted/rc/baja/AbstractTemplateFactory.js
prelude	rdb	_typeof	241	same-module:uglify	rdb/extracted/rc/fe/RdbmsColumnSelectionEditor.js
prelude	rdb	_superPropGet	151	same-module:stmt	rdb/extracted/rc/mgr/RdbmsHistoryImportUxManager.js
prelude	rdb	_get	260	same-module:uglify	rdb/extracted/rc/mgr/RdbmsHistoryImportUxManager.js
prelude	rdb	_superPropBase	105	same-module:stmt	rdb/extracted/rc/mgr/RdbmsHistoryImportUxManager.js
prelude	rdb	_classCallCheck	108	same-module:stmt	rdb/extracted/rc/fe/RdbmsColumnSelectionEditor.js
prelude	rdb	_defineProperties	198	same-module:stmt	rdb/extracted/rc/fe/RdbmsColumnSelectionEditor.js
prelude	rdb	_createClass	151	same-module:stmt	rdb/extracted/rc/fe/RdbmsColumnSelectionEditor.js
prelude	rdb	_toPropertyKey	92	same-module:stmt	rdb/extracted/rc/fe/RdbmsColumnSelectionEditor.js
prelude	rdb	_toPrimitive	274	same-module:uglify	rdb/extracted/rc/fe/RdbmsColumnSelectionEditor.js
prelude	rdb	_callSuper	184	same-module:stmt	rdb/extracted/rc/fe/RdbmsColumnSelectionEditor.js
prelude	rdb	_possibleConstructorReturn	228	same-module:stmt	rdb/extracted/rc/fe/RdbmsColumnSelectionEditor.js
prelude	rdb	_assertThisInitialized	144	same-module:stmt	rdb/extracted/rc/fe/RdbmsColumnSelectionEditor.js
prelude	rdb	_isNativeReflectConstruct	191	same-module:stmt	rdb/extracted/rc/fe/RdbmsColumnSelectionEditor.js
prelude	rdb	_getPrototypeOf	164	same-module:uglify	rdb/extracted/rc/fe/RdbmsColumnSelectionEditor.js
prelude	rdb	_inherits	301	same-module:stmt	rdb/extracted/rc/fe/RdbmsColumnSelectionEditor.js
prelude	rdb	_setPrototypeOf	148	same-module:uglify	rdb/extracted/rc/fe/RdbmsColumnSelectionEditor.js
prelude	rdb	_slicedToArray	137	same-module:stmt	rdb/extracted/rc/fe/RdbmsColumnSelectionEditor.js
prelude	rdb	_nonIterableRest	189	same-module:stmt	rdb/extracted/rc/fe/RdbmsColumnSelectionEditor.js
prelude	rdb	_unsupportedIterableToArray	330	same-module:stmt	rdb/extracted/rc/fe/RdbmsColumnSelectionEditor.js
prelude	rdb	_arrayLikeToArray	118	same-module:stmt	rdb/extracted/rc/fe/RdbmsColumnSelectionEditor.js
prelude	rdb	_iterableToArrayLimit	416	same-module:stmt	rdb/extracted/rc/fe/RdbmsColumnSelectionEditor.js
prelude	rdb	_arrayWithHoles	57	same-module:stmt	rdb/extracted/rc/fe/RdbmsColumnSelectionEditor.js
prelude	rdbMySQL	_typeof	241	same-module:uglify	rdbMySQL/extracted/rc/history/MySQLHistoryExportUxManager.js
prelude	rdbMySQL	_classCallCheck	108	same-module:stmt	rdbMySQL/extracted/rc/history/MySQLHistoryExportUxManager.js
prelude	rdbMySQL	_defineProperties	198	same-module:stmt	rdbMySQL/extracted/rc/history/MySQLHistoryExportUxManager.js
prelude	rdbMySQL	_createClass	151	same-module:stmt	rdbMySQL/extracted/rc/history/MySQLHistoryExportUxManager.js
prelude	rdbMySQL	_toPropertyKey	92	same-module:stmt	rdbMySQL/extracted/rc/history/MySQLHistoryExportUxManager.js
prelude	rdbMySQL	_toPrimitive	274	same-module:uglify	rdbMySQL/extracted/rc/history/MySQLHistoryExportUxManager.js
prelude	rdbMySQL	_callSuper	184	same-module:stmt	rdbMySQL/extracted/rc/history/MySQLHistoryExportUxManager.js
prelude	rdbMySQL	_possibleConstructorReturn	228	same-module:stmt	rdbMySQL/extracted/rc/history/MySQLHistoryExportUxManager.js
prelude	rdbMySQL	_assertThisInitialized	144	same-module:stmt	rdbMySQL/extracted/rc/history/MySQLHistoryExportUxManager.js
prelude	rdbMySQL	_isNativeReflectConstruct	191	same-module:stmt	rdbMySQL/extracted/rc/history/MySQLHistoryExportUxManager.js
prelude	rdbMySQL	_getPrototypeOf	164	same-module:uglify	rdbMySQL/extracted/rc/history/MySQLHistoryExportUxManager.js
prelude	rdbMySQL	_inherits	301	same-module:stmt	rdbMySQL/extracted/rc/history/MySQLHistoryExportUxManager.js
prelude	rdbMySQL	_setPrototypeOf	148	same-module:uglify	rdbMySQL/extracted/rc/history/MySQLHistoryExportUxManager.js
prelude	rdbMySQL	_slicedToArray	137	same-module:stmt	rdbMySQL/extracted/rc/history/MySQLHistoryExportUxManager.js
prelude	rdbMySQL	_nonIterableRest	189	same-module:stmt	rdbMySQL/extracted/rc/history/MySQLHistoryExportUxManager.js
prelude	rdbMySQL	_unsupportedIterableToArray	330	same-module:stmt	rdbMySQL/extracted/rc/history/MySQLHistoryExportUxManager.js
prelude	rdbMySQL	_arrayLikeToArray	118	same-module:stmt	rdbMySQL/extracted/rc/history/MySQLHistoryExportUxManager.js
prelude	rdbMySQL	_iterableToArrayLimit	416	same-module:stmt	rdbMySQL/extracted/rc/history/MySQLHistoryExportUxManager.js
prelude	rdbMySQL	_arrayWithHoles	57	same-module:stmt	rdbMySQL/extracted/rc/history/MySQLHistoryExportUxManager.js
prelude	rdbSqlServer	_typeof	241	same-module:uglify	rdbSqlServer/extracted/rc/history/SqlServerHistoryExportUxManager.js
prelude	rdbSqlServer	_classCallCheck	108	same-module:stmt	rdbSqlServer/extracted/rc/history/SqlServerHistoryExportUxManager.js
prelude	rdbSqlServer	_defineProperties	198	same-module:stmt	rdbSqlServer/extracted/rc/history/SqlServerHistoryExportUxManager.js
prelude	rdbSqlServer	_createClass	151	same-module:stmt	rdbSqlServer/extracted/rc/history/SqlServerHistoryExportUxManager.js
prelude	rdbSqlServer	_toPropertyKey	92	same-module:stmt	rdbSqlServer/extracted/rc/history/SqlServerHistoryExportUxManager.js
prelude	rdbSqlServer	_toPrimitive	274	same-module:uglify	rdbSqlServer/extracted/rc/history/SqlServerHistoryExportUxManager.js
prelude	rdbSqlServer	_callSuper	184	same-module:stmt	rdbSqlServer/extracted/rc/history/SqlServerHistoryExportUxManager.js
prelude	rdbSqlServer	_possibleConstructorReturn	228	same-module:stmt	rdbSqlServer/extracted/rc/history/SqlServerHistoryExportUxManager.js
prelude	rdbSqlServer	_assertThisInitialized	144	same-module:stmt	rdbSqlServer/extracted/rc/history/SqlServerHistoryExportUxManager.js
prelude	rdbSqlServer	_isNativeReflectConstruct	191	same-module:stmt	rdbSqlServer/extracted/rc/history/SqlServerHistoryExportUxManager.js
prelude	rdbSqlServer	_getPrototypeOf	164	same-module:uglify	rdbSqlServer/extracted/rc/history/SqlServerHistoryExportUxManager.js
prelude	rdbSqlServer	_inherits	301	same-module:stmt	rdbSqlServer/extracted/rc/history/SqlServerHistoryExportUxManager.js
prelude	rdbSqlServer	_setPrototypeOf	148	same-module:uglify	rdbSqlServer/extracted/rc/history/SqlServerHistoryExportUxManager.js
prelude	rdbSqlServer	_slicedToArray	137	same-module:stmt	rdbSqlServer/extracted/rc/history/SqlServerHistoryExportUxManager.js
prelude	rdbSqlServer	_nonIterableRest	189	same-module:stmt	rdbSqlServer/extracted/rc/history/SqlServerHistoryExportUxManager.js
prelude	rdbSqlServer	_unsupportedIterableToArray	330	same-module:stmt	rdbSqlServer/extracted/rc/history/SqlServerHistoryExportUxManager.js
prelude	rdbSqlServer	_arrayLikeToArray	118	same-module:stmt	rdbSqlServer/extracted/rc/history/SqlServerHistoryExportUxManager.js
prelude	rdbSqlServer	_iterableToArrayLimit	416	same-module:stmt	rdbSqlServer/extracted/rc/history/SqlServerHistoryExportUxManager.js
prelude	rdbSqlServer	_arrayWithHoles	57	same-module:stmt	rdbSqlServer/extracted/rc/history/SqlServerHistoryExportUxManager.js
prelude	report	_typeof	241	same-module:uglify	report/extracted/rc/baja/ExportSourceInfo.js
prelude	report	_superPropGet	151	same-module:stmt	report/extracted/rc/fe/ExportSourceInfoEditor.js
prelude	report	_get	260	same-module:uglify	report/extracted/rc/fe/ExportSourceInfoEditor.js
prelude	report	_superPropBase	105	same-module:stmt	report/extracted/rc/fe/ExportSourceInfoEditor.js
prelude	report	_slicedToArray	137	same-module:stmt	report/extracted/rc/fe/ExportSourceInfoEditor.js
prelude	report	_nonIterableRest	189	same-module:stmt	report/extracted/rc/fe/ExportSourceInfoEditor.js
prelude	report	_unsupportedIterableToArray	330	same-module:stmt	report/extracted/rc/fe/ExportSourceInfoEditor.js
prelude	report	_arrayLikeToArray	118	same-module:stmt	report/extracted/rc/fe/ExportSourceInfoEditor.js
prelude	report	_iterableToArrayLimit	416	same-module:stmt	report/extracted/rc/fe/ExportSourceInfoEditor.js
prelude	report	_arrayWithHoles	57	same-module:stmt	report/extracted/rc/fe/ExportSourceInfoEditor.js
prelude	report	_classCallCheck	108	same-module:stmt	report/extracted/rc/baja/ExportSourceInfo.js
prelude	report	_defineProperties	198	same-module:stmt	report/extracted/rc/baja/ExportSourceInfo.js
prelude	report	_createClass	151	same-module:stmt	report/extracted/rc/baja/ExportSourceInfo.js
prelude	report	_toPropertyKey	92	same-module:stmt	report/extracted/rc/baja/ExportSourceInfo.js
prelude	report	_toPrimitive	274	same-module:uglify	report/extracted/rc/baja/ExportSourceInfo.js
prelude	report	_callSuper	184	same-module:stmt	report/extracted/rc/baja/ExportSourceInfo.js
prelude	report	_possibleConstructorReturn	228	same-module:stmt	report/extracted/rc/baja/ExportSourceInfo.js
prelude	report	_assertThisInitialized	144	same-module:stmt	report/extracted/rc/baja/ExportSourceInfo.js
prelude	report	_isNativeReflectConstruct	191	same-module:stmt	report/extracted/rc/baja/ExportSourceInfo.js
prelude	report	_getPrototypeOf	164	same-module:uglify	report/extracted/rc/baja/ExportSourceInfo.js
prelude	report	_inherits	301	same-module:stmt	report/extracted/rc/baja/ExportSourceInfo.js
prelude	report	_setPrototypeOf	148	same-module:uglify	report/extracted/rc/baja/ExportSourceInfo.js
prelude	saml	_typeof	241	same-module:uglify	saml/extracted/rc/fe/CircleOfTrustEditor.js
prelude	saml	_superPropGet	151	same-module:stmt	saml/extracted/rc/fe/CircleOfTrustManager.js
prelude	saml	_get	260	same-module:uglify	saml/extracted/rc/fe/CircleOfTrustManager.js
prelude	saml	_superPropBase	105	same-module:stmt	saml/extracted/rc/fe/CircleOfTrustManager.js
prelude	saml	_classCallCheck	108	same-module:stmt	saml/extracted/rc/fe/CircleOfTrustEditor.js
prelude	saml	_defineProperties	198	same-module:stmt	saml/extracted/rc/fe/CircleOfTrustEditor.js
prelude	saml	_createClass	151	same-module:stmt	saml/extracted/rc/fe/CircleOfTrustEditor.js
prelude	saml	_toPropertyKey	92	same-module:stmt	saml/extracted/rc/fe/CircleOfTrustEditor.js
prelude	saml	_toPrimitive	274	same-module:uglify	saml/extracted/rc/fe/CircleOfTrustEditor.js
prelude	saml	_callSuper	184	same-module:stmt	saml/extracted/rc/fe/CircleOfTrustEditor.js
prelude	saml	_possibleConstructorReturn	228	same-module:stmt	saml/extracted/rc/fe/CircleOfTrustEditor.js
prelude	saml	_assertThisInitialized	144	same-module:stmt	saml/extracted/rc/fe/CircleOfTrustEditor.js
prelude	saml	_isNativeReflectConstruct	191	same-module:stmt	saml/extracted/rc/fe/CircleOfTrustEditor.js
prelude	saml	_getPrototypeOf	164	same-module:uglify	saml/extracted/rc/fe/CircleOfTrustEditor.js
prelude	saml	_inherits	301	same-module:stmt	saml/extracted/rc/fe/CircleOfTrustEditor.js
prelude	saml	_setPrototypeOf	148	same-module:uglify	saml/extracted/rc/fe/CircleOfTrustEditor.js
prelude	saml	_slicedToArray	137	same-module:stmt	saml/extracted/rc/fe/BooleanCheckboxEditor.js
prelude	saml	_nonIterableRest	189	same-module:stmt	saml/extracted/rc/fe/BooleanCheckboxEditor.js
prelude	saml	_unsupportedIterableToArray	330	same-module:stmt	saml/extracted/rc/fe/BooleanCheckboxEditor.js
prelude	saml	_arrayLikeToArray	118	same-module:stmt	saml/extracted/rc/fe/BooleanCheckboxEditor.js
prelude	saml	_iterableToArrayLimit	416	same-module:stmt	saml/extracted/rc/fe/BooleanCheckboxEditor.js
prelude	saml	_arrayWithHoles	57	same-module:stmt	saml/extracted/rc/fe/BooleanCheckboxEditor.js
prelude	schedule	_superPropGet	151	same-module:stmt	schedule/extracted/rc/baja/types/ControlSchedule.js
prelude	schedule	_get	260	same-module:uglify	schedule/extracted/rc/baja/types/ControlSchedule.js
prelude	schedule	_superPropBase	105	same-module:stmt	schedule/extracted/rc/baja/types/ControlSchedule.js
prelude	schedule	_defineProperties	198	same-module:stmt	schedule/extracted/rc/baja/types/BooleanScheduleSelector.js
prelude	schedule	_createClass	151	same-module:stmt	schedule/extracted/rc/baja/types/BooleanScheduleSelector.js
prelude	schedule	_toPropertyKey	92	same-module:stmt	schedule/extracted/rc/baja/types/BooleanScheduleSelector.js
prelude	schedule	_toPrimitive	274	same-module:uglify	schedule/extracted/rc/baja/types/BooleanScheduleSelector.js
prelude	schedule	_classCallCheck	108	same-module:stmt	schedule/extracted/rc/baja/types/BooleanScheduleSelector.js
prelude	schedule	_callSuper	184	same-module:stmt	schedule/extracted/rc/baja/types/BooleanScheduleSelector.js
prelude	schedule	_possibleConstructorReturn	228	same-module:stmt	schedule/extracted/rc/baja/types/BooleanScheduleSelector.js
prelude	schedule	_assertThisInitialized	144	same-module:stmt	schedule/extracted/rc/baja/types/BooleanScheduleSelector.js
prelude	schedule	_isNativeReflectConstruct	191	same-module:stmt	schedule/extracted/rc/baja/types/BooleanScheduleSelector.js
prelude	schedule	_getPrototypeOf	164	same-module:uglify	schedule/extracted/rc/baja/types/BooleanScheduleSelector.js
prelude	schedule	_inherits	301	same-module:stmt	schedule/extracted/rc/baja/types/BooleanScheduleSelector.js
prelude	schedule	_setPrototypeOf	148	same-module:uglify	schedule/extracted/rc/baja/types/BooleanScheduleSelector.js
prelude	schedule	_typeof	241	same-module:uglify	schedule/extracted/rc/baja/types/BooleanScheduleSelector.js
prelude	schedule	_slicedToArray	137	same-module:stmt	schedule/extracted/rc/baja/fe/ActiveDatesCalendar.js
prelude	schedule	_nonIterableRest	189	same-module:stmt	schedule/extracted/rc/baja/fe/ActiveDatesCalendar.js
prelude	schedule	_unsupportedIterableToArray	330	same-module:stmt	schedule/extracted/rc/baja/fe/ActiveDatesCalendar.js
prelude	schedule	_arrayLikeToArray	118	same-module:stmt	schedule/extracted/rc/baja/fe/ActiveDatesCalendar.js
prelude	schedule	_iterableToArrayLimit	416	same-module:stmt	schedule/extracted/rc/baja/fe/ActiveDatesCalendar.js
prelude	schedule	_arrayWithHoles	57	same-module:stmt	schedule/extracted/rc/baja/fe/ActiveDatesCalendar.js
prelude	search	_defineProperties	198	same-module:stmt	search/extracted/rc/SearchWidget.js
prelude	search	_createClass	151	same-module:stmt	search/extracted/rc/SearchWidget.js
prelude	search	_toPropertyKey	92	same-module:stmt	search/extracted/rc/SearchWidget.js
prelude	search	_toPrimitive	274	same-module:uglify	search/extracted/rc/SearchWidget.js
prelude	search	_classCallCheck	108	same-module:stmt	search/extracted/rc/SearchWidget.js
prelude	search	_callSuper	184	same-module:stmt	search/extracted/rc/SearchWidget.js
prelude	search	_possibleConstructorReturn	228	same-module:stmt	search/extracted/rc/SearchWidget.js
prelude	search	_assertThisInitialized	144	same-module:stmt	search/extracted/rc/SearchWidget.js
prelude	search	_isNativeReflectConstruct	191	same-module:stmt	search/extracted/rc/SearchWidget.js
prelude	search	_getPrototypeOf	164	same-module:uglify	search/extracted/rc/SearchWidget.js
prelude	search	_inherits	301	same-module:stmt	search/extracted/rc/SearchWidget.js
prelude	search	_setPrototypeOf	148	same-module:uglify	search/extracted/rc/SearchWidget.js
prelude	search	_typeof	241	same-module:uglify	search/extracted/rc/SearchWidget.js
prelude	search	_slicedToArray	137	same-module:stmt	search/extracted/rc/DefaultSearchResultsWidget.js
prelude	search	_nonIterableRest	189	same-module:stmt	search/extracted/rc/DefaultSearchResultsWidget.js
prelude	search	_unsupportedIterableToArray	330	same-module:stmt	search/extracted/rc/DefaultSearchResultsWidget.js
prelude	search	_arrayLikeToArray	118	same-module:stmt	search/extracted/rc/DefaultSearchResultsWidget.js
prelude	search	_iterableToArrayLimit	416	same-module:stmt	search/extracted/rc/DefaultSearchResultsWidget.js
prelude	search	_arrayWithHoles	57	same-module:stmt	search/extracted/rc/DefaultSearchResultsWidget.js
prelude	signingService	_typeof	241	same-module:uglify	signingService/extracted/rc/wb/mgr/SessionTokenManager.js
prelude	signingService	_classCallCheck	108	same-module:stmt	signingService/extracted/rc/wb/mgr/SessionTokenManager.js
prelude	signingService	_defineProperties	198	same-module:stmt	signingService/extracted/rc/wb/mgr/SessionTokenManager.js
prelude	signingService	_createClass	151	same-module:stmt	signingService/extracted/rc/wb/mgr/SessionTokenManager.js
prelude	signingService	_toPropertyKey	92	same-module:stmt	signingService/extracted/rc/wb/mgr/SessionTokenManager.js
prelude	signingService	_toPrimitive	274	same-module:uglify	signingService/extracted/rc/wb/mgr/SessionTokenManager.js
prelude	signingService	_callSuper	184	same-module:stmt	signingService/extracted/rc/wb/mgr/SessionTokenManager.js
prelude	signingService	_possibleConstructorReturn	228	same-module:stmt	signingService/extracted/rc/wb/mgr/SessionTokenManager.js
prelude	signingService	_assertThisInitialized	144	same-module:stmt	signingService/extracted/rc/wb/mgr/SessionTokenManager.js
prelude	signingService	_isNativeReflectConstruct	191	same-module:stmt	signingService/extracted/rc/wb/mgr/SessionTokenManager.js
prelude	signingService	_getPrototypeOf	164	same-module:uglify	signingService/extracted/rc/wb/mgr/SessionTokenManager.js
prelude	signingService	_inherits	301	same-module:stmt	signingService/extracted/rc/wb/mgr/SessionTokenManager.js
prelude	signingService	_setPrototypeOf	148	same-module:uglify	signingService/extracted/rc/wb/mgr/SessionTokenManager.js
prelude	signingService	_slicedToArray	137	same-module:stmt	signingService/extracted/rc/signingServiceUtil.js
prelude	signingService	_nonIterableRest	189	same-module:stmt	signingService/extracted/rc/signingServiceUtil.js
prelude	signingService	_unsupportedIterableToArray	330	same-module:stmt	signingService/extracted/rc/signingServiceUtil.js
prelude	signingService	_arrayLikeToArray	118	same-module:stmt	signingService/extracted/rc/signingServiceUtil.js
prelude	signingService	_iterableToArrayLimit	416	same-module:stmt	signingService/extracted/rc/signingServiceUtil.js
prelude	signingService	_arrayWithHoles	57	same-module:stmt	signingService/extracted/rc/signingServiceUtil.js
prelude	smartTableHx	Color	3866	same-module:stmt	smartTableHx/extracted/rc/color.js
prelude	smartTableHx	Join	3212	same-module:uglify	smartTableHx/extracted/rc/join.js
prelude	smartTableHx	Save	2955	UNPROVEN	near 0.868 smartTableHx/extracted/rc/save.js
prelude	smartTableHx	SmartTable	15915	UNPROVEN	near 0.985 smartTableHx/extracted/rc/smartTable.js
prelude	smartTableHx	Tab	566	same-module:stmt	smartTableHx/extracted/rc/tab.js
prelude	smartTableHx	color	20	same-module:stmt	smartTableHx/extracted/rc/color.js
prelude	smartTableHx	join	18	same-module:stmt	smartTableHx/extracted/rc/join.js
prelude	smartTableHx	save	18	same-module:stmt	smartTableHx/extracted/rc/save.js
prelude	smartTableHx	smartTable	30	same-module:stmt	smartTableHx/extracted/rc/smartTable.js
prelude	smartTableHx	tab	16	same-module:stmt	smartTableHx/extracted/rc/tab.js
prelude	tagdictionary	_typeof	241	same-module:uglify	tagdictionary/extracted/rc/RelationIdEditor.js
prelude	tagdictionary	_defineProperty	152	same-module:stmt	tagdictionary/extracted/rc/commands/TagManagerCommand.js
prelude	tagdictionary	_superPropGet	151	same-module:stmt	tagdictionary/extracted/rc/RelationIdEditor.js
prelude	tagdictionary	_get	260	same-module:uglify	tagdictionary/extracted/rc/RelationIdEditor.js
prelude	tagdictionary	_superPropBase	105	same-module:stmt	tagdictionary/extracted/rc/RelationIdEditor.js
prelude	tagdictionary	_slicedToArray	137	same-module:stmt	tagdictionary/extracted/rc/RelationIdEditor.js
prelude	tagdictionary	_nonIterableRest	189	same-module:stmt	tagdictionary/extracted/rc/RelationIdEditor.js
prelude	tagdictionary	_unsupportedIterableToArray	330	same-module:stmt	tagdictionary/extracted/rc/RelationIdEditor.js
prelude	tagdictionary	_arrayLikeToArray	118	same-module:stmt	tagdictionary/extracted/rc/RelationIdEditor.js
prelude	tagdictionary	_iterableToArrayLimit	416	same-module:stmt	tagdictionary/extracted/rc/RelationIdEditor.js
prelude	tagdictionary	_arrayWithHoles	57	same-module:stmt	tagdictionary/extracted/rc/RelationIdEditor.js
prelude	tagdictionary	_classCallCheck	108	same-module:stmt	tagdictionary/extracted/rc/RelationIdEditor.js
prelude	tagdictionary	_defineProperties	198	same-module:stmt	tagdictionary/extracted/rc/RelationIdEditor.js
prelude	tagdictionary	_createClass	151	same-module:stmt	tagdictionary/extracted/rc/RelationIdEditor.js
prelude	tagdictionary	_toPropertyKey	92	same-module:stmt	tagdictionary/extracted/rc/RelationIdEditor.js
prelude	tagdictionary	_toPrimitive	274	same-module:uglify	tagdictionary/extracted/rc/RelationIdEditor.js
prelude	tagdictionary	_callSuper	184	same-module:stmt	tagdictionary/extracted/rc/RelationIdEditor.js
prelude	tagdictionary	_possibleConstructorReturn	228	same-module:stmt	tagdictionary/extracted/rc/RelationIdEditor.js
prelude	tagdictionary	_assertThisInitialized	144	same-module:stmt	tagdictionary/extracted/rc/RelationIdEditor.js
prelude	tagdictionary	_isNativeReflectConstruct	191	same-module:stmt	tagdictionary/extracted/rc/RelationIdEditor.js
prelude	tagdictionary	_getPrototypeOf	164	same-module:uglify	tagdictionary/extracted/rc/RelationIdEditor.js
prelude	tagdictionary	_inherits	301	same-module:stmt	tagdictionary/extracted/rc/RelationIdEditor.js
prelude	tagdictionary	_setPrototypeOf	148	same-module:uglify	tagdictionary/extracted/rc/RelationIdEditor.js
prelude	totpAuth	_slicedToArray	137	same-module:stmt	totpAuth/extracted/rc/TotpSecretKeyEditor.js
prelude	totpAuth	_nonIterableRest	189	same-module:stmt	totpAuth/extracted/rc/TotpSecretKeyEditor.js
prelude	totpAuth	_unsupportedIterableToArray	330	same-module:stmt	totpAuth/extracted/rc/TotpSecretKeyEditor.js
prelude	totpAuth	_arrayLikeToArray	118	same-module:stmt	totpAuth/extracted/rc/TotpSecretKeyEditor.js
prelude	totpAuth	_iterableToArrayLimit	416	same-module:stmt	totpAuth/extracted/rc/TotpSecretKeyEditor.js
prelude	totpAuth	_arrayWithHoles	57	same-module:stmt	totpAuth/extracted/rc/TotpSecretKeyEditor.js
prelude	totpAuth	_typeof	241	other-module:uglify	alarm/extracted/rc/fe/AlarmTransitionBitsEditor.js
prelude	totpAuth	qrcode	19834	UNPROVEN	near 0.707 totpAuth/extracted/ext/qrcode-generator/qrcode.js
prelude	uxBuilder	_typeof	241	same-module:uglify	uxBuilder/extracted/rc/fe/ActionArgEditor.js
prelude	uxBuilder	_toArray	120	same-module:stmt	uxBuilder/extracted/rc/ux/UxBuilder.js
prelude	uxBuilder	_toConsumableArray	135	same-module:stmt	uxBuilder/extracted/rc/util/uxBuilderUtils.js
prelude	uxBuilder	_nonIterableSpread	186	same-module:stmt	uxBuilder/extracted/rc/util/uxBuilderUtils.js
prelude	uxBuilder	_iterableToArray	129	same-module:stmt	uxBuilder/extracted/rc/util/uxBuilderUtils.js
prelude	uxBuilder	_arrayWithoutHoles	79	same-module:stmt	uxBuilder/extracted/rc/util/uxBuilderUtils.js
prelude	uxBuilder	_defineProperty	152	same-module:stmt	uxBuilder/extracted/rc/fe/WidgetEventEditor.js
prelude	uxBuilder	_superPropGet	151	same-module:stmt	uxBuilder/extracted/rc/fe/BoundOrdReplaceEditor.js
prelude	uxBuilder	_get	260	same-module:uglify	uxBuilder/extracted/rc/fe/BoundOrdReplaceEditor.js
prelude	uxBuilder	_superPropBase	105	same-module:stmt	uxBuilder/extracted/rc/fe/BoundOrdReplaceEditor.js
prelude	uxBuilder	_classCallCheck	108	same-module:stmt	uxBuilder/extracted/rc/fe/ActionArgEditor.js
prelude	uxBuilder	_defineProperties	198	same-module:stmt	uxBuilder/extracted/rc/fe/ActionArgEditor.js
prelude	uxBuilder	_createClass	151	same-module:stmt	uxBuilder/extracted/rc/fe/ActionArgEditor.js
prelude	uxBuilder	_toPropertyKey	92	same-module:stmt	uxBuilder/extracted/rc/fe/ActionArgEditor.js
prelude	uxBuilder	_toPrimitive	274	same-module:uglify	uxBuilder/extracted/rc/fe/ActionArgEditor.js
prelude	uxBuilder	_callSuper	184	same-module:stmt	uxBuilder/extracted/rc/fe/ActionArgEditor.js
prelude	uxBuilder	_possibleConstructorReturn	228	same-module:stmt	uxBuilder/extracted/rc/fe/ActionArgEditor.js
prelude	uxBuilder	_assertThisInitialized	144	same-module:stmt	uxBuilder/extracted/rc/fe/ActionArgEditor.js
prelude	uxBuilder	_isNativeReflectConstruct	191	same-module:stmt	uxBuilder/extracted/rc/fe/ActionArgEditor.js
prelude	uxBuilder	_getPrototypeOf	164	same-module:uglify	uxBuilder/extracted/rc/fe/ActionArgEditor.js
prelude	uxBuilder	_inherits	301	same-module:stmt	uxBuilder/extracted/rc/fe/ActionArgEditor.js
prelude	uxBuilder	_setPrototypeOf	148	same-module:uglify	uxBuilder/extracted/rc/fe/ActionArgEditor.js
prelude	uxBuilder	_slicedToArray	137	same-module:stmt	uxBuilder/extracted/rc/fe/ActionArgEditor.js
prelude	uxBuilder	_nonIterableRest	189	same-module:stmt	uxBuilder/extracted/rc/fe/ActionArgEditor.js
prelude	uxBuilder	_unsupportedIterableToArray	330	same-module:stmt	uxBuilder/extracted/rc/fe/ActionArgEditor.js
prelude	uxBuilder	_arrayLikeToArray	118	same-module:stmt	uxBuilder/extracted/rc/fe/ActionArgEditor.js
prelude	uxBuilder	_iterableToArrayLimit	416	same-module:stmt	uxBuilder/extracted/rc/fe/ActionArgEditor.js
prelude	uxBuilder	_arrayWithHoles	57	same-module:stmt	uxBuilder/extracted/rc/fe/ActionArgEditor.js
prelude	videoDriver	_typeof	241	same-module:uglify	videoDriver/extracted/rc/baja/binding/VideoBinding.js
prelude	videoDriver	_toConsumableArray	135	same-module:stmt	videoDriver/extracted/rc/fe/surveillance/SurveillanceViewerGrid.js
prelude	videoDriver	_nonIterableSpread	186	same-module:stmt	videoDriver/extracted/rc/fe/surveillance/SurveillanceViewerGrid.js
prelude	videoDriver	_iterableToArray	129	same-module:stmt	videoDriver/extracted/rc/fe/surveillance/SurveillanceViewerGrid.js
prelude	videoDriver	_arrayWithoutHoles	79	same-module:stmt	videoDriver/extracted/rc/fe/surveillance/SurveillanceViewerGrid.js
prelude	videoDriver	_defineProperty	152	same-module:stmt	videoDriver/extracted/rc/fe/playback/WebVideoPlayback.js
prelude	videoDriver	_superPropGet	151	same-module:stmt	videoDriver/extracted/rc/fe/binding/UxHoldDownButtonBinding.js
prelude	videoDriver	_get	260	same-module:uglify	videoDriver/extracted/rc/fe/binding/UxHoldDownButtonBinding.js
prelude	videoDriver	_superPropBase	105	same-module:stmt	videoDriver/extracted/rc/fe/binding/UxHoldDownButtonBinding.js
prelude	videoDriver	_defineProperties	198	same-module:stmt	videoDriver/extracted/rc/baja/binding/VideoBinding.js
prelude	videoDriver	_createClass	151	same-module:stmt	videoDriver/extracted/rc/baja/binding/VideoBinding.js
prelude	videoDriver	_toPropertyKey	92	same-module:stmt	videoDriver/extracted/rc/baja/binding/VideoBinding.js
prelude	videoDriver	_toPrimitive	274	same-module:uglify	videoDriver/extracted/rc/baja/binding/VideoBinding.js
prelude	videoDriver	_classCallCheck	108	same-module:stmt	videoDriver/extracted/rc/baja/binding/VideoBinding.js
prelude	videoDriver	_callSuper	184	same-module:stmt	videoDriver/extracted/rc/baja/binding/VideoBinding.js
prelude	videoDriver	_possibleConstructorReturn	228	same-module:stmt	videoDriver/extracted/rc/baja/binding/VideoBinding.js
prelude	videoDriver	_assertThisInitialized	144	same-module:stmt	videoDriver/extracted/rc/baja/binding/VideoBinding.js
prelude	videoDriver	_isNativeReflectConstruct	191	same-module:stmt	videoDriver/extracted/rc/baja/binding/VideoBinding.js
prelude	videoDriver	_getPrototypeOf	164	same-module:uglify	videoDriver/extracted/rc/baja/binding/VideoBinding.js
prelude	videoDriver	_inherits	301	same-module:stmt	videoDriver/extracted/rc/baja/binding/VideoBinding.js
prelude	videoDriver	_setPrototypeOf	148	same-module:uglify	videoDriver/extracted/rc/baja/binding/VideoBinding.js
prelude	videoDriver	_slicedToArray	137	same-module:stmt	videoDriver/extracted/rc/alarm/VideoCameraChooser.js
prelude	videoDriver	_nonIterableRest	189	same-module:stmt	videoDriver/extracted/rc/alarm/VideoCameraChooser.js
prelude	videoDriver	_unsupportedIterableToArray	330	same-module:stmt	videoDriver/extracted/rc/alarm/VideoCameraChooser.js
prelude	videoDriver	_arrayLikeToArray	118	same-module:stmt	videoDriver/extracted/rc/alarm/VideoCameraChooser.js
prelude	videoDriver	_iterableToArrayLimit	416	same-module:stmt	videoDriver/extracted/rc/alarm/VideoCameraChooser.js
prelude	videoDriver	_arrayWithHoles	57	same-module:stmt	videoDriver/extracted/rc/alarm/VideoCameraChooser.js
prelude	weather	_typeof	241	same-module:uglify	weather/extracted/rc/baja/WeatherReport.js
prelude	weather	_classCallCheck	108	same-module:stmt	weather/extracted/rc/baja/WeatherReport.js
prelude	weather	_defineProperties	198	same-module:stmt	weather/extracted/rc/baja/WeatherReport.js
prelude	weather	_createClass	151	same-module:stmt	weather/extracted/rc/baja/WeatherReport.js
prelude	weather	_toPropertyKey	92	same-module:stmt	weather/extracted/rc/baja/WeatherReport.js
prelude	weather	_toPrimitive	274	same-module:uglify	weather/extracted/rc/baja/WeatherReport.js
prelude	weather	_callSuper	184	same-module:stmt	weather/extracted/rc/baja/WeatherReport.js
prelude	weather	_possibleConstructorReturn	228	same-module:stmt	weather/extracted/rc/baja/WeatherReport.js
prelude	weather	_assertThisInitialized	144	same-module:stmt	weather/extracted/rc/baja/WeatherReport.js
prelude	weather	_isNativeReflectConstruct	191	same-module:stmt	weather/extracted/rc/baja/WeatherReport.js
prelude	weather	_superPropGet	151	same-module:stmt	weather/extracted/rc/baja/WeatherReport.js
prelude	weather	_get	260	same-module:uglify	weather/extracted/rc/baja/WeatherReport.js
prelude	weather	_superPropBase	105	same-module:stmt	weather/extracted/rc/baja/WeatherReport.js
prelude	weather	_getPrototypeOf	164	same-module:uglify	weather/extracted/rc/baja/WeatherReport.js
prelude	weather	_inherits	301	same-module:stmt	weather/extracted/rc/baja/WeatherReport.js
prelude	weather	_setPrototypeOf	148	same-module:uglify	weather/extracted/rc/baja/WeatherReport.js
prelude	weather	_slicedToArray	137	same-module:stmt	weather/extracted/rc/baja/WeatherReport.js
prelude	weather	_nonIterableRest	189	same-module:stmt	weather/extracted/rc/baja/WeatherReport.js
prelude	weather	_unsupportedIterableToArray	330	same-module:stmt	weather/extracted/rc/baja/WeatherReport.js
prelude	weather	_arrayLikeToArray	118	same-module:stmt	weather/extracted/rc/baja/WeatherReport.js
prelude	weather	_iterableToArrayLimit	416	same-module:stmt	weather/extracted/rc/baja/WeatherReport.js
prelude	weather	_arrayWithHoles	57	same-module:stmt	weather/extracted/rc/baja/WeatherReport.js
prelude	webChart	_typeof	241	same-module:uglify	webChart/extracted/rc/line/XAxisLayer.js
prelude	webChart	_slicedToArray	137	same-module:stmt	webChart/extracted/rc/ChartWidget.js
prelude	webChart	_nonIterableRest	189	same-module:stmt	webChart/extracted/rc/ChartWidget.js
prelude	webChart	_unsupportedIterableToArray	330	same-module:stmt	webChart/extracted/rc/ChartWidget.js
prelude	webChart	_arrayLikeToArray	118	same-module:stmt	webChart/extracted/rc/ChartWidget.js
prelude	webChart	_iterableToArrayLimit	416	same-module:stmt	webChart/extracted/rc/ChartWidget.js
prelude	webChart	_arrayWithHoles	57	same-module:stmt	webChart/extracted/rc/ChartWidget.js
prelude	webEditors	_construct	208	same-module:stmt	webEditors/extracted/rc/wb/tree/BajaNavTreeNode.js
prelude	webEditors	_createForOfIteratorHelper	693	same-module:stmt	webEditors/extracted/rc/wb/commands/RelateCommand.js
prelude	webEditors	_toConsumableArray	135	same-module:stmt	webEditors/extracted/rc/fe/baja/EnumEditor.js
prelude	webEditors	_nonIterableSpread	186	same-module:stmt	webEditors/extracted/rc/fe/baja/EnumEditor.js
prelude	webEditors	_iterableToArray	129	same-module:stmt	webEditors/extracted/rc/fe/baja/EnumEditor.js
prelude	webEditors	_arrayWithoutHoles	79	same-module:stmt	webEditors/extracted/rc/fe/baja/EnumEditor.js
prelude	webEditors	_defineProperty	152	same-module:stmt	webEditors/extracted/rc/fe/ValueWithCheckbox.js
prelude	webEditors	_typeof	241	same-module:uglify	webEditors/extracted/rc/baja/WebProfileConfig.js
prelude	webEditors	_classCallCheck	108	same-module:stmt	webEditors/extracted/rc/baja/WebProfileConfig.js
prelude	webEditors	_defineProperties	198	same-module:stmt	webEditors/extracted/rc/baja/WebProfileConfig.js
prelude	webEditors	_createClass	151	same-module:stmt	webEditors/extracted/rc/baja/WebProfileConfig.js
prelude	webEditors	_toPropertyKey	92	same-module:stmt	webEditors/extracted/rc/baja/WebProfileConfig.js
prelude	webEditors	_toPrimitive	274	same-module:uglify	webEditors/extracted/rc/baja/WebProfileConfig.js
prelude	webEditors	_callSuper	184	same-module:stmt	webEditors/extracted/rc/baja/WebProfileConfig.js
prelude	webEditors	_possibleConstructorReturn	228	same-module:stmt	webEditors/extracted/rc/baja/WebProfileConfig.js
prelude	webEditors	_assertThisInitialized	144	same-module:stmt	webEditors/extracted/rc/baja/WebProfileConfig.js
prelude	webEditors	_isNativeReflectConstruct	191	same-module:stmt	webEditors/extracted/rc/baja/WebProfileConfig.js
prelude	webEditors	_superPropGet	151	same-module:stmt	webEditors/extracted/rc/baja/WebProfileConfig.js
prelude	webEditors	_get	260	same-module:uglify	webEditors/extracted/rc/baja/WebProfileConfig.js
prelude	webEditors	_superPropBase	105	same-module:stmt	webEditors/extracted/rc/baja/WebProfileConfig.js
prelude	webEditors	_getPrototypeOf	164	same-module:uglify	webEditors/extracted/rc/baja/WebProfileConfig.js
prelude	webEditors	_inherits	301	same-module:stmt	webEditors/extracted/rc/baja/WebProfileConfig.js
prelude	webEditors	_setPrototypeOf	148	same-module:uglify	webEditors/extracted/rc/baja/WebProfileConfig.js
prelude	webEditors	_slicedToArray	137	same-module:stmt	webEditors/extracted/rc/fe/JSONPropertySheet.js
prelude	webEditors	_nonIterableRest	189	same-module:stmt	webEditors/extracted/rc/fe/JSONPropertySheet.js
prelude	webEditors	_unsupportedIterableToArray	330	same-module:stmt	webEditors/extracted/rc/fe/JSONPropertySheet.js
prelude	webEditors	_arrayLikeToArray	118	same-module:stmt	webEditors/extracted/rc/fe/JSONPropertySheet.js
prelude	webEditors	_iterableToArrayLimit	416	same-module:stmt	webEditors/extracted/rc/fe/JSONPropertySheet.js
prelude	webEditors	_arrayWithHoles	57	same-module:stmt	webEditors/extracted/rc/fe/JSONPropertySheet.js
prelude	wiresheet	_typeof	241	same-module:uglify	wiresheet/extracted/rc/pe/WsTextBlockPE.js
prelude	wiresheet	_defineProperty	152	same-module:stmt	wiresheet/extracted/rc/wb/WbViewModel.js
prelude	wiresheet	_createForOfIteratorHelper	693	same-module:stmt	wiresheet/extracted/rc/wb/baja/BajaContextMenu.js
prelude	wiresheet	_superPropGet	151	same-module:stmt	wiresheet/extracted/rc/wb/pin/PinSlotsPad.js
prelude	wiresheet	_get	260	same-module:uglify	wiresheet/extracted/rc/wb/pin/PinSlotsPad.js
prelude	wiresheet	_superPropBase	105	same-module:stmt	wiresheet/extracted/rc/wb/pin/PinSlotsPad.js
prelude	wiresheet	_toConsumableArray	135	same-module:stmt	wiresheet/extracted/rc/wb/baja/BajaContextMenu.js
prelude	wiresheet	_nonIterableSpread	186	same-module:stmt	wiresheet/extracted/rc/wb/baja/BajaContextMenu.js
prelude	wiresheet	_iterableToArray	129	same-module:stmt	wiresheet/extracted/rc/wb/baja/BajaContextMenu.js
prelude	wiresheet	_arrayWithoutHoles	79	same-module:stmt	wiresheet/extracted/rc/wb/baja/BajaContextMenu.js
prelude	wiresheet	_defineProperties	198	same-module:stmt	wiresheet/extracted/rc/pe/WsTextBlockPE.js
prelude	wiresheet	_createClass	151	same-module:stmt	wiresheet/extracted/rc/pe/WsTextBlockPE.js
prelude	wiresheet	_toPropertyKey	92	same-module:stmt	wiresheet/extracted/rc/pe/WsTextBlockPE.js
prelude	wiresheet	_toPrimitive	274	same-module:uglify	wiresheet/extracted/rc/pe/WsTextBlockPE.js
prelude	wiresheet	_classCallCheck	108	same-module:stmt	wiresheet/extracted/rc/pe/WsTextBlockPE.js
prelude	wiresheet	_callSuper	184	same-module:stmt	wiresheet/extracted/rc/pe/WsTextBlockPE.js
prelude	wiresheet	_possibleConstructorReturn	228	same-module:stmt	wiresheet/extracted/rc/pe/WsTextBlockPE.js
prelude	wiresheet	_assertThisInitialized	144	same-module:stmt	wiresheet/extracted/rc/pe/WsTextBlockPE.js
prelude	wiresheet	_isNativeReflectConstruct	191	same-module:stmt	wiresheet/extracted/rc/pe/WsTextBlockPE.js
prelude	wiresheet	_getPrototypeOf	164	same-module:uglify	wiresheet/extracted/rc/pe/WsTextBlockPE.js
prelude	wiresheet	_inherits	301	same-module:stmt	wiresheet/extracted/rc/pe/WsTextBlockPE.js
prelude	wiresheet	_setPrototypeOf	148	same-module:uglify	wiresheet/extracted/rc/pe/WsTextBlockPE.js
prelude	wiresheet	_slicedToArray	137	same-module:stmt	wiresheet/extracted/rc/core/ViewModel.js
prelude	wiresheet	_nonIterableRest	189	same-module:stmt	wiresheet/extracted/rc/core/ViewModel.js
prelude	wiresheet	_unsupportedIterableToArray	330	same-module:stmt	wiresheet/extracted/rc/core/ViewModel.js
prelude	wiresheet	_arrayLikeToArray	118	same-module:stmt	wiresheet/extracted/rc/core/ViewModel.js
prelude	wiresheet	_iterableToArrayLimit	416	same-module:stmt	wiresheet/extracted/rc/core/ViewModel.js
prelude	wiresheet	_arrayWithHoles	57	same-module:stmt	wiresheet/extracted/rc/core/ViewModel.js
prelude	xprotect	_typeof	241	same-module:uglify	xprotect/extracted/rc/xprotect/XProtectCamera.js
prelude	xprotect	_callSuper	184	same-module:stmt	xprotect/extracted/rc/xprotect/XProtectVideoStream.js
prelude	xprotect	_possibleConstructorReturn	228	same-module:stmt	xprotect/extracted/rc/xprotect/XProtectVideoStream.js
prelude	xprotect	_assertThisInitialized	144	same-module:stmt	xprotect/extracted/rc/xprotect/XProtectVideoStream.js
prelude	xprotect	_isNativeReflectConstruct	191	same-module:stmt	xprotect/extracted/rc/xprotect/XProtectVideoStream.js
prelude	xprotect	_getPrototypeOf	164	same-module:uglify	xprotect/extracted/rc/xprotect/XProtectVideoStream.js
prelude	xprotect	_inherits	301	same-module:stmt	xprotect/extracted/rc/xprotect/XProtectVideoStream.js
prelude	xprotect	_setPrototypeOf	148	same-module:uglify	xprotect/extracted/rc/xprotect/XProtectVideoStream.js
prelude	xprotect	_slicedToArray	137	same-module:stmt	xprotect/extracted/rc/xprotect/XProtectVideoStream.js
prelude	xprotect	_nonIterableRest	189	same-module:stmt	xprotect/extracted/rc/xprotect/XProtectVideoStream.js
prelude	xprotect	_unsupportedIterableToArray	330	same-module:stmt	xprotect/extracted/rc/xprotect/XProtectVideoStream.js
prelude	xprotect	_arrayLikeToArray	118	same-module:stmt	xprotect/extracted/rc/xprotect/XProtectVideoStream.js
prelude	xprotect	_iterableToArrayLimit	416	same-module:stmt	xprotect/extracted/rc/xprotect/XProtectVideoStream.js
prelude	xprotect	_arrayWithHoles	57	same-module:stmt	xprotect/extracted/rc/xprotect/XProtectVideoStream.js
prelude	xprotect	_classCallCheck	108	same-module:stmt	xprotect/extracted/rc/xprotect/XProtectCamera.js
prelude	xprotect	_defineProperties	198	same-module:stmt	xprotect/extracted/rc/xprotect/XProtectCamera.js
prelude	xprotect	_createClass	151	same-module:stmt	xprotect/extracted/rc/xprotect/XProtectCamera.js
prelude	xprotect	_toPropertyKey	92	same-module:stmt	xprotect/extracted/rc/xprotect/XProtectCamera.js
prelude	xprotect	_toPrimitive	274	same-module:uglify	xprotect/extracted/rc/xprotect/XProtectCamera.js
other	analytics	require.config({shim:{"nmodule/analytics/ext/billboard/billb	86	stmt:analytics/extracted/rc/chart/types/AnalyticC3TypeChart.js	
other	cloudLink	if(define("hbs!nmodule/cloudLink/rc/util/PassphraseDialogTem	843	UNPROVEN	
other	cloudLink	"location"in window||(window.location={href:"not-browser"})	59	UNPROVEN	
other	docDeveloper	!function(e,t){"object"==("undefined"==typeof exports?"undef	2897029	UNPROVEN	raw 128-byte chunks found 12178/22633 in docDeveloper/extracted/ext/@babel/standalone/babel.min.js
other	js	function(e,n){"use strict";"function"==typeof define&&define	1410	UNPROVEN	raw 128-byte chunks found 0/11 in None
other	jsonToolkit	requirejs.config({paths:{"ace/requirejs":"/module/js/com/tri	183	stmt:jsonToolkit/extracted/rc/fe/JsonOutputEditor.js	
other	maxpro	!function(e,t){"object"===("undefined"==typeof exports?"unde	564111	UNPROVEN	raw 128-byte chunks found 1271/4407 in maxpro/extracted/ext/std-video-player/dependency/video-js.min.js
other	maxpro	function(e,t){"object"===("undefined"==typeof exports?"undef	10340	UNPROVEN	raw 128-byte chunks found 0/80 in None
other	maxpro	function(e,t){"object"===("undefined"==typeof exports?"undef	2380	UNPROVEN	raw 128-byte chunks found 0/18 in None
other	totpAuth	qrcode.stringToBytesFuncs["UTF-8"]=function(e){return functi	342	uglify:totpAuth/extracted/ext/qrcode-generator/qrcode.js	
other	totpAuth	function(e){"function"==typeof define&&define.amd?define("nm	229	UNPROVEN	
other	totpAuth	function(e,t){"object"==("undefined"==typeof exports?"undefi	282994	UNPROVEN	raw 128-byte chunks found 205/2210 in totpAuth/extracted/ext/forge/forge.min.js
other	webEditors	require.config({shim:{"nmodule/js/rc/jquery/contextMenu/jque	168	stmt:webEditors/extracted/rc/wb/menu/CommandGroupContextMenu.js	
other	workbench	(function(){"use strict";var v,r=[],x=-1,D=0;function i(e,t)	1861	UNPROVEN	raw 128-byte chunks found 0/14 in None
